Player,Yrs,G,PTS,TRB,AST,STL,BLK,FG%,3P%,FT%,Date,City,State
Michael Ansley,3,149,1026,621,67,51,24,0.513,,0.722,"Feb 8, 1967",Birmingham,Alabama
Keith Askins,9,486,1852,1428,375,278,170,0.401,0.355,0.717,"Dec 15, 1967",Athens,Alabama
Carl Bailey,1,1,2,0,0,0,0,1,,,"Apr 23, 1958",Birmingham,Alabama
Charles Barkley*,16,1073,23757,12546,4215,1648,888,0.541,0.266,0.735,"Feb 20, 1963",Leeds,Alabama
Eric Bledsoe,7,380,4650,1411,1654,535,184,0.447,0.33,0.786,"Dec 09, 1989",Birmingham,Alabama
Tom Boswell,6,366,2821,1709,591,142,111,0.533,0.545,0.724,"Oct 2, 1953",Montgomery,Alabama
David Bustion,1,47,158,101,21,,,0.436,,0.712,"Aug 30, 1949",Gadsden,Alabama
Jason Caffey,8,462,3368,2022,420,209,110,0.481,0,0.637,"Jun 12, 1973",Mobile,Alabama
DeMarre Carroll,8,364,2915,1370,418,368,88,0.451,0.368,0.719,"Jul 27, 1986",Birmingham,Alabama
Bobby Cattage,2,78,242,107,11,13,0,0.404,0.143,0.765,"Aug 17, 1958",Huntsville,Alabama
Derrick Coleman,15,781,12884,7232,1985,606,1051,0.447,0.295,0.769,"Jun 21, 1967",Mobile,Alabama
DeMarcus Cousins,7,441,9101,4751,1224,616,521,0.46,0.311,0.73,"Aug 13, 1990",Mobile,Alabama
Michael Curry,11,667,2986,1045,804,333,66,0.447,0.298,0.825,"Aug 22, 1968",Anniston,Alabama
Fennis Dembo,1,31,36,23,5,1,0,0.333,0,0.8,"Jan 24, 1966",Mobile,Alabama
John Douglas,2,67,452,91,147,48,9,0.461,0.311,0.663,"Jun 12, 1956",Town Creek,Alabama
Leon Douglas,7,456,3587,2954,479,210,325,0.495,0,0.601,"Aug 26, 1954",Leighton,Alabama
John Drew,11,739,15291,5088,1224,1004,193,0.47,0.175,0.748,"Sep 30, 1954",Vredenburgh,Alabama
T.R. Dunn,14,993,5033,4371,1631,1316,252,0.457,0.05,0.725,"Feb 1, 1955",Birmingham,Alabama
Jim Farmer,5,136,715,186,111,42,4,0.428,0.282,0.73,"Sep 23, 1964",Dothan,Alabama
Rod Foster,3,207,1562,258,479,137,10,0.44,0.298,0.768,"Oct 10, 1960",Birmingham,Alabama
Mickell Gladness,1,26,56,58,5,4,20,0.424,,0.5,"Jul 26, 1986",Birmingham,Alabama
Orlando Graham,1,7,8,11,0,0,0,0.3,,0.5,"May 5, 1965",Montgomery,Alabama
Travis Grant,4,201,2767,819,211,106,51,0.524,0.333,0.811,"Jan 1, 1950",Clayton,Alabama
JaMychal Green,3,131,900,649,107,74,57,0.466,0.291,0.769,"Jun 21, 1990",Montgomery,Alabama
Lamar Green,6,411,2133,2550,310,49,68,0.43,,0.66,"Mar 22, 1947",Birmingham,Alabama
Darrin Hancock,3,133,467,169,89,56,10,0.53,0.333,0.579,"Nov 03, 1971",Birmingham,Alabama
James Hardy,4,249,1410,1312,315,178,235,0.481,0.333,0.7,"Dec 1, 1956",Knoxville,Alabama
Johnny High,4,274,1396,617,525,325,86,0.435,0.105,0.619,"Apr 25, 1957",Birmingham,Alabama
Cedrick Hordges,2,145,1099,853,169,59,38,0.475,0.188,0.639,"Jan 8, 1957",Montgomery,Alabama
Robert Horry,16,1107,7715,5269,2343,1158,1035,0.425,0.341,0.726,"Aug 25, 1970",Andalusia,Alabama
Elvin Ivory,1,20,88,66,9,,,0.437,0.25,0.647,"Jul 2, 1948",Birmingham,Alabama
Stanley Jackson,1,17,38,27,16,5,0,0.515,0.2,1,"Oct 10, 1970",Tuskegee,Alabama
Henry James,7,212,1292,318,87,48,18,0.414,0.378,0.81,"Jul 29, 1965",Centreville,Alabama
Buck Johnson,7,505,4617,1760,856,404,252,0.488,0.113,0.738,"Jan 3, 1964",Birmingham,Alabama
Ken Johnson,1,64,263,243,19,13,22,0.528,,0.435,"Nov 7, 1962",Tuskegee,Alabama
Nate Johnston,1,21,46,23,1,3,8,0.375,0.25,0.692,"Dec 18, 1966",Birmingham,Alabama
Edgar Jones,6,363,3257,1745,331,220,455,0.506,0.262,0.71,"Jun 17, 1956",Fort Rucker,Alabama
Walter Jordan,1,30,68,42,11,11,5,0.387,,0.588,"Feb 19, 1956",Perry,Alabama
Larry Kenon,10,752,12954,6701,1672,952,247,0.487,0.143,0.784,"Dec 13, 1952",Birmingham,Alabama
Warren Kidd,1,68,247,233,19,19,23,0.592,,0.547,"Sep 09, 1970",Harpersville,Alabama
Stan Kimbrough,2,13,21,7,6,5,0,0.409,0.5,1,"Apr 24, 1966",Tuscaloosa,Alabama
Reggie King,6,438,3898,2707,691,365,147,0.514,0,0.699,"Feb 14, 1957",Birmingham,Alabama
Antonio Lang,6,143,329,210,50,55,46,0.455,0,0.719,"May 15, 1972",Mobile,Alabama
James Lang,1,11,11,11,2,0,3,0.444,,0.6,"Oct 17, 1983",Mobile,Alabama
Jeff Malone,13,905,17231,2364,2154,577,100,0.484,0.268,0.871,"Jun 28, 1961",Mobile,Alabama
Keith McCord,1,2,4,2,1,0,0,0.5,,,"Jun 22, 1957",Birmingham,Alabama
K.J. McDaniels,3,115,636,263,84,56,84,0.403,0.289,0.763,"Feb 09, 1993",Mobile,Alabama
Thales McReynolds,1,5,3,6,1,,,0.083,,0.5,"Jun 8, 1943",Birmingham,Alabama
Joe Meriweather,10,670,5439,3764,603,311,810,0.511,0.333,0.687,"Oct 26, 1953",Phenix City,Alabama
Larry Moffett,1,20,16,21,7,2,2,0.294,,0.6,"Nov 5, 1954",Mobile,Alabama
Jamario Moon,5,286,1807,1227,291,229,236,0.461,0.329,0.803,"Jun 13, 1980",Goodwater,Alabama
Allen Murphy,2,31,118,51,13,10,8,0.37,0,0.682,"Jul 15, 1952",Birmingham,Alabama
Pete Myers,9,377,1804,671,807,263,76,0.421,0.219,0.668,"Sep 15, 1963",Mobile,Alabama
Wiley Peck,1,52,180,183,33,17,23,0.432,0,0.618,"Sep 15, 1957",Montgomery,Alabama
Chuck Person,13,943,13858,4763,2645,683,197,0.458,0.362,0.723,"Jun 27, 1964",Brantley,Alabama
Wesley Person,11,733,8192,2402,1234,579,230,0.457,0.418,0.778,"Mar 28, 1971",Crenshaw,Alabama
Eddie Phillips,1,48,152,77,29,14,8,0.406,0,0.678,"Sep 29, 1961",Birmingham,Alabama
Stan Pietkiewicz,3,96,376,93,174,41,6,0.458,0.333,0.806,"Jul 14, 1956",Huntsville,Alabama
Chris Porter,1,51,440,189,61,45,6,0.389,0,0.667,"May 09, 1978",Abbeville,Alabama
Cal Ramsey,2,13,103,73,12,,,0.383,,0.568,"Jul 13, 1937",Selma,Alabama
Theo Ratliff,16,810,5809,4596,465,393,1968,0.496,0,0.71,"Apr 17, 1973",Demopolis,Alabama
Oliver Robinson,1,35,101,17,21,4,2,0.361,0.091,0.667,"Mar 13, 1960",Birmingham,Alabama
Roy Rogers,3,137,652,483,57,26,209,0.483,0.5,0.532,"Aug 19, 1973",Linden,Alabama
Curtis Rowe,8,590,6873,4264,932,199,193,0.482,,0.701,"Jul 2, 1949",Bessemer,Alabama
Willie Scott,1,8,13,4,2,,,0.4,,0.167,"May 22, 1947",Gadsden,Alabama
Walter Sharpe,1,8,8,3,0,0,2,0.364,0,0,"Jul 18, 1986",Huntsville,Alabama
Johnny Simmons,1,60,318,,29,,,0.28,,0.614,"Jul 7, 1924",Birmingham,Alabama
Doug Sims,1,4,4,4,0,,,0.4,,,"Jun 29, 1943",Elba,Alabama
Bud Stallworth,5,313,2403,861,213,129,51,0.414,,0.686,"Jan 18, 1950",Hartselle,Alabama
Erick Strickland,9,501,3780,1317,1203,422,41,0.392,0.351,0.826,"Nov 25, 1973",Opelika,Alabama
Andrew Toney,8,468,7458,1009,1965,369,105,0.5,0.342,0.797,"Nov 23, 1957",Birmingham,Alabama
Ben Wallace,16,1088,6254,10482,1437,1369,2137,0.474,0.137,0.414,"Sep 10, 1974",White Hall,Alabama
Gerald Wallace,14,832,9933,4838,1725,1200,681,0.469,0.312,0.709,"Jul 23, 1982",Sylacauga,Alabama
Marcus Webb,1,9,39,10,2,1,2,0.52,0,0.619,"May 09, 1970",Montgomery,Alabama
Mario West,4,162,154,142,51,45,8,0.448,0.2,0.563,"Jun 19, 1984",Huntsville,Alabama
Ennis Whatley,10,385,2150,679,1754,383,44,0.468,0.097,0.755,"Aug 11, 1962",Birmingham,Alabama
D.J. White,6,138,810,437,80,39,57,0.507,0.333,0.72,"Aug 31, 1986",Tuscaloosa,Alabama
Rory White,5,324,2387,749,232,187,52,0.506,0.077,0.681,"Aug 16, 1959",Tuskegee,Alabama
D.C. Wilcutt,2,59,128,,80,,,0.339,,0.733,"Mar 25, 1923",Patton,Alabama
Duck Williams,1,77,506,106,183,100,11,0.447,0,0.7,"Aug 2, 1956",Demopolis,Alabama
Mario Chalmers,8,580,5236,1428,2215,871,89,0.421,0.358,0.786,"May 19, 1986",Anchorage,Alaska
Mark Alarie,5,325,2432,1120,363,132,109,0.475,0.252,0.775,"Dec 11, 1963",Phoenix,Arizona
Jerryd Bayless,9,513,4393,1093,1501,329,65,0.414,0.366,0.825,"Aug 20, 1988",Phoenix,Arizona
Steve Colter,8,526,3319,1051,1482,463,76,0.448,0.289,0.778,"Jul 24, 1962",Phoenix,Arizona
Bryce Cotton,2,23,88,18,18,7,0,0.418,0.304,0.833,"Aug 11, 1992",Tucson,Arizona
Ron Davis,3,78,417,139,53,43,11,0.42,0.25,0.571,"May 1, 1954",Phoenix,Arizona
Sean Elliott,12,742,10544,3204,1897,576,284,0.465,0.375,0.799,"Feb 2, 1968",Tucson,Arizona
Carrick Felix,1,7,19,6,4,0,0,0.5,0.4,0.75,"Aug 17, 1990",Las Vegas,Arizona
Nick Johnson,1,28,74,39,11,7,3,0.347,0.238,0.68,"Dec 22, 1992",Tempe,Arizona
Perry Moss,2,136,536,210,198,98,18,0.415,0.174,0.722,"Nov 11, 1958",Tucson,Arizona
Larry Owens,2,19,53,28,12,9,6,0.442,0.444,0.538,"Jan 08, 1983",Mesa,Arizona
Wayne See,1,61,320,,143,,,0.373,,0.696,"Nov 3, 1923",Clemenceau,Arizona
Bernard Thompson,5,204,1078,352,266,127,27,0.439,0,0.789,"Aug 30, 1962",Phoenix,Arizona
Alan Williams,2,21,72,83,6,9,12,0.509,,0.533,"Jan 28, 1993",Phoenix,Arizona
James Anderson,5,247,1422,560,291,121,55,0.411,0.321,0.755,"Mar 25, 1989",El Dorado,Arkansas
Jim Barnes,7,454,3997,2939,377,,,0.429,,0.684,"Apr 13, 1941",Tuckerman,Arkansas
Ron Brewer,8,501,5971,971,920,480,249,0.459,0.248,0.824,"Sep 16, 1955",Fort Smith,Arkansas
Marcus Brown,2,27,92,22,23,8,2,0.381,0.333,0.714,"Apr 03, 1974",West Memphis,Arkansas
Bob Burrow,2,81,459,357,47,,,0.365,,0.578,"Jun 29, 1934",Malvern,Arkansas
Michael Cage,15,1140,8278,8646,1057,1050,725,0.515,0,0.664,"Jan 28, 1962",West Memphis,Arkansas
Cory Carr,1,42,171,49,66,21,7,0.329,0.167,0.75,"Dec 05, 1975",Fordyce,Arkansas
Joe Barry Carroll,10,705,12455,5404,1264,687,1121,0.474,0,0.747,"Jul 24, 1958",Pine Bluff,Arkansas
Archie Clark,10,725,11819,2427,3498,231,15,0.48,,0.769,"Jul 15, 1941",Conway,Arkansas
Nat Clifton*,8,544,5444,4469,1367,,,0.361,,0.633,"Oct 13, 1922",Little Rock,Arkansas
Mike Conley,10,656,8983,1883,3685,990,129,0.44,0.376,0.81,"Oct 11, 1987",Fayetteville,Arkansas
John Dickson,1,21,36,33,3,,,0.359,,0.615,"Nov 18, 1945",Searcy,Arkansas
Jeremy Evans,6,249,877,640,107,90,121,0.568,0.231,0.687,"Oct 24, 1987",Crossett,Arkansas
Derek Fisher,18,1287,10713,2658,3804,1352,98,0.399,0.374,0.817,"Aug 09, 1974",Little Rock,Arkansas
Archie Goodwin,4,153,945,303,183,65,34,0.419,0.23,0.698,"Aug 17, 1994",Little Rock,Arkansas
Myron Jackson,1,8,11,3,6,1,0,0.222,,0.875,"May 6, 1964",Hamburg,Arkansas
Joe Johnson,16,1171,19563,4738,4828,1030,239,0.442,0.372,0.801,"Jun 29, 1981",Little Rock,Arkansas
Lee Johnson,1,12,17,22,1,0,5,0.28,,0.6,"Jun 16, 1957",Plummerville,Arkansas
Caldwell Jones,17,1299,10241,10685,1800,685,2297,0.474,0.123,0.756,"Aug 4, 1950",McGehee,Arkansas
Charles Jones,15,726,1826,3253,623,442,1134,0.48,0,0.618,"Apr 3, 1957",McGehee,Arkansas
Fred Jones,7,430,3206,958,990,336,115,0.411,0.353,0.809,"Mar 11, 1979",Malvern,Arkansas
Major Jones,6,374,1643,1323,215,133,169,0.49,0.111,0.586,"Jul 9, 1953",McGhee,Arkansas
Wil Jones,9,725,8482,5560,1446,469,329,0.459,0.143,0.733,"Feb 27, 1947",McGehee,Arkansas
Andrew Lang,12,737,4431,3511,424,332,1099,0.47,0.25,0.744,"Jun 28, 1966",Pine Bluff,Arkansas
Keith Lee,3,182,1114,861,178,74,110,0.451,0.167,0.746,"Dec 28, 1962",West Memphis,Arkansas
Fat Lever,11,752,10433,4523,4696,1666,209,0.447,0.31,0.771,"Aug 18, 1960",Pine Bluff,Arkansas
Quincy Lewis,4,159,567,210,96,59,36,0.397,0.333,0.71,"Jun 26, 1977",Little Rock,Arkansas
Brian Martin,1,8,6,4,0,0,1,0.429,,0,"Aug 18, 1962",Fort Smith,Arkansas
Jeff Martin,2,143,956,290,109,78,47,0.417,0.282,0.694,"Jan 14, 1967",Cherry Valley,Arkansas
Jim McElroy,7,418,4120,820,1462,384,126,0.468,0.206,0.764,"Oct 4, 1953",Cotton Plant,Arkansas
Eddie Miles,9,605,8120,1860,1225,,,0.44,,0.747,"Jul 5, 1940",North Little Rock,Arkansas
Sidney Moncrief,11,767,11931,3575,2793,924,228,0.502,0.284,0.831,"Sep 21, 1957",Little Rock,Arkansas
Gaylon Nickerson,1,4,15,5,1,1,1,0.333,0,1,"Feb 5, 1969",Osecola,Arkansas
Dennis Nutt,1,25,57,8,16,7,0,0.4,0.294,0.909,"Mar 25, 1963",Little Rock,Arkansas
Jimmy Oliver,5,78,331,80,55,27,3,0.407,0.34,0.772,"Jul 12, 1969",Menifee,Arkansas
Scottie Pippen*,17,1178,18940,7494,6135,2307,947,0.473,0.326,0.704,"Sep 25, 1965",Hamburg,Arkansas
Bobby Portis,2,83,525,409,67,27,26,0.433,0.333,0.686,"Feb 10, 1995",Little Rock,Arkansas
Bryant Reeves,6,395,4945,2745,623,200,302,0.475,0.074,0.703,"Jun 08, 1973",Fort Smith,Arkansas
Glen Rice,15,1000,18336,4387,2097,958,265,0.456,0.4,0.846,"May 28, 1967",Jacksonville,Arkansas
Jackie Ridgle,1,32,57,15,7,,,0.432,,0.731,"Feb 13, 1948",Altheimer,Arkansas
Jerry Rook,1,28,85,31,10,,,0.451,0,0.846,"Oct 27, 1943",Jonesboro,Arkansas
Paul Silas,16,1254,11782,12357,2572,358,138,0.432,,0.673,"Jul 12, 1943",Prescott,Arkansas
Jeff Taylor,2,56,179,82,113,42,16,0.412,0,0.696,"Jan 1, 1960",Blytheville,Arkansas
Jeff Webster,1,11,18,7,3,4,0,0.348,0.333,,"Feb 19, 1971",Pine Bluff,Arkansas
Sonny Weems,4,183,1189,402,257,84,28,0.465,0.283,0.702,"Jul 08, 1986",West Memphis,Arkansas
Corliss Williamson,12,822,9147,3183,972,462,261,0.49,0.136,0.714,"Dec 04, 1973",Russellville,Arkansas
Jasper Wilson,2,70,366,187,45,,,0.378,0.429,0.652,"Jul 12, 1947",Camden,Arkansas
Alex Acker,2,30.0,81.0,29.0,16.0,6.0,4.0,0.37,0.32,0.5,"Jan 21, 1983",Compton,California
Mark Acres,6.0,375.0,1343.0,1525.0,180.0,137.0,104.0,0.506,0.538,0.665,"Nov 15, 1962",Inglewood,California
Hassan Adams,2.0,73.0,185.0,84.0,14.0,18.0,5.0,0.534,0.0,0.643,"Jun 20, 1984",Inglewood,California
Rick Adelman,7.0,462.0,3579.0,1129.0,1606.0,106.0,9.0,0.415,,0.713,"Jun 16, 1946",Lynwood,California
Arron Afflalo,10.0,671.0,7671.0,2036.0,1301.0,323.0,127.0,0.451,0.383,0.823,"Oct 15, 1985",Los Angeles,California
Josh Akognon,1.0,3.0,5.0,1.0,1.0,0.0,0.0,0.5,0.5,,"Feb 10, 1986",Greenbrae,California
Ray Allen,18.0,1300.0,24505.0,5272.0,4361.0,1451.0,244.0,0.452,0.4,0.894,"Jul 20, 1975",Merced,California
Darrell Allums,1.0,22.0,59.0,65.0,25.0,5.0,8.0,0.343,0.0,0.591,"Sep 12, 1958",Los Angeles,California
Lou Amundson,10.0,428.0,1564.0,1541.0,190.0,152.0,306.0,0.474,0.0,0.444,"Dec 07, 1982",Ventura,California
Chris Andersen,15.0,695.0,3755.0,3493.0,337.0,312.0,991.0,0.532,0.221,0.654,"Jul 07, 1978",Long Beach,California
Richard Anderson,6.0,407.0,2260.0,1418.0,611.0,225.0,94.0,0.412,0.333,0.762,"Nov 19, 1960",San Pedro,California
Ryan Anderson,9.0,512.0,6715.0,2846.0,465.0,285.0,185.0,0.422,0.378,0.861,"May 06, 1988",Sacramento,California
Gilbert Arenas,11.0,552.0,11402.0,2168.0,2909.0,884.0,134.0,0.421,0.351,0.803,"Jan 06, 1982",Los Angeles,California
Brandon Armstrong,3.0,108.0,239.0,63.0,24.0,22.0,4.0,0.352,0.333,0.6,"Jun 16, 1980",San Francisco,California
Stacey Augmon,15.0,1001.0,7990.0,3216.0,1561.0,974.0,317.0,0.469,0.152,0.728,"Aug 1, 1968",Pasadena,California
Isaac Austin,9.0,432.0,3285.0,2030.0,538.0,214.0,226.0,0.446,0.176,0.67,"Aug 18, 1969",Gridley,California
Ken Austin,1.0,7.0,12.0,3.0,1.0,1.0,1.0,0.462,,,"Jul 15, 1961",Los Angeles,California
Dennis Awtrey,12.0,733.0,3516.0,3342.0,1467.0,186.0,182.0,0.459,,0.652,"Feb 22, 1948",Hollywood,California
Jeff Ayres,6.0,237.0,690.0,632.0,99.0,37.0,66.0,0.553,0.4,0.776,"Apr 29, 1987",Ontario,California
Toby Bailey,2.0,73.0,241.0,126.0,43.0,22.0,6.0,0.407,0.2,0.692,"Nov 19, 1975",Los Angeles,California
Player,Yrs,G,PTS,TRB,AST,STL,BLK,FG%,3P%,FT%,Date,City,California
Greg Ballard,11.0,802.0,9953.0,4858.0,1733.0,877.0,256.0,0.472,0.338,0.787,"Jan 29, 1955",Los Angeles,California
Don Barksdale*,4.0,262.0,2895.0,2088.0,549.0,,,0.37,,0.66,"Mar 31, 1923",Oakland,California
Matt Barnes,14.0,880.0,7239.0,4016.0,1559.0,686.0,428.0,0.438,0.334,0.741,"Mar 09, 1980",Santa Clara,California
Drew Barry,3.0,60.0,134.0,67.0,111.0,19.0,2.0,0.417,0.381,0.774,"Feb 17, 1973",Oakland,California
Jon Barry,14.0,821.0,4715.0,1513.0,1784.0,722.0,111.0,0.434,0.392,0.848,"Jul 25, 1969",Oakland,California
Mike Batiste,1.0,75.0,481.0,257.0,52.0,42.0,16.0,0.422,0.222,0.784,"Nov 21, 1977",Long Beach,California
Jerome Beasley,1.0,2.0,2.0,1.0,0.0,0.0,0.0,0.333,,,"May 17, 1980",Compton,California
Bob Bedell,4.0,269.0,2257.0,1386.0,320.0,,,0.423,0.19,0.774,"Jun 26, 1944",Los Angeles,California
Corey Benjamin,4.0,153.0,835.0,259.0,143.0,71.0,48.0,0.39,0.289,0.652,"Feb 24, 1978",Compton,California
John Block,10.0,597.0,7106.0,3965.0,805.0,111.0,67.0,0.433,,0.778,"Apr 16, 1944",Los Angeles,California
Corie Blount,11.0,644.0,2287.0,2690.0,460.0,328.0,266.0,0.471,0.115,0.587,"Jan 4, 1969",Monrovia,California
Etdrick Bohannon,4.0,26.0,37.0,44.0,6.0,2.0,10.0,0.429,,0.679,"May 29, 1973",San Bernardino,California
Bruce Bowen,13.0,873.0,5290.0,2428.0,1089.0,712.0,336.0,0.409,0.393,0.575,"Jun 14, 1971",Merced,California
Freddie Boyd,6.0,327.0,2784.0,533.0,986.0,184.0,29.0,0.414,,0.667,"Jun 13, 1950",Bakersfield,California
Cedric Bozeman,1.0,23.0,26.0,23.0,9.0,5.0,2.0,0.282,0.154,0.333,"Mar 07, 1983",Los Angeles,California
Craig Brackins,2.0,17.0,30.0,19.0,9.0,1.0,1.0,0.265,0.214,0.5,"Oct 09, 1987",Los Angeles,California
Torraye Braggs,2.0,22.0,46.0,51.0,7.0,4.0,2.0,0.475,,0.667,"May 15, 1976",Fresno,California
Mike Bratz,9.0,586.0,4081.0,1030.0,1851.0,548.0,59.0,0.407,0.305,0.83,"Oct 17, 1955",Lompoc,California
Scott Brooks,10.0,680.0,3317.0,685.0,1608.0,480.0,30.0,0.45,0.372,0.849,"Jul 31, 1965",French Camp,California
Anthony Brown,2.0,38.0,149.0,96.0,25.0,19.0,6.0,0.317,0.277,0.85,"Oct 10, 1992",Bellflower,California
Player,Yrs,G,PTS,TRB,AST,STL,BLK,FG%,3P%,FT%,Date,City,California
Bobby Brown,3.0,119.0,578.0,92.0,205.0,36.0,4.0,0.378,0.306,0.81,"Sep 24, 1984",Los Angeles,California
Derrick Brown,3.0,171.0,895.0,413.0,119.0,89.0,32.0,0.515,0.317,0.637,"Sep 08, 1987",Oakland,California
Gerald Brown,1.0,33.0,80.0,22.0,31.0,5.0,1.0,0.371,0.3,0.786,"Jul 28, 1975",Los Angeles,California
Jabari Brown,1.0,19.0,227.0,36.0,40.0,12.0,2.0,0.412,0.371,0.753,"Dec 18, 1992",Oakland,California
Lewis Brown,1.0,2.0,2.0,2.0,0.0,0.0,0.0,0.0,,0.4,"Feb 19, 1955",Los Angeles,California
Chase Budinger,7.0,407.0,3198.0,1240.0,473.0,213.0,65.0,0.43,0.352,0.797,"May 22, 1988",Encinitas,California
Jud Buechler,12.0,720.0,2385.0,1266.0,560.0,314.0,144.0,0.433,0.366,0.633,"Jun 19, 1968",San Diego,California
Greg Bunch,1.0,12.0,28.0,17.0,4.0,3.0,3.0,0.346,,0.833,"May 15, 1956",San Bernardino,California
Greg Butler,3.0,55.0,76.0,53.0,4.0,1.0,2.0,0.354,0.0,0.714,"Mar 11, 1966",Inglewood,California
Mitchell Butler,8.0,362.0,1868.0,717.0,342.0,214.0,53.0,0.438,0.304,0.623,"Dec 15, 1970",Los Angeles,California
Bill Calhoun,7.0,442.0,3440.0,1292.0,1036.0,,,0.341,,0.702,"Nov 4, 1927",San Francisco,California
Elden Campbell,15.0,1044.0,10805.0,6116.0,1199.0,702.0,1602.0,0.46,0.054,0.699,"Jul 23, 1968",Los Angeles,California
Al Carlson,1.0,28.0,72.0,73.0,13.0,7.0,11.0,0.342,,0.621,"Sep 17, 1951",Oceanside,California
Bill Cartwright,15.0,963.0,12713.0,6106.0,1390.0,460.0,668.0,0.525,0.0,0.771,"Jul 30, 1957",Lodi,California
Tyson Chandler,16.0,1006.0,8760.0,9373.0,851.0,570.0,1262.0,0.593,0.0,0.644,"Oct 02, 1982",Hanford,California
Phil Chenier,10.0,578.0,9931.0,2063.0,1742.0,682.0,238.0,0.444,0.4,0.806,"Oct 30, 1950",Berkeley,California
Will Cherry,1.0,8.0,15.0,5.0,8.0,6.0,1.0,0.263,0.222,0.5,"Feb 08, 1991",Oakland,California
Josh Childress,8.0,391.0,3548.0,1850.0,609.0,339.0,184.0,0.522,0.329,0.779,"Jun 20, 1983",Harbor City,California
Chris Childs,9.0,541.0,3710.0,1308.0,2633.0,490.0,54.0,0.403,0.344,0.816,"Nov 20, 1967",Bakersfield,California
Marquese Chriss,1.0,28.0,191.0,97.0,15.0,15.0,14.0,0.416,0.315,0.638,"Jul 02, 1997",Sacramento,California
Player,Yrs,G,PTS,TRB,AST,STL,BLK,FG%,3P%,FT%,Date,City,California
Patrick Christopher,1.0,4.0,6.0,6.0,0.0,1.0,0.0,0.25,0.0,,"Jun 03, 1988",Compton,California
Jarron Collins,10.0,542.0,2095.0,1579.0,419.0,138.0,98.0,0.455,0.0,0.699,"Dec 02, 1978",Northridge,California
Jason Collins,13.0,735.0,2621.0,2706.0,626.0,368.0,359.0,0.411,0.206,0.647,"Dec 02, 1978",Northridge,California
Darren Collison,8.0,514.0,6494.0,1362.0,2491.0,572.0,74.0,0.468,0.374,0.85,"Aug 23, 1987",Rancho Cucamonga,California
Anthony Cook,4.0,116.0,418.0,428.0,34.0,43.0,91.0,0.439,0.0,0.524,"Mar 19, 1967",Los Angeles,California
Darwin Cook,8.0,612.0,5820.0,1308.0,2248.0,1044.0,203.0,0.453,0.196,0.764,"Aug 6, 1958",Los Angeles,California
Jeff Cook,8.0,518.0,2734.0,2334.0,707.0,306.0,215.0,0.462,0.056,0.716,"Oct 21, 1956",West Covina,California
David Cooke,1.0,6.0,9.0,10.0,1.0,4.0,0.0,0.182,,0.5,"Sep 27, 1963",Sacramento,California
Michael Cooper,12.0,873.0,7729.0,2769.0,3666.0,1033.0,523.0,0.469,0.34,0.833,"Apr 15, 1956",Los Angeles,California
James Cotton,2.0,19.0,49.0,16.0,0.0,4.0,1.0,0.359,0.0,0.778,"Dec 14, 1975",Los Angeles,California
John Coughran,1.0,24.0,68.0,19.0,12.0,7.0,1.0,0.358,0.222,0.571,"Sep 12, 1951",Pittsburg,California
Allen Crabbe,4.0,176.0,1314.0,388.0,180.0,98.0,38.0,0.445,0.391,0.855,"Apr 09, 1992",Los Angeles,California
Hal Crisler,1.0,4.0,6.0,,0.0,,,0.333,,1.0,"Dec 31, 1923",Richmond,California
Russell Critchfield,1.0,47.0,161.0,29.0,54.0,,,0.361,0.0,0.655,"Jun 27, 1946",Salinas,California
Winston Crite,2.0,31.0,87.0,65.0,15.0,5.0,8.0,0.479,,0.76,"Jun 20, 1965",Bakersfield,California
Austin Croshere,12.0,659.0,4475.0,2649.0,627.0,245.0,216.0,0.407,0.34,0.861,"May 01, 1975",Los Angeles,California
Mark Crow,1.0,15.0,84.0,27.0,8.0,5.0,1.0,0.438,,0.7,"Oct 22, 1954",Edwards AFB,California
Jared Cunningham,4.0,84.0,197.0,56.0,39.0,21.0,2.0,0.347,0.306,0.674,"May 22, 1991",Oakland,California
Howie Dallmar,3.0,146.0,1408.0,,340.0,,,0.283,,0.698,"May 24, 1922",San Francisco,California
Antonio Davis,13.0,903.0,9041.0,6755.0,1017.0,430.0,889.0,0.448,0.087,0.727,"Oct 31, 1968",Oakland,California
Player,Yrs,G,PTS,TRB,AST,STL,BLK,FG%,3P%,FT%,Date,City,California
Baron Davis,13.0,835.0,13447.0,3183.0,6025.0,1530.0,360.0,0.409,0.32,0.711,"Apr 13, 1979",Los Angeles,California
Austin Daye,6.0,293.0,1522.0,764.0,212.0,116.0,117.0,0.402,0.351,0.778,"Jun 05, 1988",Irvine,California
Greg Deane,1.0,7.0,10.0,6.0,6.0,0.0,0.0,0.182,1.0,0.714,"Dec 6, 1957",Tulare,California
Dewayne Dedmon,4.0,169.0,669.0,769.0,34.0,55.0,142.0,0.545,0.0,0.651,"Aug 12, 1989",Lancaster,California
Bryce Dejean-Jones,1.0,14.0,79.0,48.0,15.0,10.0,2.0,0.406,0.375,0.524,"Aug 21, 1992",Los Angeles,California
Bison Dele,8.0,413.0,4536.0,2564.0,440.0,320.0,355.0,0.528,0.143,0.691,"Apr 6, 1969",Fresno,California
Dell Demps,3.0,20.0,59.0,9.0,9.0,6.0,1.0,0.5,0.333,0.762,"Feb 12, 1970",Long Beach,California
DeMar DeRozan,8.0,548.0,10202.0,2179.0,1483.0,524.0,152.0,0.445,0.283,0.827,"Aug 07, 1989",Compton,California
Coby Dietrick,13.0,842.0,5140.0,3772.0,1740.0,666.0,520.0,0.462,0.194,0.735,"Jul 23, 1948",Riverside,California
Harry Dinnel,1.0,11.0,19.0,23.0,5.0,,,0.316,,0.875,,Torrance,California
Spencer Dinwiddie,3.0,50.0,209.0,67.0,131.0,25.0,7.0,0.316,0.171,0.746,"Apr 06, 1993",Los Angeles,California
Larry Drew,1.0,12.0,46.0,15.0,45.0,6.0,0.0,0.345,0.154,0.667,"Mar 05, 1990",Los Angeles,California
Ralph Drollinger,1.0,6.0,15.0,19.0,14.0,1.0,2.0,0.5,,0.25,"Apr 20, 1954",La Mesa,California
Jared Dudley,10.0,703.0,5919.0,2404.0,1126.0,613.0,127.0,0.471,0.402,0.732,"Jul 10, 1985",San Diego,California
Craig Dykema,1.0,32.0,43.0,12.0,15.0,2.0,0.0,0.459,0.5,0.778,"Jun 11, 1959",Lakewood,California
Jim Eakins,10.0,767.0,8255.0,5578.0,1345.0,192.0,450.0,0.504,0.0,0.788,"May 24, 1946",Sacramento,California
Mark Eaton,11.0,875.0,5216.0,6939.0,840.0,368.0,3064.0,0.458,0.0,0.649,"Jan 24, 1957",Westminster,California
Tyus Edney,4.0,226.0,1728.0,393.0,910.0,217.0,6.0,0.405,0.322,0.806,"Feb 14, 1973",Gardena,California
Shane Edwards,1.0,2.0,2.0,2.0,0.0,0.0,0.0,0.333,,,"May 31, 1987",Los Angeles,California
LeRon Ellis,3.0,91.0,277.0,220.0,29.0,25.0,37.0,0.433,,0.613,"Apr 28, 1969",Los Angeles,California
Wayne Englestad,1.0,11.0,28.0,16.0,7.0,1.0,0.0,0.379,,0.6,"Dec 6, 1966",Rosemead,California
James Ennis,3.0,99.0,603.0,296.0,88.0,54.0,24.0,0.432,0.366,0.81,"Jul 01, 1990",Ventura,California
Keith Erickson,12.0,766.0,7251.0,3449.0,1991.0,222.0,45.0,0.435,,0.769,"Apr 19, 1944",San Francisco,California
John Fairchild,4.0,165.0,1085.0,523.0,115.0,,,0.404,0.368,0.681,"Apr 28, 1943",Encinitas,California
Jordan Farmar,10.0,504.0,3888.0,958.0,1453.0,391.0,56.0,0.423,0.374,0.739,"Nov 30, 1986",Los Angeles,California
Tony Farmer,2.0,101.0,532.0,327.0,79.0,76.0,20.0,0.395,0.189,0.77,"Jan 03, 1970",Los Angeles,California
Bob Feerick,4.0,221.0,2936.0,,440.0,,,0.362,,0.805,"Jan 2, 1920",San Francisco,California
Noel Felix,1.0,12.0,18.0,13.0,2.0,2.0,3.0,0.24,0.333,0.625,"Oct 04, 1981",Los Angeles,California
Eric Fernsten,6.0,218.0,517.0,372.0,82.0,52.0,51.0,0.445,,0.675,"Nov 1, 1953",Oakland,California
Landry Fields,5.0,255.0,1731.0,1092.0,419.0,212.0,45.0,0.473,0.332,0.666,"Jun 27, 1988",Long Beach,California
Isaac Fontaine,1.0,6.0,11.0,5.0,4.0,0.0,0.0,0.214,0.2,0.667,"Apr 16, 1975",Sacramento,California
Don Ford,7.0,474.0,3016.0,1691.0,647.0,274.0,139.0,0.464,0.143,0.773,"Dec 31, 1952",Santa Barbara,California
Bayard Forrest,2.0,139.0,569.0,565.0,296.0,52.0,71.0,0.449,,0.509,"Jul 8, 1954",San Jose,California
Greg Foster,13.0,656.0,2538.0,1691.0,351.0,94.0,194.0,0.44,0.225,0.748,"Oct 3, 1968",Oakland,California
Tremaine Fowlkes,4.0,103.0,301.0,228.0,54.0,47.0,6.0,0.409,0.2,0.791,"Apr 11, 1976",Los Angeles,California
Jamaal Franklin,2.0,24.0,42.0,25.0,9.0,4.0,3.0,0.415,0.462,1.0,"Jul 21, 1991",Moreno Valley,California
Anthony Frederick,3.0,147.0,718.0,280.0,135.0,76.0,45.0,0.439,0.273,0.699,"Dec 7, 1964",Los Angeles,California
Corey Gaines,5.0,80.0,248.0,69.0,247.0,39.0,4.0,0.424,0.229,0.736,"Jun 1, 1965",Los Angeles,California
Marlon Garnett,1.0,24.0,51.0,21.0,18.0,5.0,1.0,0.294,0.261,0.75,"Jul 03, 1975",Los Angeles,California
Dean Garrett,6.0,359.0,1737.0,1810.0,204.0,168.0,372.0,0.48,,0.677,"Nov 27, 1966",Los Angeles,California
Paul George,7.0,395.0,6800.0,2479.0,1236.0,661.0,174.0,0.426,0.366,0.842,"May 02, 1990",Palmdale,California
John Gianelli,8.0,541.0,4210.0,3188.0,832.0,225.0,476.0,0.47,,0.702,"Jun 10, 1950",Stockton,California
Jonathan Gibson,1.0,16.0,106.0,22.0,26.0,8.0,0.0,0.368,0.333,0.724,"Nov 08, 1987",West Covina,California
Drew Gooden,14.0,790.0,8653.0,5618.0,896.0,544.0,474.0,0.462,0.257,0.76,"Sep 24, 1981",Oakland,California
Gail Goodrich*,14.0,1031.0,19181.0,3279.0,4805.0,545.0,72.0,0.456,,0.807,"Apr 23, 1943",Los Angeles,California
Aaron Gordon,3.0,154.0,1263.0,801.0,212.0,102.0,92.0,0.455,0.296,0.662,"Sep 16, 1995",San Jose,California
Drew Gordon,1.0,9.0,17.0,18.0,2.0,1.0,0.0,0.421,0.0,0.5,"Jul 12, 1990",San Jose,California
Ron Grandison,4.0,105.0,254.0,163.0,58.0,31.0,6.0,0.404,0.167,0.713,"Jul 9, 1964",Los Angeles,California
Aaron Gray,7.0,318.0,1066.0,1190.0,207.0,94.0,87.0,0.509,0.0,0.562,"Dec 07, 1984",Tarzana,California
Ed Gray,2.0,60.0,373.0,73.0,46.0,27.0,12.0,0.339,0.341,0.814,"Sep 27, 1975",Riverside,California
Evric Gray,1.0,5.0,13.0,3.0,2.0,1.0,0.0,0.267,0.25,1.0,"Dec 13, 1969",Bloomington,California
Erick Green,2.0,52.0,159.0,37.0,42.0,13.0,0.0,0.377,0.288,0.857,"May 09, 1991",Inglewood,California
Sean Green,3.0,84.0,352.0,85.0,45.0,33.0,13.0,0.386,0.246,0.62,"Feb 02, 1970",Santa Monica,California
Dave Greenwood,12.0,823.0,8428.0,6537.0,1614.0,583.0,736.0,0.477,0.138,0.765,"May 27, 1957",Lynwood,California
John Greig,1.0,9.0,19.0,6.0,0.0,0.0,1.0,0.538,,0.833,"Apr 28, 1961",Sacramento,California
Dennis Grey,2.0,62.0,543.0,345.0,52.0,,,0.41,0.0,0.536,"Aug 26, 1947",San Diego,California
Bob Gross,8.0,513.0,4567.0,2253.0,1481.0,615.0,361.0,0.512,0.179,0.798,"Aug 3, 1953",San Pedro,California
Jack Haley,9.0,341.0,1180.0,922.0,82.0,60.0,48.0,0.425,0.0,0.655,"Jan 27, 1964",Long Beach,California
Dennis Hamilton,4.0,144.0,656.0,442.0,112.0,,,0.511,0.0,0.773,"May 8, 1944",Huntington Beach,California
Jordan Hamilton,5.0,151.0,890.0,429.0,127.0,73.0,34.0,0.408,0.357,0.67,"Oct 06, 1990",Los Angeles,California
Justin Hamilton,3.0,70.0,387.0,227.0,54.0,46.0,40.0,0.457,0.336,0.809,"Apr 01, 1990",Newport Beach,California
Roy Hamilton,2.0,73.0,336.0,110.0,192.0,48.0,5.0,0.4,0.0,0.684,"Jul 20, 1957",Los Angeles,California
Alex Hannum*,8.0,516.0,3078.0,2013.0,857.0,,,0.354,,0.629,"Jul 19, 1923",Los Angeles,California
James Harden,8.0,562.0,12037.0,2658.0,2951.0,825.0,246.0,0.443,0.367,0.854,"Aug 26, 1989",Los Angeles,California
Lucious Harris,12.0,800.0,5784.0,1864.0,1130.0,556.0,86.0,0.426,0.348,0.79,"Dec 18, 1970",Los Angeles,California
Jason Hart,9.0,341.0,1623.0,567.0,774.0,253.0,34.0,0.417,0.315,0.788,"Apr 29, 1978",Los Angeles,California
Scott Haskin,1.0,27.0,55.0,55.0,6.0,2.0,15.0,0.467,,0.684,"Sep 19, 1970",Riverside,California
Juaquin Hawkins,1.0,58.0,134.0,78.0,47.0,29.0,6.0,0.385,0.417,0.5,"Jul 02, 1973",Gardena,California
Chuck Hayes,11.0,644.0,2410.0,3243.0,781.0,478.0,237.0,0.498,0.0,0.62,"Jun 11, 1983",San Leandro,California
J.R. Henderson,1.0,30.0,97.0,47.0,22.0,9.0,4.0,0.365,0.4,0.556,"Oct 30, 1976",Bakersfield,California
Jerome Henderson,2.0,7.0,16.0,8.0,0.0,1.0,1.0,0.375,,1.0,"Oct 5, 1959",Los Angeles,California
Conner Henry,2.0,93.0,305.0,83.0,102.0,21.0,6.0,0.378,0.379,0.757,"Jul 21, 1963",Claremont,California
Cory Higgins,2.0,44.0,164.0,38.0,41.0,8.0,6.0,0.324,0.2,0.694,"Jun 14, 1989",Danville,California
Sean Higgins,6.0,220.0,1375.0,402.0,226.0,73.0,32.0,0.428,0.321,0.85,"Dec 30, 1968",Los Angeles,California
Solomon Hill,4.0,196.0,1180.0,623.0,306.0,133.0,43.0,0.404,0.325,0.829,"Mar 18, 1991",Los Angeles,California
Darnell Hillman,9.0,682.0,6666.0,5187.0,957.0,452.0,782.0,0.477,0.167,0.628,"Aug 29, 1949",Sacramento,California
Jrue Holiday,8.0,451.0,6366.0,1588.0,2743.0,648.0,161.0,0.439,0.365,0.796,"Jun 12, 1990",Chatsworth,California
Justin Holiday,4.0,148.0,718.0,258.0,149.0,100.0,47.0,0.391,0.337,0.792,"Apr 05, 1989",Mission Hills,California
Ryan Hollins,10.0,518.0,1913.0,1140.0,151.0,94.0,271.0,0.584,0.0,0.649,"Oct 10, 1984",Pasadena,California
Tyler Honeycutt,2.0,24.0,28.0,24.0,9.0,4.0,4.0,0.314,0.2,0.714,"Jul 15, 1990",Los Angeles,California
Eddie House,11.0,717.0,5356.0,1223.0,1112.0,470.0,58.0,0.409,0.39,0.851,"May 14, 1978",Berkeley,California
Jay Humphries,11.0,788.0,8772.0,2003.0,4339.0,1153.0,89.0,0.476,0.297,0.782,"Oct 17, 1962",Los Angeles,California
Roy Hurley,1.0,46.0,239.0,,34.0,,,0.224,,0.609,"Aug 12, 1922",Arcadia,California
Mel Hutchins,7.0,437.0,4851.0,4186.0,1298.0,,,0.389,,0.673,"Nov 22, 1928",Sacramento,California
Darrall Imhoff,12.0,801.0,5759.0,6099.0,1405.0,,,0.458,,0.594,"Oct 11, 1938",San Gabriel,California
Ralph Jackson,1.0,1.0,2.0,1.0,4.0,2.0,0.0,0.333,,,"Oct 26, 1962",Los Angeles,California
Casey Jacobsen,4.0,287.0,1488.0,516.0,304.0,121.0,24.0,0.393,0.352,0.769,"Mar 19, 1981",Glendora,California
Chris Jefferies,2.0,72.0,281.0,88.0,29.0,23.0,23.0,0.383,0.365,0.667,"Feb 13, 1980",Fresno,California
Richard Jefferson,16.0,1107.0,14541.0,4558.0,2341.0,767.0,339.0,0.464,0.379,0.769,"Jun 21, 1980",Los Angeles,California
Brandon Jennings,8.0,487.0,7374.0,1506.0,2854.0,629.0,90.0,0.389,0.348,0.799,"Sep 23, 1989",Compton,California
Chris Jent,2.0,6.0,37.0,16.0,8.0,0.0,0.0,0.469,0.429,0.5,"Jan 11, 1970",Orange,California
Grant Jerrett,1.0,8.0,16.0,9.0,3.0,2.0,2.0,0.269,0.067,1.0,"Jul 08, 1993",Costa Mesa,California
Eugene Jeter,1.0,62.0,255.0,70.0,162.0,29.0,2.0,0.409,0.2,0.902,"Dec 02, 1983",Los Angeles,California
Amir Johnson,12.0,692.0,5206.0,3958.0,802.0,427.0,736.0,0.573,0.324,0.676,"May 01, 1987",Los Angeles,California
Andy Johnson,4.0,292.0,2847.0,1190.0,675.0,,,0.392,,0.605,"Nov 8, 1932",Los Angeles,California
Dennis Johnson*,14.0,1100.0,15535.0,4249.0,5499.0,1477.0,675.0,0.445,0.172,0.797,"Sep 18, 1954",San Pedro,California
Kevin Johnson,12.0,735.0,13127.0,2404.0,6711.0,1082.0,176.0,0.493,0.305,0.841,"Mar 4, 1966",Sacramento,California
Orlando Johnson,3.0,103.0,329.0,180.0,69.0,20.0,14.0,0.358,0.311,0.727,"Mar 11, 1989",Monterey,California
Stanley Johnson,2.0,99.0,694.0,362.0,143.0,70.0,20.0,0.376,0.303,0.758,"May 29, 1996",Los Angeles,California
Bobby Jones,2.0,91.0,288.0,149.0,44.0,26.0,4.0,0.442,0.306,0.685,"Jan 09, 1984",Compton,California
Ozell Jones,2.0,70.0,245.0,240.0,56.0,32.0,58.0,0.582,0.0,0.398,"Nov 20, 1960",Long Beach,California
Phil Jordon,7.0,442.0,4833.0,3028.0,769.0,,,0.398,,0.694,"Sep 12, 1933",Lakeport,California
Jason Kapono,9.0,509.0,3398.0,844.0,417.0,180.0,25.0,0.442,0.434,0.835,"Feb 04, 1981",Long Beach,California
Adam Keefe,9.0,617.0,3107.0,2556.0,427.0,307.0,173.0,0.502,0.071,0.714,"Feb 22, 1970",Irvine,California
Rich Kelley,11.0,814.0,6199.0,5678.0,2092.0,694.0,749.0,0.488,0.0,0.783,"Mar 23, 1953",San Mateo,California
Jason Kidd,19.0,1391.0,17529.0,8725.0,12091.0,2684.0,450.0,0.4,0.349,0.785,"Mar 23, 1973",San Francisco,California
Kyle Korver,14.0,990.0,9855.0,3071.0,1824.0,708.0,338.0,0.442,0.429,0.88,"Mar 17, 1981",Lakewood,California
Joel Kramer,5.0,328.0,1257.0,916.0,343.0,140.0,62.0,0.479,0.0,0.737,"Nov 30, 1955",San Diego,California
Edgar Lacey,1.0,46.0,234.0,180.0,30.0,,,0.447,0.0,0.567,"Aug 2, 1944",Los Angeles,California
John Lambert,7.0,446.0,1688.0,1493.0,248.0,153.0,172.0,0.428,0.083,0.693,"Jan 14, 1953",Berkeley,California
Trajan Langdon,3.0,119.0,647.0,159.0,152.0,56.0,14.0,0.416,0.396,0.91,"May 13, 1976",Palo Alto,California
Eric Leckner,8.0,449.0,1835.0,1418.0,211.0,84.0,140.0,0.508,0.0,0.669,"May 27, 1966",Inglewood,California
David Lee,2.0,58.0,374.0,187.0,20.0,,,0.442,0.333,0.857,"Mar 31, 1942",Modesto,California
Greg Lee,2.0,10.0,24.0,5.0,24.0,6.0,0.0,0.526,,1.0,"Dec 12, 1951",Reseda,California
Malcolm Lee,3.0,36.0,140.0,65.0,51.0,20.0,10.0,0.382,0.294,0.703,"May 22, 1990",Riverside,California
Rock Lee,1.0,2.0,2.0,1.0,2.0,0.0,0.0,0.5,,0.0,"May 1, 1955",LaJolla,California
Kawhi Leonard,6.0,351.0,5269.0,2198.0,724.0,624.0,239.0,0.496,0.391,0.843,"Jun 29, 1991",Los Angeles,California
Cliff Levingston,11.0,830.0,5888.0,4307.0,752.0,534.0,593.0,0.516,0.152,0.676,"Jan 4, 1961",San Diego,California
Todd Lichti,5.0,237.0,1870.0,505.0,325.0,179.0,45.0,0.46,0.244,0.789,"Jan 8, 1967",Walnut Creek,California
Damian Lillard,5.0,350.0,7652.0,1356.0,2175.0,326.0,98.0,0.43,0.37,0.873,"Jul 15, 1990",Oakland,California
Jeremy Lin,7.0,377.0,4437.0,1051.0,1668.0,440.0,152.0,0.433,0.345,0.801,"Aug 23, 1988",Palo Alto,California
Rob Lock,1.0,20.0,30.0,32.0,4.0,3.0,4.0,0.281,,0.8,"May 22, 1966",Reedley,California
Don Lofgran,4.0,209.0,1265.0,817.0,216.0,,,0.329,,0.692,"Nov 18, 1928",Oakland,California
Brook Lopez,9.0,511.0,9391.0,3732.0,753.0,304.0,892.0,0.508,0.297,0.793,"Apr 01, 1988",North Hollywood,California
Robin Lopez,9.0,574.0,4908.0,3154.0,370.0,149.0,729.0,0.529,0.0,0.761,"Apr 01, 1988",North Hollywood,California
Jim Loscutoff,9.0,511.0,3156.0,2848.0,353.0,,,0.345,,0.653,"Feb 4, 1930",San Francisco,California
Kevin Love,9.0,540.0,9985.0,6202.0,1294.0,377.0,264.0,0.446,0.366,0.817,"Sep 07, 1988",Santa Monica,California
Stan Love,4.0,239.0,1579.0,929.0,181.0,44.0,37.0,0.44,,0.751,"Apr 9, 1949",Los Angeles,California
Mike Lynn,2.0,49.0,126.0,68.0,31.0,,,0.329,,0.667,"Nov 25, 1945",Covina,California
Don MacLean,9.0,319.0,3490.0,1210.0,404.0,118.0,51.0,0.455,0.284,0.765,"Jan 16, 1970",Palo Alto,California
Tito Maddox,1.0,9.0,11.0,7.0,5.0,3.0,1.0,0.25,0.0,0.625,"Jun 07, 1981",Compton,California
Gerald Madkins,3.0,48.0,80.0,26.0,65.0,24.0,1.0,0.366,0.375,0.762,"Apr 18, 1969",Merced,California
Mark Madsen,9.0,453.0,975.0,1157.0,181.0,116.0,102.0,0.457,0.063,0.527,"Jan 28, 1976",Walnut Creek,California
John Mandic,2.0,81.0,335.0,,88.0,,,0.316,,0.66,"Oct 3, 1919",Los Angeles,California
Dan McClintock,1.0,6.0,18.0,17.0,1.0,0.0,2.0,0.5,,0.0,"Apr 19, 1977",Fountain Valley,California
Jelani McCoy,8.0,260.0,1200.0,921.0,135.0,75.0,193.0,0.539,,0.49,"Dec 06, 1977",Oakland,California
Ben McDonald,4.0,176.0,1061.0,568.0,236.0,77.0,17.0,0.468,0.227,0.727,"Jul 20, 1962",Torrance,California
Dominic McGuire,6.0,342.0,939.0,1169.0,422.0,154.0,184.0,0.419,0.188,0.658,"Oct 20, 1985",San Diego,California
Carlton McKinney,2.0,9.0,22.0,13.0,7.0,6.0,1.0,0.244,0.0,0.5,"Oct 21, 1964",San Diego,California
Mark McNamara,8.0,278.0,980.0,827.0,77.0,35.0,39.0,0.512,,0.548,"Jun 8, 1959",San Jose,California
Chris McNealy,3.0,108.0,466.0,494.0,110.0,90.0,30.0,0.456,,0.658,"Jul 15, 1961",Fresno,California
Dave Meyers,4.0,281.0,3149.0,1771.0,652.0,272.0,143.0,0.461,0.2,0.676,"Apr 21, 1953",San Diego,California
Vern Mikkelsen*,10.0,699.0,10063.0,5940.0,1515.0,,,0.403,,0.766,"Oct 21, 1928",Fresno,California
Andre Miller,17.0,1304.0,16278.0,4795.0,8524.0,1546.0,227.0,0.461,0.217,0.807,"Mar 19, 1976",Los Angeles,California
Reggie Miller*,18.0,1389.0,25279.0,4182.0,4141.0,1505.0,299.0,0.471,0.395,0.888,"Aug 24, 1965",Riverside,California
Chris Mills,10.0,568.0,6357.0,2808.0,1063.0,421.0,247.0,0.432,0.351,0.817,"Jan 25, 1970",Los Angeles,California
Harold Miner,4.0,200.0,1801.0,432.0,245.0,80.0,27.0,0.46,0.311,0.785,"May 05, 1971",Inglewood,California
Darius Morris,4.0,132.0,430.0,126.0,189.0,45.0,2.0,0.384,0.322,0.63,"Jan 03, 1991",Los Angeles,California
Richard Morton,1.0,2.0,6.0,0.0,1.0,0.0,0.0,0.75,,,"Feb 2, 1966",San Francisco,California
Shabazz Muhammad,4.0,181.0,1674.0,535.0,114.0,54.0,17.0,0.467,0.303,0.74,"Nov 13, 1992",Los Angeles,California
Chris Munk,1.0,11.0,13.0,14.0,1.0,1.0,2.0,0.429,,0.583,"Aug 5, 1967",San Francisco,California
Tod Murphy,5.0,191.0,1049.0,941.0,183.0,113.0,88.0,0.454,0.29,0.679,"Dec 24, 1963",Long Beach,California
Lamond Murray,11.0,736.0,8286.0,3033.0,978.0,684.0,319.0,0.43,0.36,0.759,"Apr 20, 1973",Pasadena,California
Tracy Murray,12.0,659.0,5943.0,1649.0,508.0,361.0,161.0,0.43,0.388,0.829,"Jul 25, 1971",Los Angeles,California
DeMarcus Nelson,1.0,13.0,53.0,24.0,13.0,9.0,2.0,0.444,0.0,0.357,"Nov 02, 1985",Oakland,California
Louie Nelson,5.0,224.0,2113.0,527.0,436.0,202.0,21.0,0.437,,0.738,"May 28, 1951",Los Angeles,California
Bob Netolicky,9.0,618.0,9876.0,5518.0,848.0,37.0,52.0,0.492,0.194,0.661,"Aug 2, 1942",San Francisco,California
Mike Niles,1.0,44.0,115.0,58.0,15.0,8.0,1.0,0.348,0.5,0.459,"Mar 31, 1955",Los Angeles,California
James Nunnally,1.0,13.0,44.0,19.0,8.0,6.0,2.0,0.326,0.32,0.667,"Jul 14, 1990",San Jose,California
Charles O'Bannon,2.0,48.0,120.0,67.0,29.0,11.0,4.0,0.4,0.0,0.87,"Feb 22, 1975",Bellflower,California
Ed O'Bannon,2.0,128.0,634.0,316.0,102.0,73.0,23.0,0.367,0.222,0.755,"Aug 14, 1972",Los Angeles,California
J.J. O'Brien,1.0,2.0,0.0,1.0,0.0,1.0,0.0,0.0,,,"Apr 08, 1992",San Diego,California
Kevin O'Shea,3.0,174.0,911.0,402.0,358.0,,,0.337,,0.68,"Jul 10, 1925",San Francisco,California
Bud Ogden,2.0,74.0,257.0,106.0,48.0,,,0.445,,0.692,"Dec 29, 1946",San Luis Obispo,California
Jim Owens,2.0,58.0,177.0,52.0,64.0,21.0,2.0,0.418,,0.767,"May 1, 1950",Los Angeles,California
Keith Owens,1.0,20.0,26.0,15.0,3.0,5.0,4.0,0.281,,0.8,"May 31, 1969",San Francisco,California
Ray Owes,1.0,57.0,177.0,163.0,15.0,15.0,20.0,0.417,0.2,0.565,"Dec 11, 1972",San Bernardino,California
Milt Palacio,7.0,470.0,2243.0,831.0,1194.0,302.0,58.0,0.419,0.235,0.719,"Feb 07, 1978",Los Angeles,California
Bud Palmer,3.0,148.0,1737.0,,187.0,,,0.326,,0.739,"Sep 14, 1921",Hollywood,California
Cherokee Parks,9.0,472.0,2056.0,1703.0,265.0,207.0,306.0,0.47,0.211,0.63,"Oct 11, 1972",Huntington Beach,California
Andrae Patterson,2.0,40.0,120.0,67.0,16.0,20.0,7.0,0.455,0.0,0.778,"Nov 12, 1975",Riverside,California
Steve Patterson,5.0,350.0,1552.0,1632.0,443.0,85.0,94.0,0.403,,0.594,"Jun 24, 1948",Riverside,California
Gary Payton*,17.0,1335.0,21813.0,5269.0,8966.0,2445.0,285.0,0.466,0.317,0.729,"Jul 23, 1968",Oakland,California
Mike Penberthy,2.0,56.0,272.0,65.0,73.0,24.0,2.0,0.415,0.396,0.886,"Nov 29, 1974",Los Gatos,California
Desmond Penigar,1.0,10.0,32.0,24.0,3.0,2.0,2.0,0.5,,1.0,"Jul 16, 1981",Upland,California
Bob Peterson,3.0,103.0,479.0,389.0,78.0,,,0.386,,0.669,"Jan 25, 1932",San Mateo,California
Paul Pierce,19.0,1325.0,26341.0,7487.0,4700.0,1750.0,742.0,0.445,0.369,0.807,"Oct 13, 1977",Oakland,California
Kevinn Pinkney,1.0,6.0,31.0,15.0,5.0,3.0,3.0,0.444,0.5,0.667,"Oct 20, 1983",Colton,California
Dwayne Polee,1.0,1.0,2.0,0.0,0.0,1.0,0.0,0.25,0.0,,"Mar 2, 1963",Los Angeles,California
Jim Pollard*,7.0,438.0,5762.0,2487.0,1417.0,,,0.36,,0.75,"Jul 9, 1922",Oakland,California
Cliff Pondexter,3.0,197.0,778.0,747.0,218.0,81.0,52.0,0.416,,0.667,"Sep 15, 1954",Fresno,California
Quincy Pondexter,5.0,279.0,1466.0,567.0,230.0,103.0,46.0,0.424,0.365,0.732,"Mar 10, 1988",Fresno,California
Bob Portman,4.0,221.0,1254.0,729.0,128.0,,,0.443,,0.78,"Mar 22, 1947",San Francisco,California
Leon Powe,5.0,239.0,1484.0,911.0,78.0,69.0,82.0,0.515,0.0,0.682,"Jan 22, 1984",Berkeley,California
Norman Powell,2.0,72.0,420.0,149.0,69.0,45.0,14.0,0.451,0.412,0.787,"May 25, 1993",San Diego,California
Tayshaun Prince,14.0,1017.0,11272.0,4332.0,2406.0,571.0,500.0,0.455,0.367,0.756,"Feb 28, 1980",Compton,California
Gabe Pruitt,2.0,62.0,125.0,51.0,52.0,20.0,3.0,0.321,0.283,0.783,"Apr 19, 1986",Los Angeles,California
Kurt Rambis,14.0,880.0,4603.0,4961.0,931.0,761.0,456.0,0.534,0.0,0.689,"Feb 25, 1958",Cupertino,California
Wally Rank,1.0,25.0,55.0,30.0,17.0,7.0,1.0,0.368,,0.464,"Mar 1, 1958",Fort Ord,California
Marlon Redmond,2.0,77.0,499.0,161.0,77.0,32.0,25.0,0.423,0.0,0.655,"Apr 15, 1955",San Francisco,California
Kevin Restani,8.0,550.0,3386.0,2206.0,747.0,221.0,111.0,0.486,0.205,0.717,"Dec 23, 1951",San Francisco,California
Isaiah Rider,9.0,563.0,9405.0,2166.0,1535.0,367.0,136.0,0.443,0.352,0.812,"Mar 12, 1971",Oakland,California
Ron Riley,4.0,264.0,1542.0,1368.0,318.0,106.0,67.0,0.419,,0.691,"Nov 11, 1950",Los Angeles,California
Austin Rivers,5.0,300.0,2277.0,568.0,596.0,185.0,45.0,0.413,0.341,0.637,"Aug 01, 1992",Santa Monica,California
Cliff Robinson,11.0,629.0,10823.0,5237.0,1249.0,655.0,441.0,0.468,0.184,0.722,"Mar 13, 1960",Oakland,California
Jackie Robinson,3.0,22.0,83.0,27.0,13.0,8.0,4.0,0.463,0.0,0.7,"May 20, 1955",Los Angeles,California
Samuel Robinson,2.0,134.0,1223.0,546.0,160.0,,,0.444,0.19,0.777,"Jan 1, 1948",Los Angeles,California
Johnny Rogers,2.0,69.0,251.0,104.0,29.0,13.0,11.0,0.472,0.0,0.679,"Dec 30, 1963",Fullerton,California
Lorenzo Romar,5.0,291.0,1731.0,385.0,1022.0,244.0,29.0,0.464,0.211,0.749,"Nov 13, 1958",South Gate,California
John Rudometkin,3.0,131.0,822.0,412.0,72.0,,,0.399,,0.743,"Jun 6, 1940",Santa Maria,California
Paul Ruffner,5.0,133.0,561.0,393.0,61.0,4.0,4.0,0.471,,0.688,"Oct 15, 1948",Downey,California
Bob Rule,8.0,403.0,7007.0,3333.0,594.0,12.0,10.0,0.461,,0.686,"Jun 29, 1944",Riverside,California
Bryon Russell,13.0,841.0,6663.0,2914.0,1085.0,874.0,203.0,0.431,0.369,0.75,"Dec 31, 1970",San Bernardino,California
Jamal Sampson,5.0,72.0,142.0,242.0,26.0,9.0,32.0,0.491,0.0,0.537,"May 15, 1983",Inglewood,California
Alan Sawyer,1.0,33.0,217.0,121.0,25.0,,,0.37,,0.86,"Jan 1, 1928",Long Beach,California
Brian Scalabrine,11.0,520.0,1594.0,1034.0,436.0,157.0,121.0,0.39,0.344,0.783,"Mar 18, 1978",Long Beach,California
Paul Scranton,1.0,5.0,9.0,16.0,1.0,,,0.444,,0.25,"Apr 30, 1944",Los Angeles,California
Kenny Sears,8.0,529.0,7355.0,4142.0,843.0,,,0.455,,0.826,"Aug 17, 1933",Watsonville,California
Jim Seminoff,4.0,231.0,1507.0,,630.0,,,0.308,,0.681,"Sep 1, 1922",Los Angelse,California
Brian Shaw,14.0,943.0,6547.0,3183.0,3918.0,747.0,252.0,0.403,0.304,0.782,"Mar 22, 1966",Oakland,California
Lonnie Shelton,10.0,673.0,8049.0,4136.0,1459.0,739.0,559.0,0.492,0.097,0.738,"Oct 19, 1955",Bakersfield,California
Jose Slaughter,1.0,63.0,225.0,68.0,52.0,36.0,7.0,0.374,0.22,0.644,"Sep 9, 1960",Los Angeles,California
Craig Smith,6.0,403.0,3080.0,1567.0,322.0,183.0,91.0,0.553,0.037,0.661,"Nov 10, 1983",Inglewood,California
Greg Smith,5.0,149.0,596.0,489.0,41.0,32.0,59.0,0.617,0.0,0.576,"Jan 08, 1991",Vallejo,California
Phil Smith,9.0,659.0,9924.0,1978.0,2561.0,734.0,165.0,0.476,0.253,0.779,"Apr 22, 1952",San Francisco,California
Reggie Smith,2.0,66.0,99.0,120.0,5.0,16.0,7.0,0.394,0.0,0.404,"Aug 21, 1970",San Jose,California
Robert Smith,7.0,229.0,1135.0,288.0,401.0,119.0,21.0,0.435,0.238,0.877,"Mar 10, 1955",Los Angeles,California
Tony Snell,4.0,237.0,1320.0,599.0,222.0,86.0,45.0,0.397,0.34,0.81,"Nov 10, 1991",Riverside,California
Kirk Snyder,4.0,211.0,1333.0,491.0,241.0,86.0,69.0,0.438,0.327,0.699,"Jun 05, 1983",Los Angeles,California
Andre Spencer,2.0,48.0,346.0,154.0,46.0,36.0,14.0,0.445,0.0,0.733,"Jul 20, 1964",Stockton,California
Joe Stephens,3.0,22.0,71.0,45.0,12.0,12.0,3.0,0.357,0.19,0.7,"Jan 28, 1973",Riverside,California
Alex Stepheson,1.0,8.0,22.0,28.0,2.0,1.0,5.0,0.333,,0.333,"Aug 07, 1987",Los Angeles,California
DeShawn Stevenson,13.0,824.0,5930.0,1832.0,1355.0,423.0,134.0,0.406,0.34,0.698,"Apr 03, 1981",Fresno,California
Derek Strong,10.0,456.0,3088.0,2213.0,291.0,203.0,94.0,0.43,0.18,0.786,"Feb 9, 1968",Los Angeles,California
Dane Suttle,2.0,46.0,272.0,49.0,48.0,21.0,0.0,0.507,0.0,0.857,"Aug 9, 1961",Los Angeles,California
Greg Sutton,3.0,168.0,761.0,153.0,284.0,84.0,13.0,0.396,0.361,0.743,"Dec 3, 1967",Santa Cruz,California
Keith Swagerty,2.0,80.0,987.0,828.0,95.0,,,0.408,0.0,0.611,"Oct 30, 1945",San Jose,California
Robert Swift,4.0,97.0,416.0,376.0,20.0,26.0,86.0,0.506,,0.61,"Dec 03, 1985",Bakersfield,California
Anthony Taylor,1.0,21.0,144.0,34.0,43.0,22.0,5.0,0.397,0.0,0.75,"Nov 30, 1965",Los Angeles,California
Leonard Taylor,1.0,10.0,11.0,12.0,1.0,0.0,0.0,0.0,0.0,0.688,"May 2, 1966",Los Angeles,California
Ronald Taylor,3.0,77.0,371.0,294.0,68.0,,,0.466,,0.553,"Nov 21, 1947",Torrance,California
Chuck Terry,5.0,341.0,1298.0,818.0,262.0,151.0,24.0,0.419,0.323,0.775,"Sep 27, 1950",Long Beach,California
Claude Terry,6.0,349.0,1934.0,499.0,457.0,111.0,11.0,0.468,0.338,0.785,"Jan 12, 1950",Salida,California
Reggie Theus,13.0,1026.0,19015.0,3349.0,6453.0,1206.0,236.0,0.471,0.252,0.826,"Oct 13, 1957",Inglewood,California
Peter Thibeaux,2.0,93.0,462.0,144.0,45.0,34.0,32.0,0.453,0.286,0.626,"Oct 3, 1961",Los Angeles,California
Dijon Thompson,2.0,16.0,45.0,19.0,3.0,3.0,1.0,0.425,0.308,0.875,"Feb 23, 1983",Los Angeles,California
Hollis Thompson,4.0,251.0,2000.0,791.0,278.0,159.0,68.0,0.417,0.39,0.709,"Apr 03, 1991",Pasadena,California
Klay Thompson,6.0,414.0,7715.0,1366.0,945.0,373.0,221.0,0.451,0.416,0.855,"Feb 08, 1990",Los Angeles,California
Mychel Thompson,1.0,5.0,18.0,5.0,7.0,2.0,1.0,0.292,0.364,,"Jun 01, 1988",Los Angeles,California
Stephen Thompson,1.0,19.0,31.0,19.0,8.0,6.0,3.0,0.378,0.0,0.375,"Dec 2, 1968",Los Angeles,California
Bob Thornton,8.0,283.0,844.0,712.0,99.0,74.0,35.0,0.444,0.222,0.558,"Jul 10, 1962",Los Angeles,California
Tom Tolbert,7.0,312.0,2030.0,1251.0,285.0,116.0,109.0,0.46,0.296,0.716,"Oct 16, 1965",Long Beach,California
Raymond Townsend,3.0,154.0,745.0,157.0,217.0,90.0,10.0,0.411,0.171,0.703,"Dec 20, 1955",San Jose,California
Jeff Trepagnier,3.0,31.0,88.0,43.0,22.0,19.0,4.0,0.337,0.462,0.7,"Jul 11, 1979",Los Angeles,California
John Tschogl,3.0,113.0,277.0,208.0,69.0,42.0,45.0,0.356,,0.581,"Apr 25, 1950",Chula Vista,California
Henry Turner,2.0,66.0,224.0,78.0,29.0,25.0,8.0,0.453,0.25,0.6,"Aug 18, 1966",Oakland,California
Jeremy Tyler,3.0,104.0,373.0,269.0,25.0,23.0,42.0,0.45,0.0,0.557,"Jun 21, 1991",San Diego,California
Jan Van Breda Kolff,9.0,598.0,3696.0,2572.0,1178.0,476.0,468.0,0.444,0.282,0.821,"Dec 16, 1951",Palos Verdes,California
Keith Van Horn,9.0,575.0,9206.0,3909.0,900.0,472.0,295.0,0.443,0.361,0.835,"Oct 23, 1975",Fullerton,California
Nick Vanos,2.0,68.0,222.0,240.0,59.0,21.0,28.0,0.383,0.0,0.561,"Apr 13, 1963",San Mateo,California
Jacque Vaughn,12.0,776.0,3463.0,1028.0,1919.0,403.0,15.0,0.429,0.352,0.779,"Feb 11, 1975",Los Angeles,California
Pete Verhoeven,6.0,282.0,1000.0,641.0,152.0,128.0,67.0,0.505,0.25,0.689,"Feb 15, 1959",Hanford,California
Brett Vroman,1.0,11.0,34.0,25.0,9.0,5.0,5.0,0.37,0.0,0.737,"Dec 25, 1955",Hollywood,California
Jackson Vroman,2.0,87.0,285.0,261.0,51.0,37.0,30.0,0.408,0.0,0.58,"Jun 06, 1981",Laguna,California
Mark Wade,2.0,12.0,8.0,15.0,36.0,7.0,1.0,0.15,0.0,0.5,"Oct 15, 1965",Torrance,California
Jim Walsh,1.0,10.0,20.0,15.0,8.0,,,0.185,,0.588,"Aug 29, 1930",San Francisco,California
Bill Walton*,10.0,468.0,6215.0,4923.0,1590.0,380.0,1034.0,0.521,0.0,0.66,"Nov 5, 1952",La Mesa,California
Luke Walton,10.0,564.0,2649.0,1588.0,1317.0,313.0,102.0,0.429,0.326,0.715,"Mar 28, 1980",San Diego,California
Casper Ware,1.0,9.0,48.0,9.0,10.0,8.0,0.0,0.429,0.333,0.833,"Jan 17, 1990",Cerritos,California
David Wear,1.0,2.0,0.0,2.0,1.0,0.0,0.0,0.0,0.0,,"Sep 21, 1990",Long Beach,California
Travis Wear,1.0,51.0,199.0,106.0,40.0,15.0,11.0,0.402,0.367,0.769,"Sep 21, 1990",Long Beach,California
Russell Westbrook,9.0,615.0,13464.0,3580.0,4758.0,1058.0,175.0,0.434,0.304,0.818,"Nov 12, 1988",Long Beach,California
Paul Westphal,12.0,823.0,12809.0,1580.0,3591.0,1022.0,262.0,0.504,0.275,0.82,"Nov 30, 1950",Torrance,California
Eric White,2.0,55.0,336.0,132.0,26.0,17.0,4.0,0.525,1.0,0.798,"Dec 30, 1965",San Francisco,California
Sidney Wicks,10.0,760.0,12803.0,6620.0,2437.0,592.0,431.0,0.459,0.0,0.685,"Sep 19, 1949",Los Angeles,California
Michael Wiley,2.0,94.0,692.0,246.0,63.0,48.0,22.0,0.561,0.0,0.709,"Oct 16, 1957",Long Beach,California
Jamaal Wilkes*,12.0,828.0,14644.0,5117.0,2050.0,1049.0,262.0,0.499,0.135,0.759,"May 2, 1953",Berkeley,California
Derrick Williams,6.0,392.0,3611.0,1605.0,271.0,191.0,105.0,0.432,0.293,0.711,"May 25, 1991",Bellflower,California
Freeman Williams,6.0,323.0,4738.0,510.0,516.0,247.0,18.0,0.467,0.331,0.824,"May 15, 1956",Los Angeles,California
Gene Williams,1.0,1.0,0.0,0.0,0.0,,,0.0,,,"Apr 1, 1947",San Francisco,California
Guy Williams,2.0,26.0,68.0,33.0,9.0,6.0,4.0,0.456,0.25,0.455,"Jul 1, 1960",Los Angeles,California
John Williams,8.0,435.0,4406.0,2201.0,1262.0,566.0,184.0,0.451,0.225,0.704,"Oct 26, 1966",Los Angeles,California
Marcus Williams,4.0,203.0,1128.0,361.0,574.0,87.0,7.0,0.386,0.321,0.767,"Dec 03, 1985",Los Angeles,California
Pete Williams,2.0,58.0,153.0,147.0,15.0,19.0,23.0,0.602,,0.425,"Mar 10, 1965",Harbor City,California
Sam Williams,4.0,257.0,1628.0,1146.0,156.0,210.0,297.0,0.5,0.0,0.653,"Mar 7, 1959",Los Angeles,California
Scott Williams,15.0,746.0,3825.0,3506.0,431.0,393.0,421.0,0.467,0.111,0.721,"Mar 21, 1968",Hacienda Heights,California
Kevin Willis,21.0,1424.0,17253.0,11901.0,1328.0,958.0,750.0,0.487,0.211,0.713,"Sep 6, 1962",Los Angeles,California
Trevor Wilson,4.0,103.0,591.0,353.0,99.0,50.0,14.0,0.456,0.0,0.567,"Mar 16, 1968",Los Angeles,California
Willie Wise,9.0,552.0,9727.0,4578.0,1594.0,257.0,77.0,0.475,0.219,0.724,"Mar 3, 1947",San Francisco,California
Jeff Withey,4.0,168.0,567.0,441.0,59.0,48.0,139.0,0.534,0.0,0.714,"Mar 07, 1990",San Diego,California
Christian Wood,2.0,18.0,61.0,40.0,3.0,5.0,7.0,0.407,0.333,0.619,"Sep 27, 1995",Long Beach,California
Antoine Wright,6.0,297.0,1614.0,681.0,295.0,139.0,72.0,0.412,0.304,0.674,"Feb 06, 1984",West Covina,California
Brad Wright,2.0,16.0,54.0,54.0,1.0,3.0,6.0,0.412,0.0,0.429,"Mar 26, 1962",Hollywood,California
Delon Wright,1.0,27.0,103.0,37.0,31.0,8.0,3.0,0.45,0.385,0.743,"Apr 26, 1992",Los Angeles,California
Dorell Wright,11.0,549.0,4597.0,2093.0,850.0,418.0,271.0,0.424,0.365,0.806,"Dec 02, 1985",Los Angeles,California
Howard Wright,2.0,19.0,62.0,47.0,3.0,4.0,5.0,0.442,0.0,0.615,"Dec 20, 1967",San Diego,California
George Yardley*,7.0,472.0,9063.0,4220.0,815.0,,,0.422,,0.78,"Nov 3, 1928",Hollywood,California
Nick Young,10.0,599.0,7137.0,1219.0,617.0,328.0,122.0,0.419,0.372,0.835,"Jun 01, 1985",Los Angeles,California
Tim Young,1.0,25.0,54.0,35.0,5.0,2.0,1.0,0.333,,0.778,"Feb 06, 1976",Santa Cruz,California
Tyler Zeller,5.0,313.0,2307.0,1441.0,298.0,86.0,197.0,0.498,0.0,0.776,"Jan 17, 1990",Visalia,California
Chauncey Billups,17,1043,15802,2992,5636,1051,168,0.415,0.387,0.894,"Sep 25, 1976",Denver,Colorado
Kaniel Dickens,3,19,22,12,2,2,2,0.4,0.333,0.75,"Jul 21, 1978",Denver,Colorado
Bob Doll,4,196,1653,,273,,,0.286,,0.662,"Aug 10, 1919",Steamboat Springs,Colorado
Nick Fazekas,1,26,107,89,11,8,11,0.561,0,0.682,"Jun 17, 1985",Denver,Colorado
Eddie Gill,7,187,571,207,217,104,14,0.361,0.32,0.847,"Aug 16, 1978",Aurora,Colorado
Glen Gondrezick,6,435,2544,1964,605,485,117,0.473,0.143,0.724,"Aug 30, 1955",Boulder,Colorado
Grant Gondrezick,2,91,454,146,115,38,5,0.438,0.25,0.687,"Jan 19, 1963",Boulder,Colorado
Tom Hovasse,1,2,0,0,0,1,0,0,0,,"Jan 31, 1967",Durango,Colorado
Joe Kleine,15,965,4666,3991,622,261,285,0.453,0.271,0.794,"Jan 4, 1962",Colorado Springs,Colorado
Darrick Martin,13,514,3525,588,1475,340,22,0.382,0.34,0.843,"Mar 06, 1971",Denver,Colorado
Eric McWilliams,1,44,86,60,5,,,0.347,,0.486,"Apr 18, 1950",Denver,Colorado
Chuck Nevitt,9,155,251,239,19,18,111,0.438,,0.589,"Jun 13, 1959",Cortez,Colorado
Michael Ruffin,9,414,716,1632,250,199,193,0.407,0,0.459,"Jan 21, 1977",Denver,Colorado
Ron Shavlik,2,8,10,23,0,,,0.174,,0.4,"Dec 4, 1933",Denver,Colorado
Jason Smith,9,514,3262,1770,395,189,342,0.467,0.297,0.786,"Mar 02, 1986",Greeley,Colorado
Charles Williams,6,372,6020,1157,992,,,0.39,0.264,0.713,"Sep 5, 1943",Colorado Springs,Colorado
Chuck Williams,8,638,6894,1489,2869,399,43,0.467,0.291,0.79,"Jun 6, 1946",Boulder,Colorado
Dexter Boney,1,8,19,6,0,2,1,0.316,0.167,0.75,"Apr 27, 1970",Wilmington,Delaware
A.J. English,2,151,1502,315,320,57,24,0.435,0.138,0.778,"Jul 11, 1967",Wilmington,Delaware
Joey Graham,6,377,2239,1058,207,134,43,0.483,0.3,0.815,"Jun 11, 1982",Wilmington,Delaware
Stephen Graham,6,239,966,424,117,57,19,0.446,0.308,0.766,"Jun 11, 1982",Wilmington,Delaware
Walt Hazzard,10,724,9087,2146,3555,26,6,0.441,,0.757,"Apr 15, 1942",Wilmington,Delaware
Ronnie Murphy,1,18,36,11,6,5,1,0.286,0.25,0.636,"Jul 29, 1964",Dover,Delaware
Terence Stansbury,3,192,1200,277,390,119,20,0.444,0.224,0.779,"Feb 27, 1961",Wilmington,Delaware
Johnny Austin,2,45,340,71,62,,,0.375,0,0.731,"Aug 31, 1944",Washington,DC
Thurl Bailey,12,928,11834,4718,1298,435,1086,0.473,0.114,0.812,"Apr 7, 1961",Washington,DC
Tim Bassett,7,473,2933,3148,576,358,227,0.423,0.286,0.588,"Apr 1, 1951",Washington,DC
John Battle,10,612,5338,824,1257,273,43,0.464,0.273,0.793,"Nov 9, 1962",Washington,DC
Elgin Baylor*,14,846,23149,11463,3650,,,0.431,,0.78,"Sep 16, 1934",Washington,DC
Dave Bing*,12,901,18327,3420,5397,483,89,0.441,,0.775,"Nov 24, 1943",Washington,DC
Adrian Branch,4,130,834,253,96,83,17,0.455,0.231,0.744,"Nov 17, 1963",Washington,DC
Austin Carr,10,682,10473,1990,1878,433,66,0.449,0.154,0.804,"Mar 10, 1948",Washington,DC
Kenny Carr,10,674,7813,4999,923,484,296,0.51,0.079,0.684,"Aug 15, 1955",Washington,DC
Jerry Chambers,6,320,2667,1032,270,11,3,0.44,0.2,0.774,"Jul 18, 1943",Washington,DC
Randolph Childress,2,51,124,25,49,17,1,0.328,0.273,0.8,"Sep 21, 1972",Washington,DC
Adrian Dantley*,15,955,23177,5455,2830,944,150,0.54,0.171,0.818,"Feb 28, 1956",Washington,DC
Ed Davis,7,466,3211,2990,390,252,448,0.562,0,0.57,"Jun 05, 1989",Washington,DC
Johnny Dawkins,9,541,5984,1336,2997,618,29,0.456,0.33,0.857,"Sep 28, 1963",Washington,DC
Sherman Douglas,12,765,8425,1672,4536,785,76,0.484,0.267,0.678,"Sep 15, 1966",Washington,DC
Kevin Durant,10,670,18310,4761,2495,809,685,0.486,0.381,0.882,"Sep 29, 1988",Washington,DC
John Duren,3,201,712,226,411,104,11,0.435,0.12,0.75,"Oct 30, 1958",Washington,DC
Blue Edwards,10,704,7585,2376,1409,728,297,0.475,0.335,0.779,"Oct 31, 1965",Washington,DC
Sharrod Ford,1,3,4,3,0,0,1,0.667,,,"Jan 09, 1982",Washington,DC
Treveon Graham,1,6,15,7,2,0,0,0.625,0.6,1,"Oct 29, 1993",Washington,DC
Claude Gregory,2,25,136,97,16,10,13,0.456,0,0.333,"Dec 26, 1958",Washington,DC
Fred Hetzel,6,416,4658,2444,462,,,0.421,,0.817,"Jul 21, 1942",Washington,DC
Donald Hodge,5,249,1182,809,191,84,95,0.437,0.286,0.711,"Feb 25, 1969",Washington,DC
Tom Hoover,5,223,1311,1388,237,,,0.447,0.333,0.626,"Jan 23, 1941",Washington,DC
John Hummer,6,327,2248,1733,543,42,38,0.438,,0.524,"May 4, 1948",Washington,DC
Mike Jackson,4,264,2683,1506,254,117,63,0.508,0.267,0.766,"Jul 31, 1949",Washington,DC
Chris Johnson,3,71,205,132,13,16,46,0.562,,0.699,"Jul 15, 1985",Washington,DC
DerMarr Johnson,7,344,2121,769,304,198,149,0.411,0.336,0.789,"May 05, 1980",Washington,DC
Anthony Jones,3,164,594,214,119,85,38,0.393,0.306,0.74,"Sep 13, 1962",Washington,DC
Collis Jones,4,298,2426,1409,338,126,46,0.454,0.214,0.702,"Jul 3, 1949",Washington,DC
Johnny Jones,2,80,417,231,60,,,0.358,0,0.597,"Mar 12, 1943",Washington,DC
Eddie Jordan,7,420,3414,788,1595,766,96,0.414,0.224,0.763,"Jan 29, 1955",Washington,DC
Tim Legler,10,310,2182,481,402,149,41,0.447,0.431,0.84,"Dec 26, 1966",Washington,DC
Cedric Lewis,1,3,4,2,0,1,0,0.667,,,"Sep 24, 1969",Washington,DC
Gene Littles,6,450,4066,1475,1336,277,21,0.476,0.24,0.738,"Jun 29, 1943",Washington,DC
Sidney Lowe,4,193,562,335,749,191,9,0.367,0.133,0.764,"Jan 21, 1960",Washington,DC
John Lucas III,8,242,1147,237,362,88,2,0.383,0.344,0.768,"Nov 21, 1982",Washington,DC
Bill Martin,3,84,397,136,58,30,9,0.449,0,0.813,"Aug 16, 1962",Washington,DC
Roger Mason,10,518,3289,897,677,189,75,0.408,0.383,0.866,"Sep 10, 1980",Washington,DC
Mike Morrison,1,36,72,20,11,2,0,0.338,0.286,0.8,"Aug 16, 1967",Washington,DC
Lawrence Moten,3,119,747,181,182,77,32,0.408,0.299,0.652,"Mar 25, 1972",Washington,DC
Moochie Norris,9,445,2272,868,1233,321,19,0.401,0.286,0.74,"Jul 27, 1973",Washington,DC
Patrick Patterson,7,439,3505,2096,549,269,235,0.461,0.366,0.746,"Mar 14, 1989",Washington,DC
Curtis Perry,8,480,4578,4239,906,379,291,0.455,,0.699,"Sep 13, 1948",Washington,DC
Dominic Pressley,1,13,23,15,26,4,0,0.29,0,0.556,"May 30, 1964",Washington,DC
Don Reid,8,403,1454,1169,143,182,282,0.53,0,0.658,"Dec 30, 1973",Washington,DC
Bernard Robinson,3,128,576,315,126,109,16,0.417,0.161,0.786,"Dec 26, 1980",Washington,DC
Thomas Robinson,5,283,1336,1350,166,143,106,0.456,0,0.509,"Mar 17, 1991",Washington,DC
Craig Shelton,2,59,240,141,27,19,5,0.453,0,0.6,"May 1, 1957",Washington,DC
Tom Sluby,1,31,73,12,16,3,0,0.517,0,0.619,"Feb 18, 1962",Washington,DC
Charles Smith,3,73,186,76,115,37,3,0.433,0,0.675,"Nov 29, 1967",Washington,DC
Michael Smith,7,449,2527,3193,661,361,248,0.538,0.143,0.529,"Mar 28, 1972",Washington,DC
Donell Taylor,2,98,266,106,90,47,7,0.395,0.206,0.641,"Jul 26, 1982",Washington,DC
Fatty Taylor,8,640,5098,2524,2563,935,56,0.438,0.206,0.676,"Mar 13, 1946",Washington,DC
John Thompson*,2,74,262,260,19,,,0.41,,0.595,"Sep 2, 1941",Washington,DC
Anthony Tucker,1,62,243,170,68,46,11,0.457,0,0.614,"Apr 4, 1969",Washington,DC
John Turner,1,42,117,78,12,6,4,0.439,,0.525,"Nov 30, 1967",Washington,DC
Ben Warley,8,436,3686,2436,356,,,0.418,0.284,0.751,"Sep 4, 1936",Washington,DC
Donald Washington,2,56,220,102,33,13,20,0.453,0,0.679,"Apr 22, 1952",Washington,DC
Kermit Washington,10,507,4666,4232,695,403,550,0.526,0,0.656,"Sep 17, 1951",Washington,DC
Stan Washington,1,1,0,0,0,0,0,0,,,"Jan 23, 1952",Washington,DC
Delonte West,8,432,4198,1265,1540,465,179,0.448,0.372,0.826,"Jul 26, 1983",Washington,DC
James White,3,67,182,68,35,17,6,0.438,0.34,0.676,"Oct 21, 1982",Washington,DC
Hawkeye Whitney,2,70,404,146,87,59,7,0.462,0.286,0.75,"Jun 22, 1957",Washington,DC
Bernie Williams,5,283,2622,523,556,1,0,0.406,0.232,0.824,"Dec 30, 1945",Washington,DC
Jerome Williams,9,587,3865,3743,474,618,128,0.502,0.038,0.645,"May 10, 1973",Washington,DC
Walt Williams,11,708,8385,2794,1637,658,406,0.425,0.379,0.743,"Apr 16, 1970",Washington,DC
Chris Wright,1,3,2,0,0,0,0,0.5,,,"Nov 04, 1989",Washington,DC
Sam Young,4,249,1436,573,180,134,57,0.442,0.28,0.742,"Jun 01, 1985",Washington,DC
Gary Alexander,1,11,19,15,2,3,0,0.571,,0.333,"Nov 1, 1969",Jacksonville,Florida
Randy Allen,2,70,252,145,23,17,20,0.442,0,0.533,"Jan 26, 1965",Milton,Florida
Trevor Ariza,13,825,8593,3911,1730,1243,271,0.428,0.354,0.715,"Jun 30, 1985",Miami,Florida
Chucky Atkins,11,696,6863,1186,2396,465,36,0.412,0.364,0.772,"Aug 14, 1974",Orlando,Florida
Vin Baker,13,791,11839,5867,1509,582,798,0.485,0.215,0.638,"Nov 23, 1971",Lake Wales,Florida
Otis Birdsong,12,696,12544,2072,2260,858,143,0.506,0.274,0.655,"Dec 9, 1955",Winter Haven,Florida
Steve Blake,13,870,5662,1816,3446,587,63,0.401,0.383,0.779,"Feb 26, 1980",Hollywood,Florida
Ricky Blanton,1,2,6,3,1,2,0,0.429,,,"Apr 21, 1966",Miami,Florida
Tony Bobbitt,1,2,5,3,0,0,0,0.4,0.5,,"Oct 22, 1979",Daytona,Florida
Alex Bradley,1,39,137,65,11,12,5,0.524,0,0.604,"Oct 30, 1959",Bradenton,Florida
Mike Brittain,2,38,63,53,7,4,12,0.5,,0.524,"Jun 21, 1963",Clearwater,Florida
Dee Brown,12,608,6758,1569,2227,800,205,0.436,0.357,0.825,"Nov 29, 1968",Jacksonville,Florida
Ticky Burden,3,134,1762,268,194,151,10,0.443,0.222,0.736,"Feb 28, 1953",Haines City,Florida
Nick Calathes,2,129,590,243,353,129,13,0.441,0.288,0.581,"Feb 07, 1989",Casselberry,Florida
Vince Carter,19,1298,24164,6000,4420,1380,782,0.438,0.372,0.799,"Jan 26, 1977",Daytona Beach,Florida
Jordan Clarkson,3,169,2388,595,469,180,22,0.439,0.34,0.818,"Jun 07, 1992",Tampa,Florida
Norris Coleman,1,29,153,81,13,11,6,0.346,0.5,0.556,"Sep 27, 1961",Jacksonville,Florida
James Collins,1,23,59,14,3,6,3,0.382,0.45,0.571,"Nov 05, 1973",Jacksonville,Florida
Chris Corchiani,3,112,416,129,243,73,4,0.421,0.269,0.816,"Mar 28, 1968",Coral Gables,Florida
Marquis Daniels,10,548,4319,1552,966,509,137,0.451,0.235,0.721,"Jan 07, 1981",Jasper,Florida
Ben Davis,4,40,54,53,5,6,2,0.356,,0.462,"Dec 26, 1972",Vero Beach,Florida
Mike Davis,1,8,14,10,0,0,4,0.4,,0.6,"Aug 2, 1956",Jacksonville,Florida
Darryl Dawkins,14,726,8733,4432,917,345,1023,0.572,0.133,0.685,"Jan 11, 1957",Orlando,Florida
Mickey Dillard,1,33,73,15,34,8,2,0.367,0,0.652,"Oct 15, 1958",Hollywood,Florida
Keyon Dooling,13,728,5067,964,1601,463,75,0.416,0.349,0.799,"May 08, 1980",Ft. Lauderdale,Florida
Zabian Dowdell,1,24,121,20,51,20,2,0.408,0.3,0.941,"Sep 10, 1984",Pahokee,Florida
Jarell Eddie,1,26,63,23,5,5,1,0.308,0.319,1,"Oct 30, 1991",Tampa,Florida
Doug Edwards,3,85,203,153,60,17,27,0.378,0,0.709,"Jan 21, 1971",Miami,Florida
Reggie Evans,13,809,3289,5765,458,566,115,0.465,0.091,0.528,"May 18, 1980",Pensacola,Florida
Daniel Ewing,2,127,431,158,174,69,10,0.389,0.295,0.78,"Mar 26, 1983",Milton,Florida
Carl Fuller,2,76,433,358,60,,,0.456,0,0.6,"Jan 10, 1946",St. Augustine,Florida
Alonzo Gee,8,416,2754,1358,441,379,101,0.434,0.325,0.754,"May 29, 1987",Riviera Beach,Florida
Artis Gilmore*,17,1329,24941,16330,3050,648,3178,0.582,0.15,0.698,"Sep 21, 1949",Chipley,Florida
Anthony Goldwire,8,266,1667,359,737,167,9,0.407,0.386,0.792,"Sep 06, 1971",West Palm Beach,Florida
Kenny Green,2,60,265,101,16,9,11,0.412,0,0.721,"Oct 11, 1964",Eustis,Florida
Taurean Green,1,17,27,10,11,2,0,0.28,0.182,0.917,"Nov 28, 1986",Fort Lauderdale,Florida
Orien Greene,4,131,326,195,155,98,15,0.387,0.212,0.642,"Feb 04, 1982",Gainesville,Florida
Glenn Hagan,1,4,7,4,8,3,0,0.429,,1,"Jun 25, 1955",Sanford,Florida
Shaler Halimon,5,254,1586,781,423,,,0.4,0.111,0.644,"Mar 30, 1945",Tampa,Florida
Tom Hammonds,12,687,3617,2243,378,167,136,0.48,0,0.691,"Mar 27, 1967",Fort Walton,Florida
Tim Hardaway,4,231,2283,416,293,99,34,0.416,0.344,0.799,"Mar 16, 1992",Miami,Florida
Udonis Haslem,14,822,6453,5675,716,417,246,0.491,0.091,0.757,"Jun 09, 1980",Miami,Florida
Alvin Heggs,1,4,8,2,0,0,0,0.6,,0.667,"Dec 12, 1967",Jacksonville,Florida
Jerome James,9,358,1540,1099,118,92,384,0.485,0,0.617,"Nov 17, 1975",Tampa,Florida
Tim James,3,43,68,46,11,2,9,0.329,0.333,0.652,"Dec 26, 1976",Miami,Florida
Chris Johnson,4,147,650,295,93,89,31,0.392,0.307,0.835,"Apr 29, 1990",Orlando,Florida
Clemon Johnson,10,761,4102,3508,744,349,717,0.492,0,0.621,"Sep 12, 1956",Monticello,Florida
Eddie Johnson,10,675,10163,1522,3436,761,89,0.476,0.326,0.791,"Feb 24, 1955",Ocala,Florida
Frank Johnson,10,596,4937,1025,2476,570,36,0.439,0.218,0.76,"Nov 23, 1958",Weirsdale,Florida
Dominique Jones,3,80,246,114,144,29,10,0.366,0.095,0.729,"Oct 15, 1988",Lake Wales,Florida
Eddie Jones,14,954,14155,3857,2812,1620,580,0.437,0.373,0.809,"Oct 20, 1971",Pompano Beach,Florida
James Jones,14,677,3638,1245,354,223,212,0.401,0.402,0.845,"Oct 04, 1980",Miami,Florida
Jumaine Jones,8,471,3325,1987,408,307,144,0.424,0.349,0.704,"Feb 10, 1979",Cocoa,Florida
Solomon Jones,8,281,839,654,99,58,154,0.467,0.111,0.717,"Jul 16, 1984",Eustis,Florida
Greg Kelser,6,305,2961,1402,411,239,150,0.486,0.167,0.686,"Sep 17, 1957",Panama City,Florida
Tarence Kinsey,3,109,511,147,53,68,1,0.453,0.324,0.817,"Mar 21, 1984",Tampa,Florida
Curtis Kitchen,1,6,9,9,1,2,3,0.5,0,0.75,"Jan 30, 1964",Cape Coral,Florida
Brandon Knight,6,357,5604,1238,1582,346,66,0.414,0.358,0.81,"Dec 02, 1991",Miami,Florida
Clifford Lett,2,11,38,7,8,2,1,0.432,0,0.667,"Dec 23, 1965",Pensacola,Florida
Anthony Mason,13,882,9656,7279,2963,648,244,0.509,0.167,0.709,"Dec 14, 1966",Miami,Florida
Wes Matthews,9,465,3654,626,1955,444,81,0.478,0.225,0.788,"Aug 24, 1959",Sarasota,Florida
Vernon Maxwell,13,855,10912,2200,2912,975,152,0.398,0.32,0.733,"Sep 12, 1965",Gainesville,Florida
Travis Mays,3,115,1273,233,326,102,14,0.41,0.362,0.749,"Jun 19, 1968",Ocala,Florida
George McCloud,12,766,6925,2342,1769,593,190,0.402,0.358,0.81,"May 27, 1967",Daytona Beach,Florida
Roderick McDonald,3,87,282,197,40,,,0.448,0.375,0.704,"Apr 9, 1945",Jacksonville,Florida
Tracy McGrady,15,938,18381,5276,4161,1136,807,0.435,0.338,0.746,"May 24, 1979",Bartow,Florida
Stan McKenzie,7,396,3579,1117,611,3,0,0.444,,0.802,"Oct 6, 1944",Miami,Florida
Otto Moore,9,682,5616,5575,1060,186,342,0.453,,0.609,"Aug 27, 1946",Miami,Florida
Chandler Parsons,6,347,4924,1741,1038,353,132,0.472,0.378,0.706,"Oct 25, 1988",Casselberry,Florida
Rich Peek,1,51,237,197,22,,,0.483,,0.538,"Oct 28, 1943",Miami,Florida
Will Perdue,13,792,3740,3918,595,226,527,0.515,0.067,0.577,"Aug 29, 1965",Melbourne,Florida
Howard Porter,7,457,4215,1872,211,156,212,0.469,,0.802,"Aug 31, 1948",Stuart,Florida
Ed Rains,2,83,287,124,62,28,3,0.423,0,0.626,"Dec 24, 1956",Ocala,Florida
Ryan Reid,1,5,8,2,0,0,0,0.8,,,"Oct 30, 1986",Lauderdale Lakes,Florida
Richard Rellford,1,4,16,7,1,0,3,0.625,,0.75,"Feb 16, 1964",Riviera Beach,Florida
Glen Rice,2,16,43,24,9,6,1,0.269,0.25,0.692,"Jan 01, 1991",Miami,Florida
Chris Richard,2,70,135,194,25,18,16,0.483,,0.605,"Dec 25, 1984",Lakeland,Florida
Mitch Richmond*,14,976,20497,3801,3398,1211,254,0.455,0.388,0.85,"Jun 30, 1965",Fort Lauderdale,Florida
Red Robbins,8,586,7703,6155,1001,71,65,0.466,0.305,0.818,"Sep 30, 1944",Leesburg,Florida
Rick Robey,8,493,3723,2301,611,220,90,0.501,0.125,0.65,"Jan 30, 1956",Coral Gables,Florida
David Robinson*,14,987,20790,10497,2441,1388,2954,0.518,0.25,0.736,"Aug 6, 1965",Key West,Florida
Truck Robinson,11,772,11988,7267,1348,533,510,0.483,1,0.662,"Oct 4, 1951",Jacksonville,Florida
Tree Rollins,18,1156,6249,6750,660,512,2542,0.522,0,0.7,"Jun 16, 1955",Winter Haven,Florida
Clifford Rozier,4,173,827,897,98,78,113,0.496,0.182,0.465,"Oct 31, 1972",Bradenton,Florida
Larry Sanders,5,233,1516,1341,174,151,428,0.48,0,0.55,"Nov 21, 1988",Fort Pierce,Florida
Dwayne Schintzius,8,217,587,536,93,30,117,0.404,0.125,0.638,"Oct 14, 1968",Brandon,Florida
Tom Sewell,1,21,20,4,6,3,1,0.25,0,0.5,"Mar 11, 1962",Pensacola,Florida
Otis Smith,6,375,3951,1416,690,377,188,0.455,0.251,0.762,"Jan 30, 1964",Jacksonville,Florida
Theron Smith,2,53,149,157,35,11,9,0.335,0.375,0.833,"Oct 03, 1980",Bartow,Florida
Marreese Speights,9,600,4744,2513,375,167,305,0.466,0.319,0.793,"Aug 04, 1987",St. Petersburg,Florida
Amar'e Stoudemire,14,846,15994,6632,1050,636,1054,0.537,0.236,0.761,"Nov 16, 1982",Lake Wales,Florida
Joe Strawder,3,231,1977,2296,245,,,0.426,,0.686,"Sep 21, 1940",Belle Glade,Florida
Roger Strickland,1,1,2,0,0,,,0.333,,,"Sep 4, 1940",Jacksonville,Florida
Jermaine Taylor,2,65,351,108,48,24,8,0.441,0.284,0.73,"Dec 08, 1986",Tavares,Florida
Jim Thomas,4,161,1355,418,377,142,12,0.471,0.17,0.763,"Oct 19, 1960",Lakeland,Florida
Otis Thorpe,17,1257,17600,10370,2730,840,501,0.546,0.047,0.687,"Aug 5, 1962",Boynton Beach,Florida
David Vanterpool,1,22,122,37,66,23,3,0.418,0,0.6,"Mar 31, 1973",Daytona Beach,Florida
Darius Washington,1,18,53,20,15,5,0,0.438,0.333,0.538,"Dec 06, 1985",Winter Park,Florida
Walt Wesley,10,590,5002,3243,385,16,25,0.434,,0.63,"Jan 25, 1945",Fort Myers,Florida
Lorenzo Williams,7,253,757,1603,247,134,350,0.469,0,0.377,"Jul 15, 1969",Ocala,Florida
Shareef Abdur-Rahim,12,830,15028,6239,2109,820,638,0.472,0.297,0.81,"Dec 11, 1976",Marietta,Georgia
Don Adams,7,523,4598,2916,1011,334,64,0.402,0,0.741,"Nov 27, 1947",Atlanta,Georgia
Jordan Adams,2,32,101,30,19,19,7,0.402,0.385,0.607,"Jul 08, 1994",Atlanta,Georgia
Morris Almond,3,38,119,46,12,12,4,0.381,0.292,0.743,"Feb 02, 1985",Dalton,Georgia
Al-Farouq Aminu,7,472,3310,2578,563,451,271,0.427,0.317,0.723,"Sep 21, 1990",Atlanta,Georgia
Shandon Anderson,10,719,5327,2252,1007,556,180,0.457,0.316,0.739,"Dec 31, 1973",Atlanta,Georgia
Tate Armstrong,2,92,350,88,105,33,0,0.454,,0.8,"Oct 5, 1955",Moultrie,Georgia
William Avery,3,142,379,93,199,34,6,0.33,0.255,0.714,"Aug 08, 1979",Augusta,Georgia
James Bailey,9,595,5246,2988,488,305,521,0.484,0.077,0.703,"May 21, 1957",Dublin,Georgia
Al Beard,1,12,30,46,0,,,0.522,,0.545,"Apr 27, 1942",Fort Valley,Georgia
Malik Beasley,1,9,26,4,3,2,0,0.31,0.308,0.667,"Nov 26, 1996",Atlanta,Georgia
Ray Blume,1,49,226,41,68,23,2,0.459,0.222,0.643,"Sep 23, 1958",Valdosta,Georgia
Jamison Brewer,4,54,89,50,56,19,2,0.372,0.25,0.393,"Nov 19, 1980",East Point,Georgia
Malcolm Brogdon,1,27,207,60,84,27,2,0.418,0.417,0.848,"Dec 11, 1992",Atlanta,Georgia
Jaylen Brown,1,28,147,52,16,11,10,0.441,0.324,0.622,"Oct 24, 1996",Marietta,Georgia
Lorenzo Brown,3,63,206,105,142,44,10,0.369,0.152,0.667,"Aug 26, 1990",Roswell,Georgia
Raymond Brown,1,16,16,15,4,0,0,0.286,,0,"Jul 5, 1965",Atlanta,Georgia
Kentavious Caldwell-Pope,4,268,3045,799,390,311,51,0.408,0.335,0.773,"Feb 18, 1993",Thomaston,Georgia
Kelvin Cato,10,541,2960,2874,244,292,685,0.507,0.077,0.644,"Aug 26, 1974",Atlanta,Georgia
Ben Clyde,1,25,69,41,5,5,3,0.431,,0.778,"Jun 10, 1951",Albany,Georgia
Art Collins,1,29,94,41,25,11,1,0.354,0,0.667,"Apr 14, 1954",Sandersville,Georgia
Wayne Cooper,14,984,7777,6095,852,295,1535,0.457,0.146,0.736,"Nov 16, 1956",Milan,Georgia
Lanard Copeland,2,33,90,17,14,3,1,0.418,0.143,0.813,"Jul 16, 1965",Atlanta,Georgia
Javaris Crittenton,2,113,595,276,201,59,8,0.442,0.231,0.638,"Dec 31, 1987",Atlanta,Georgia
Corey Crowder,2,58,120,44,18,8,2,0.369,0.382,0.708,"Apr 13, 1969",Carrollton,Georgia
Jae Crowder,5,331,2680,1150,431,342,105,0.43,0.331,0.783,"Jul 06, 1990",Villa Rica,Georgia
Vonteego Cummings,3,199,1381,373,534,176,32,0.383,0.321,0.726,"Feb 29, 1976",Thomson,Georgia
William Cunningham,2,23,14,38,2,3,11,0.259,,0,"Mar 25, 1974",Augusta,Georgia
Jermareo Davidson,2,52,162,96,14,9,18,0.425,,0.578,"Nov 15, 1984",Atlanta,Georgia
Dale Davis,16,1094,8706,8605,978,691,1270,0.53,0,0.562,"Mar 25, 1969",Toccoa,Georgia
Hook Dillon,1,22,36,,5,,,0.182,,0.727,"Jan 8, 1924",Savannah,Georgia
Jacky Dorsey,3,60,143,141,16,12,6,0.389,,0.544,"Dec 18, 1954",Atlanta,Georgia
Toney Douglas,8,376,2927,830,849,337,26,0.405,0.359,0.823,"Mar 16, 1986",Jonesboro,Georgia
Dale Ellis,17,1209,19004,4201,1746,974,183,0.479,0.403,0.784,"Aug 6, 1960",Marietta,Georgia
Harold Ellis,3,145,840,291,89,159,18,0.527,0.048,0.653,"Oct 07, 1970",Atlanta,Georgia
Pervis Ellison,11,474,4494,3170,691,293,752,0.51,0.05,0.689,"Apr 3, 1967",Savannah,Georgia
Claude English,1,18,27,20,6,,,0.262,,0.714,"Dec 26, 1946",Columbus,Georgia
Derrick Favors,7,444,5138,3213,461,356,603,0.511,0.111,0.667,"Jul 15, 1991",Atlanta,Georgia
Gerald Fitch,1,18,84,30,33,7,5,0.337,0.269,0.739,"Aug 12, 1982",Columbus,Georgia
Joseph Forte,2,25,30,17,17,6,0,0.234,0,0.8,"Mar 23, 1981",Atlanta,Georgia
Jim Fox,10,743,6945,5525,1201,151,79,0.479,,0.77,"Apr 7, 1943",Atlanta,Georgia
Walt Frazier*,13,825,15581,4830,5040,681,63,0.49,0,0.786,"Mar 29, 1945",Atlanta,Georgia
World B. Free,13,886,17955,2430,3319,910,223,0.456,0.337,0.753,"Dec 9, 1953",Atlanta,Georgia
Mike Glenn,10,593,4496,710,952,318,43,0.542,0.286,0.855,"Sep 10, 1955",Rome,Georgia
Dion Glover,6,294,2407,897,455,233,65,0.411,0.317,0.756,"Oct 22, 1978",Marietta,Georgia
Andrew Goudelock,3,49,197,34,24,10,2,0.393,0.345,0.875,"Dec 07, 1988",Gainesville,Georgia
Harvey Grant,11,783,7781,3436,1219,599,428,0.469,0.267,0.709,"Jul 4, 1965",Augusta,Georgia
Horace Grant,17,1165,12996,9443,2575,1143,1136,0.509,0.063,0.692,"Jul 4, 1965",Augusta,Georgia
Ken Green,1,7,31,27,2,4,0,0.481,,0.556,"Sep 19, 1959",Newman,Georgia
Phil Hankinson,2,31,122,57,6,4,1,0.491,,0.769,"Jul 26, 1951",Augusta,Georgia
Charlie Hardnett,3,164,1198,930,103,,,0.423,,0.647,"Sep 13, 1938",Atlanta,Georgia
Derek Harper,16,1199,16006,2884,6577,1957,304,0.463,0.354,0.745,"Oct 13, 1961",Elberton,Georgia
Donnell Harvey,5,205,1150,827,161,97,80,0.46,0.1,0.659,"Aug 26, 1980",Shellman,Georgia
Jarvis Hayes,7,427,3553,1330,459,312,56,0.415,0.356,0.798,"Aug 09, 1981",Atlanta,Georgia
Gar Heard,11,787,6828,5876,1220,784,780,0.414,0,0.654,"May 3, 1948",Hogansville,Georgia
Cedric Henderson,1,8,11,8,0,0,0,0.5,,1,"Oct 3, 1965",Marietta,Georgia
J.J. Hickson,8,534,5081,3639,449,274,309,0.505,0,0.617,"Sep 04, 1988",Atlanta,Georgia
Jordan Hill,8,405,3226,2381,322,149,272,0.497,0.136,0.699,"Jul 27, 1987",Atlanta,Georgia
Wilbur Holland,4,276,3760,842,922,475,44,0.452,,0.799,"Nov 8, 1951",Columbus,Georgia
Dwight Howard,13,906,16019,11488,1353,892,1862,0.583,0.093,0.567,"Dec 08, 1985",Atlanta,Georgia
Mervin Jackson,5,262,3032,860,813,,,0.411,0.336,0.817,"Aug 15, 1946",Savannah,Georgia
Bernard James,3,92,203,212,13,17,61,0.497,0,0.68,"Feb 07, 1985",Savannah,Georgia
Dontell Jefferson,1,6,29,12,9,4,1,0.5,0.5,0.667,"Dec 15, 1983",Lithonia,Georgia
Alexander Johnson,2,102,439,275,30,38,45,0.517,,0.672,"Feb 08, 1983",Albany,Georgia
Ed Johnson,3,166,2039,1688,180,,,0.474,0.333,0.554,"Jun 17, 1944",Atlanta,Georgia
Reggie Johnson,4,305,2564,1238,262,128,169,0.505,0.143,0.716,"Jun 25, 1957",Atlanta,Georgia
DeQuan Jones,1,63,233,105,16,19,22,0.436,0.257,0.667,"Jun 20, 1990",Stone Mountain,Georgia
Jonathan Kerner,1,1,0,0,0,0,0,0,,,"Jun 06, 1974",Atlanta,Georgia
Julius Keye,6,418,3161,4602,657,44,380,0.418,0.182,0.623,"Sep 5, 1946",Toccoa,Georgia
Frankie King,2,13,27,16,7,6,0,0.357,0.333,0.75,"Jun 06, 1972",Baxley,Georgia
Gani Lawal,1,1,0,0,0,0,0,,,,"Nov 07, 1988",College Park,Georgia
Travis Leslie,1,10,14,9,5,2,2,0.357,,0.444,"Mar 29, 1990",Atlanta,Georgia
Darrell Lockhart,1,2,4,3,0,0,0,1,,,"Sep 14, 1960",Thomaston,Georgia
Randolph Mahaffey,4,321,3815,2554,507,,,0.445,0,0.684,"Sep 28, 1945",LaGrange,Georgia
Johnny Mathis,1,51,173,194,28,,,0.371,0,0.636,"Jul 14, 1943",Eastman,Georgia
Jordan McRae,2,39,161,39,34,8,3,0.382,0.39,0.744,"Mar 28, 1991",Savannah,Georgia
Jodie Meeks,8,429,4205,924,473,360,27,0.421,0.373,0.882,"Aug 21, 1987",Norcross,Georgia
Greg Minor,5,277,1902,741,384,156,46,0.478,0.226,0.767,"Sep 18, 1971",Sandersville,Georgia
Mike Mitchell,10,759,15016,4246,1010,530,400,0.493,0.216,0.779,"Jan 1, 1956",Atlanta,Georgia
Sam Mitchell,13,994,8636,3711,1089,548,301,0.447,0.223,0.784,"Sep 2, 1963",Columbus,Georgia
Tony Mitchell,1,3,6,1,1,1,0,0.6,0,,"Aug 07, 1989",Swainsboro,Georgia
Chris Morris,11,747,8184,3544,1182,917,540,0.441,0.306,0.739,"Jan 20, 1966",Atlanta,Georgia
Kevin Murphy,1,17,15,4,2,1,0,0.25,0.2,,"Mar 06, 1990",Atlanta,Georgia
Lloyd Neal,7,435,4846,3370,632,178,324,0.485,,0.672,"Dec 10, 1950",Talbottom,Georgia
Norm Nixon,10,768,12065,1991,6386,1187,71,0.483,0.294,0.772,"Oct 11, 1955",Macon,Georgia
Jim Nolan,1,5,8,,4,,,0.19,,,"Jun 9, 1927",Macon,Georgia
Myles Patrick,1,3,5,2,1,0,0,0.4,,0.5,"Nov 19, 1954",Macon,Georgia
Charlie Paulk,3,120,741,462,41,,,0.392,,0.611,"Jun 14, 1946",Fitzgerald,Georgia
George Peeples,6,309,2502,2242,304,,,0.441,0,0.639,"Oct 30, 1943",,Georgia
Lavor Postell,3,61,195,45,13,12,2,0.335,0.25,0.795,"Feb 26, 1978",Albany,Georgia
Tim Quarterman,1,10,16,5,4,0,2,0.875,0.667,,"Oct 27, 1994",Savannah,Georgia
Luther Rackley,5,278,1755,1290,179,3,4,0.461,0,0.631,"Jun 11, 1946",Bainbridge,Georgia
Robert Reid,13,919,10448,4168,2500,973,403,0.458,0.291,0.732,"Aug 30, 1955",Atlanta,Georgia
Chris Robinson,2,76,350,117,104,47,13,0.376,0.374,0.571,"Apr 02, 1974",Columbus,Georgia
Jeff Sanders,4,55,112,103,25,18,9,0.395,,0.609,"Jan 14, 1966",Augusta,Georgia
Jeffrey Sheppard,1,18,40,22,16,3,0,0.385,0.286,0.615,"Sep 29, 1974",Marietta,Georgia
Garret Siler,1,21,45,28,3,1,4,0.548,,0.5,"Oct 25, 1986",Augusta,Georgia
Chris Singleton,3,148,612,472,92,117,57,0.376,0.319,0.633,"Nov 21, 1989",Canton,Georgia
Derek Smith,9,408,5232,1300,866,265,175,0.499,0.294,0.753,"Nov 1, 1961",Hogansville,Georgia
Elmore Smith,8,562,7541,5962,808,325,1183,0.482,,0.579,"May 9, 1949",Macon,Georgia
Jabari Smith,4,108,329,178,66,37,26,0.413,0.125,0.69,"Feb 12, 1977",Atlanta,Georgia
Josh Smith,12,891,12994,6649,2789,1083,1713,0.453,0.285,0.632,"Dec 05, 1985",College Park,Georgia
Elmore Spencer,5,157,923,555,109,53,170,0.516,0,0.58,"Dec 6, 1969",Atlanta,Georgia
Mark Strickland,8,281,1281,771,102,79,110,0.488,0.222,0.668,"Jul 14, 1970",Atlanta,Georgia
Aaron Swinson,1,9,24,8,3,1,0,0.556,,0.8,"Jan 09, 1971",Brunswick,Georgia
Joe Thomas,1,39,55,43,17,,,0.267,,0.45,"Mar 9, 1948",Canton,Georgia
Kenny Thomas,11,632,5876,4341,975,527,276,0.465,0.244,0.699,"Jul 25, 1977",Atlanta,Georgia
Al Thornton,4,296,3527,1233,353,185,152,0.452,0.293,0.747,"Dec 07, 1983",Perry,Georgia
Sedale Threatt,14,951,9327,1709,3613,1138,136,0.485,0.293,0.815,"Sep 10, 1961",Atlanta,Georgia
Ansley Truitt,1,16,39,38,2,,,0.429,,0.333,"Aug 24, 1950",West Point,Georgia
Kenny Walker,7,448,3128,1793,299,235,299,0.485,0.206,0.749,"Aug 18, 1964",Roberta,Georgia
Perry Warbington,1,5,10,8,16,0,0,0.19,,1,"Sep 7, 1952",Atlabta,Georgia
Charlie Ward,11,630,3947,1648,2539,776,128,0.408,0.364,0.771,"Oct 12, 1970",Thomasville,Georgia
John Warren,5,303,1814,687,564,27,6,0.43,,0.827,"Jul 7, 1947",Sparta,Georgia
Eddie Lee Wilkins,6,322,1534,1002,62,82,60,0.47,0,0.564,"May 7, 1962",Cartersville,Georgia
Gerald Wilkins,13,900,11736,2646,2697,907,208,0.45,0.316,0.745,"Sep 11, 1963",Atlanta,Georgia
Corey Williams,2,39,92,37,29,6,2,0.367,0.25,0.826,"Apr 24, 1970",Twiggs,Georgia
Dontonio Wingfield,4,114,423,275,76,39,15,0.389,0.309,0.721,"Jun 23, 1974",Albany,Georgia
Al Wood,6,417,4902,1262,742,310,159,0.465,0.211,0.789,"Jun 2, 1958",Gray,Georgia
Sharone Wright,4,203,1974,1023,118,82,203,0.456,0.083,0.618,"Jan 30, 1973",Macon,Georgia
Cedric Ceballos,11,609,8693,3258,723,450,183,0.5,0.309,0.753,"Aug 2, 1969",Maui,Hawaii
Red Rocha,9,586,6362,2747,1153,,,0.37,,0.759,"Sep 18, 1923",Hilo,Hawaii
Charlie Black,3,136,1245,31,312,,,0.283,,0.601,"Jun 15, 1921",Arco,Idaho
Steve Hayes,5,212,545,526,85,32,102,0.482,0,0.5,"Aug 2, 1955",American Falls,Idaho
Luke Ridnour,12,830,7740,1877,3713,814,161,0.431,0.349,0.862,"Feb 13, 1981",Coeur d'Alene,Idaho
Dale Wilkinson,1,12,14,4,2,0,0,0.25,0,0.857,"Mar 18, 1960",Pocatello,Idaho
Mark Aguirre,13,923,18458,4578,2871,687,296,0.484,0.312,0.741,"Dec 10, 1959",Chicago,Illinois
Cliff Alexander,1,8,10,6,0,1,2,0.5,,,"Nov 16, 1995",Chicago,Illinois
Tony Allen,13,751,6147,2575,993,1074,318,0.476,0.277,0.716,"Jan 11, 1982",Chicago,Illinois
Ashraf Amaya,2,85,379,355,36,29,13,0.455,0.5,0.633,"Nov 23, 1971",Oak Park,Illinois
Eric Anderson,2,27,42,31,5,3,2,0.343,1,0.593,"May 26, 1970",Chicago,Illinois
J.J. Anderson,3,157,751,439,110,107,39,0.465,0,0.558,"Sep 23, 1960",Chicago,Illinois
Nick Anderson,13,800,11529,4064,2087,1114,364,0.446,0.356,0.667,"Jan 20, 1968",Chicago,Illinois
Ron Anderson,10,664,7056,2312,952,470,90,0.471,0.287,0.814,"Oct 15, 1958",Chicago,Illinois
Jim Ard,8,431,1909,1832,278,59,121,0.402,0.235,0.662,"Sep 19, 1948",Harvey,Illinois
James Augustine,2,27,42,33,4,5,2,0.514,,0.5,"Feb 27, 1984",Midlothian,Illinois
Maurice Baker,1,5,0,2,1,1,0,0,,,"Jul 28, 1979",Granite City,Illinois
Kenny Battle,4,134,627,327,106,98,31,0.504,0.133,0.725,"Oct 10, 1964",Aurora,Illinois
Lloyd Batts,1,58,598,197,106,73,6,0.366,0.286,0.617,"May 9, 1951",Chicago,Illinois
Elmer Behnke,1,4,16,17,4,,,0.273,,0.571,"Feb 3, 1929",Rockford,Illinois
Elmer Bennett,3,21,48,10,22,9,1,0.34,0.273,0.722,"Feb 13, 1970",Evanston,Illinois
Patrick Beverley,5,243,2231,910,790,293,103,0.414,0.374,0.761,"Jul 12, 1988",Chicago,Illinois
Cory Blackwell,1,60,202,96,26,25,3,0.367,0,0.509,"Mar 27, 1963",Chicago,Illinois
Bucky Bockhorn,7,474,5430,2234,1645,,,0.403,,0.748,"Jul 8, 1933",Campbell Hill,Illinois
George Bon Salle,1,3,4,2,0,,,0.25,,,"Jul 1, 1935",Chicago,Illinois
Walter Bond,3,153,873,289,177,97,34,0.409,0.299,0.767,"Feb 1, 1969",Chicago,Illinois
Donnie Boyce,2,30,79,25,16,13,5,0.349,0.25,0.5,"Sep 02, 1973",Chicago,Illinois
A.J. Bramlett,1,8,8,22,0,1,0,0.19,,,"Jan 10, 1977",Dekalb,Illinois
Brad Branson,2,72,391,206,52,32,30,0.422,0,0.725,"Sep 24, 1958",Harvey,Illinois
Jim Brewer,9,703,4099,4458,1038,556,510,0.448,0.077,0.571,"Dec 3, 1951",Maywood,Illinois
Andre Brown,3,75,197,178,11,14,8,0.516,0,0.5,"May 12, 1981",Chicago,Illinois
Randy Brown,12,655,3148,1173,1420,722,156,0.417,0.2,0.691,"May 22, 1968",Chicago,Illinois
Roger Brown,5,239,585,835,118,52,130,0.406,1,0.624,"Feb 23, 1950",Chicago,Illinois
Shannon Brown,9,408,3118,760,458,284,90,0.42,0.332,0.807,"Nov 29, 1985",Maywood,Illinois
Tony Brown,7,360,2163,766,563,234,40,0.437,0.259,0.719,"Jul 29, 1960",Chicago,Illinois
Jim Browne,2,35,50,,8,,,0.36,,0.483,"Jan 1, 1930",Midlothian,Illinois
Em Bryant,8,566,3722,1593,1700,,,0.41,,0.69,"Nov 4, 1938",Chicago,Illinois
Quinn Buckner,10,719,5929,1969,3114,1337,80,0.461,0.184,0.657,"Aug 20, 1954",Phoenix,Illinois
Will Bynum,8,360,2921,561,1185,256,29,0.442,0.272,0.799,"Jan 04, 1983",Chicago,Illinois
Corky Calhoun,8,542,2896,1962,601,293,132,0.46,,0.782,"Nov 1, 1950",Waukegan,Illinois
Brian Cardinal,12,456,2108,1050,465,295,69,0.408,0.372,0.861,"May 02, 1977",Tolono,Illinois
Howie Carl,1,31,170,39,57,,,0.333,,0.706,"Jun 7, 1938",Chicago,Illinois
Maurice Cheeks,15,1101,12195,3088,7392,2310,294,0.523,0.255,0.793,"Sep 8, 1956",Chicago,Illinois
Keon Clark,6,353,2882,2096,322,184,571,0.5,0.053,0.645,"Apr 16, 1975",Danville,Illinois
Doug Collins,8,415,7427,1339,1368,518,114,0.501,0,0.833,"Jul 28, 1951",Christopher,Illinois
Sherron Collins,1,20,17,5,8,2,0,0.28,0.2,1,"Mar 18, 1987",Chicago,Illinois
Brian Cook,9,421,2312,1115,252,135,134,0.439,0.382,0.783,"Dec 04, 1980",Lincoln,Illinois
Norm Cook,2,27,65,30,6,10,3,0.373,,0.529,"Mar 21, 1955",Chicago,Illinois
Jack Cooley,1,16,27,25,1,6,3,0.409,,0.429,"Apr 04, 1991",Evanston,Illinois
Dave Corzine,13,891,7615,5262,1477,369,848,0.484,0.189,0.747,"Apr 25, 1956",Arlington Heights,Illinois
Robert Covington,4,169,2067,881,233,245,89,0.385,0.354,0.804,"Dec 14, 1990",Bellwood,Illinois
Jeff Cross,1,21,26,30,1,2,3,0.25,,0.56,"Sep 1, 1961",Chicago,Illinois
Russell Cross,1,45,166,82,22,12,7,0.571,,0.418,"Sep 5, 1961",Chicago,Illinois
Terry Cummings,18,1183,19460,8630,2190,1255,650,0.484,0.295,0.706,"Mar 15, 1961",Chicago,Illinois
Eddy Curry,11,527,6820,2725,287,155,384,0.545,1,0.642,"Dec 05, 1982",Harvey,Illinois
Anthony Davis,5,289,6261,2844,496,385,705,0.513,0.281,0.784,"Mar 11, 1993",Chicago,Illinois
Jimmy Dawson,1,21,118,21,32,,,0.346,0.143,0.581,"Apr 18, 1945",Oak Park,Illinois
Todd Day,8,483,5917,1649,713,532,291,0.406,0.345,0.739,"Jan 07, 1970",Decatur,Illinois
Justin Dentmon,2,8,26,8,10,2,0,0.333,0.143,0.667,"Sep 05, 1985",Carbondale,Illinois
Bruce Douglas,1,8,14,14,17,9,0,0.292,0,0,"Apr 9, 1964",Quincy,Illinois
Nate Driggers,1,15,36,22,6,3,2,0.302,0,0.714,"Oct 12, 1973",Chicago,Illinois
Kevin Duckworth,11,684,8085,3945,598,329,316,0.468,0.208,0.736,"Apr 1, 1964",Harvey,Illinois
Tony Dumas,4,156,1140,198,186,65,19,0.404,0.327,0.608,"Aug 25, 1972",Chicago,Illinois
Acie Earl,4,193,980,517,61,63,126,0.403,0,0.667,"Jun 23, 1970",Peoria,Illinois
Dike Eddleman,4,267,3224,915,551,,,0.352,,0.63,"Dec 27, 1922",Centralia,Illinois
Bo Ellis,3,168,613,482,113,69,84,0.431,0,0.731,"Aug 8, 1954",Chicago,Illinois
LaPhonso Ellis,11,624,7410,4032,981,433,477,0.452,0.302,0.73,"May 05, 1970",East St. Louis,Illinois
Melvin Ely,9,375,1992,1215,261,99,209,0.46,0,0.625,"May 02, 1978",Harvey,Illinois
Scott English,3,105,593,423,107,50,20,0.414,0.1,0.77,"Oct 20, 1950",Evanston,Illinois
Brian Evans,3,102,375,164,77,35,18,0.381,0.343,0.82,"Sep 13, 1973",Rockford,Illinois
Bobby Fields,1,22,54,30,20,,,0.458,0.286,0.615,"Oct 20, 1949",Chicago,Illinois
Michael Finley,15,1103,17306,4804,3245,996,323,0.444,0.375,0.811,"Mar 06, 1973",Melrose Park,Illinois
Al Fleming,1,20,40,30,7,0,5,0.484,,0.588,"Apr 5, 1954",Chicago,Illinois
Donnie Freeman,9,648,12233,2292,2292,170,48,0.456,0.151,0.8,"Jul 18, 1944",Madison,Illinois
Larry Friend,1,44,175,106,47,,,0.327,,0.659,"Apr 14, 1935",Chicago,Illinois
Elmer Gainer,2,20,29,,10,,,0.227,,0.643,"Nov 22, 1918",Chicago,Illinois
Chad Gallagher,1,2,6,0,0,0,0,1,,,"May 30, 1969",Rockford,Illinois
Harry Gallatin*,10,682,8843,6684,1208,,,0.398,,0.773,"Apr 26, 1927",Roxana,Illinois
Kevin Gamble,10,649,6154,1457,1300,470,176,0.502,0.36,0.81,"Nov 13, 1965",Springfield,Illinois
Bill Garner,1,53,81,119,24,,,0.272,0,0.5,"Jun 17, 1940",East St. Louis,Illinois
Kiwane Garris,2,31,72,20,30,7,1,0.32,0.333,0.76,"Sep 24, 1974",Chicago,Illinois
Kendall Gill,15,966,12914,4002,2945,1519,432,0.434,0.3,0.754,"May 25, 1968",Chicago,Illinois
Rickey Green,14,946,8870,1819,5221,1348,51,0.469,0.207,0.807,"Aug 18, 1954",Chicago,Illinois
Derek Grimm,1,9,14,4,0,3,1,0.286,0.333,1,"Aug 03, 1974",Peoria,Illinois
A.J. Guyton,3,80,442,80,147,20,12,0.377,0.378,0.822,"Feb 12, 1978",Peoria,Illinois
Mike Hall,1,2,2,2,1,0,0,0.25,,,"Jun 05, 1984",Chicago,Illinois
Thomas Hamilton,2,33,107,112,16,4,23,0.4,,0.463,"Apr 03, 1975",Chicago,Illinois
Julian Hammond,5,329,3547,2036,421,,,0.514,0,0.691,"May 27, 1943",Chicago,Illinois
Luke Harangody,2,70,253,196,36,21,20,0.376,0.241,0.737,"Jan 02, 1988",Decatur,Illinois
Tim Hardaway,13,867,15373,2855,7095,1428,129,0.431,0.355,0.782,"Sep 1, 1966",Chicago,Illinois
Mike Harper,2,123,613,432,71,78,102,0.474,0,0.559,"Dec 9, 1957",Chicago,Illinois
Billy Harris,1,76,609,122,111,55,6,0.398,0.219,0.677,"Nov 12, 1951",Chicago,Illinois
Hersey Hawkins,13,983,14470,3554,2860,1622,302,0.461,0.394,0.87,"Sep 29, 1966",Chicago,Illinois
Tom Hawkins,10,764,6672,4607,871,,,0.447,,0.57,"Dec 22, 1936",Chicago,Illinois
Nate Hawthorne,3,162,882,333,108,72,42,0.421,,0.66,"Jan 15, 1950",Mt. Vernon,Illinois
Luther Head,6,348,2842,845,747,254,43,0.423,0.388,0.773,"Nov 26, 1982",Chicago,Illinois
Phil Hicks,2,57,132,94,32,13,0,0.447,,0.778,"Jan 31, 1953",Chicago,Illinois
Lew Hitch,6,414,2075,2183,499,,,0.376,,0.674,"Jul 16, 1929",Griggsville,Illinois
Craig Hodges,10,695,5940,937,1769,553,26,0.461,0.4,0.828,"Jun 27, 1960",Park Forest,Illinois
Randy Holcomb,1,4,2,1,0,0,0,1,,,"Aug 08, 1979",Chicago,Illinois
Richaun Holmes,2,72,432,226,51,32,59,0.513,0.234,0.67,"Oct 15, 1993",Lockport,Illinois
Jeff Hornacek,14,1077,15659,3646,5281,1536,226,0.496,0.403,0.877,"May 3, 1963",Elmhurst,Illinois
Ed Horton,1,45,202,108,19,9,5,0.494,0,0.609,"Dec 17, 1967",Springfield,Illinois
Juwan Howard,19,1208,16159,7428,2663,818,312,0.469,0.12,0.764,"Feb 07, 1973",Chicago,Illinois
Troy Hudson,11,517,4637,877,1748,273,30,0.401,0.339,0.858,"Mar 13, 1976",Carbondale,Illinois
Alfredrick Hughes,1,68,356,113,61,26,5,0.409,0.176,0.583,"Jul 19, 1962",Chicago,Illinois
Kim Hughes,6,425,1624,2367,374,419,502,0.479,,0.397,"Jun 4, 1952",Freeport,Illinois
Steven Hunter,8,400,1817,1264,79,49,422,0.56,0,0.485,"Oct 31, 1981",Chicago,Illinois
Andre Iguodala,13,928,12271,4925,4230,1496,435,0.462,0.333,0.714,"Jan 28, 1984",Springfield,Illinois
Byron Irvin,3,87,451,123,73,44,3,0.471,0.35,0.722,"Dec 2, 1966",LaGrange,Illinois
Dan Issel*,15,1218,27482,11133,2907,943,532,0.499,0.204,0.793,"Oct 25, 1948",Batavia,Illinois
Othyus Jeffers,3,37,139,95,22,21,0,0.46,0.167,0.667,"Aug 05, 1985",Chicago,Illinois
Armon Johnson,2,47,157,49,56,10,1,0.458,0.4,0.679,"Feb 23, 1989",Chicago,Illinois
Eddie Johnson,17,1199,19202,4832,2550,739,180,0.472,0.335,0.84,"May 1, 1959",Chicago,Illinois
Linton Johnson,6,151,582,493,65,84,63,0.416,0.305,0.699,"Jun 13, 1980",Chicago,Illinois
Mickey Johnson,12,904,12748,6465,2677,1025,632,0.449,0.165,0.8,"Aug 31, 1952",Chicago,Illinois
Reggie Jordan,6,186,500,343,190,92,31,0.433,0.333,0.585,"Jan 26, 1968",Chicago,Illinois
Frank Kaminsky,2,108,880,461,165,54,53,0.401,0.322,0.711,"Apr 04, 1993",Winfield,Illinois
Wilbert Kautz,1,50,253,,37,,,0.255,,0.534,"Sep 7, 1915",Chicago,Illinois
Red Kerr,12,905,12480,10092,2004,,,0.418,,0.723,"Jul 17, 1932",Chicago,Illinois
Walt Kirk,3,118,907,44,249,,,0.305,,0.718,"Sep 3, 1924",Mount Vernon,Illinois
Tom Kondla,1,42,138,125,13,,,0.4,0,0.478,"Nov 30, 1946",Brookfield,Illinois
Ronald Kozlicki,1,37,109,69,14,,,0.339,0.207,0.618,"Dec 12, 1944",Chicago,Illinois
Steve Kuberski,9,568,3114,2146,338,38,28,0.417,,0.767,"Nov 6, 1947",Moline,Illinois
C.J. Kupec,3,147,606,313,108,31,7,0.427,,0.772,"Jan 16, 1953",Oak Lawn,Illinois
Bob Lackey,2,71,413,164,137,1,0,0.431,0.4,0.593,"Apr 4, 1949",Evanston,Illinois
Sean Lampley,2,45,203,94,33,7,4,0.463,0,0.691,"Sep 03, 1979",Harvey,Illinois
Dan Langhi,4,133,393,199,39,30,12,0.391,0.289,0.613,"Nov 28, 1977",Chicago,Illinois
Priest Lauderdale,2,74,255,143,33,8,26,0.472,0,0.554,"Aug 31, 1973",Chicago,Illinois
Doug Lee,3,73,168,42,32,17,5,0.412,0.31,0.7,"Oct 24, 1964",Washington,Illinois
Gary Leonard,3,31,44,34,2,4,10,0.459,0,0.5,"Feb 16, 1967",Belleville,Illinois
Jim Les,7,321,1210,396,930,169,20,0.397,0.396,0.818,"Aug 18, 1963",Niles,Illinois
Marcus Liberty,4,267,1942,925,244,189,73,0.417,0.34,0.664,"Oct 27, 1968",Chicago,Illinois
DeAndre Liggins,4,76,150,106,42,35,10,0.445,0.412,0.545,"Mar 31, 1988",Chicago,Illinois
Shaun Livingston,12,650,4327,1648,2141,493,247,0.48,0.188,0.792,"Sep 11, 1985",Peoria,Illinois
Scott Lloyd,6,372,1694,1114,356,100,73,0.425,0.286,0.718,"Dec 19, 1952",Chicago,Illinois
Sam Mack,7,259,2011,533,336,164,37,0.4,0.374,0.831,"May 26, 1970",Chicago,Illinois
Corey Maggette,14,827,13198,4022,1696,590,139,0.453,0.324,0.822,"Nov 12, 1979",Melrose Park,Illinois
Renaldo Major,1,1,5,2,0,2,0,0.2,,0.5,"May 07, 1982",Chicago,Illinois
Shawn Marion,16,1163,17700,10101,2198,1759,1233,0.484,0.331,0.81,"May 07, 1978",Waukegan,Illinois
LaRue Martin,4,271,1430,1258,203,46,98,0.416,,0.685,"Mar 30, 1950",Chicago,Illinois
Marlon Maxey,2,98,479,363,22,27,51,0.542,0,0.685,"Feb 19, 1969",Chicago,Illinois
Jason Maxiell,10,618,3481,2576,266,230,490,0.495,0,0.564,"Feb 18, 1983",Chicago,Illinois
Sean May,4,119,821,481,115,53,47,0.458,0.231,0.746,"Apr 04, 1984",Chicago,Illinois
Ken Mayfield,1,13,37,8,4,0,0,0.37,,1,"May 11, 1948",Chicago,Illinois
Mel McCants,1,13,22,6,2,3,1,0.308,,0.75,"Aug 19, 1967",Chicago,Illinois
Kelly McCarty,1,2,4,3,0,0,0,0.667,,,"Aug 24, 1975",Chicago,Illinois
Amal McCaskill,4,114,204,213,36,24,36,0.377,0,0.609,"Oct 28, 1973",Maywood,Illinois
Glenn McDonald,3,146,609,215,99,51,25,0.4,,0.732,"Mar 18, 1952",Kewanee,Illinois
Billy McKinney,7,476,3823,677,1661,353,40,0.493,0.063,0.82,"Jun 5, 1955",Waukegan,Illinois
Jerel McNeal,1,6,9,3,2,3,1,0.273,0.5,1,"Jun 01, 1987",Chicago,Illinois
Paul McPherson,1,55,262,79,38,25,4,0.505,0.167,0.724,"Jul 03, 1978",Chicago,Illinois
Scott Meents,2,39,72,40,15,11,7,0.361,1,0.704,"Jan 4, 1964",Kankakee,Illinois
George Mikan*,7,439,10156,4167,1245,,,0.404,,0.782,"Jun 18, 1924",Joliet,Illinois
Darius Miles,7,446,4507,2190,840,384,495,0.472,0.168,0.59,"Oct 09, 1981",Belleville,Illinois
Quincy Miller,3,69,295,169,37,30,37,0.35,0.292,0.706,"Nov 18, 1992",Chicago,Illinois
Nazr Mohammed,18,1005,5827,4708,375,432,639,0.486,0,0.64,"Sep 05, 1977",Chicago,Illinois
Wayne Molis,2,59,280,192,41,,,0.417,0.667,0.649,"Apr 17, 1943",Chicago,Illinois
Andre Moore,1,10,24,14,6,2,1,0.333,,0.75,"Jul 2, 1964",Chicago,Illinois
Rex Morgan,2,62,172,91,39,,,0.375,,0.682,"Oct 27, 1948",Charleston,Illinois
Jerry Nagel,1,14,13,,18,,,0.214,,0.25,"May 18, 1928",Chicago,Illinois
Howard Nathan,1,5,13,0,2,3,0,0.556,0,0.75,"Jan 21, 1972",Peoria,Illinois
Tyrone Nesby,4,255,2431,941,370,264,93,0.404,0.316,0.772,"Jan 31, 1976",Cairo,Illinois
Carl Nicks,3,156,1067,297,249,132,7,0.462,0,0.57,"Oct 6, 1958",Chicago,Illinois
Ken Norman,10,646,8717,3949,1355,517,431,0.486,0.312,0.567,"Sep 5, 1964",Chicago,Illinois
Mike Novak,3,125,420,2,175,,,0.31,,0.566,"Apr 23, 1915",Chicago,Illinois
Steve Novak,11,463,2172,590,132,91,38,0.437,0.43,0.877,"Jun 13, 1983",Libertyville,Illinois
Don Ohl,10,727,11549,2163,2243,,,0.434,,0.732,"Apr 18, 1936",Murphysboro,Illinois
Jahlil Okafor,2,77,1200,495,90,31,90,0.509,0.167,0.665,"Dec 15, 1995",Chicago,Illinois
Jawann Oldham,10,329,1455,1353,162,97,546,0.479,0,0.607,"Jul 4, 1957",Chicago,Illinois
Brian Oliver,4,118,389,123,114,45,6,0.388,0.227,0.705,"Jun 1, 1968",Chicago,Illinois
Dean Oliver,2,35,64,24,44,10,0,0.32,0.158,0.765,"Nov 05, 1978",Quincy,Illinois
Jannero Pargo,11,499,3175,701,986,250,28,0.391,0.356,0.864,"Oct 22, 1979",Chicago,Illinois
Jeremy Pargo,2,83,391,86,147,28,2,0.373,0.313,0.652,"Mar 17, 1986",Chicago,Illinois
Anthony Parker,9,494,4478,1574,1129,439,85,0.444,0.404,0.794,"Jun 19, 1975",Naperville,Illinois
Jabari Parker,3,128,1921,683,230,130,40,0.491,0.336,0.746,"Mar 15, 1995",Chicago,Illinois
Sonny Parker,6,452,4471,1841,954,611,151,0.501,0,0.755,"Mar 22, 1955",Chicago,Illinois
Roger Phegley,6,345,3011,702,486,171,40,0.47,0.253,0.834,"Oct 16, 1956",East Peoria,Illinois
Jack Phelan,1,55,226,,57,,,0.325,,0.578,"Nov 6, 1925",Chicago,Illinois
Andy Phillip*,11,701,6384,2395,3759,,,0.368,,0.695,"Mar 7, 1922",Granite City,Illinois
Gary Phillips,5,348,2319,903,665,,,0.37,,0.629,"Dec 7, 1939",Quincy,Illinois
Kevin Porter,10,659,7645,1179,5314,830,72,0.483,0.188,0.737,"Apr 17, 1950",Chicago,Illinois
Roger Powell,1,3,2,3,0,0,0,0,0,1,"Jan 15, 1983",Joliet,Illinois
Marlbert Pradd,2,79,332,76,26,,,0.439,0.231,0.774,"Nov 17, 1944",Chicago,Illinois
George Ratkovicz,6,343,3141,1937,791,,,0.372,,0.673,"Nov 13, 1922",Chicago,Illinois
Don Rehfeldt,2,98,692,494,118,,,0.37,,0.758,"Jan 7, 1927",Chicago,Illinois
Kendall Rhine,2,125,786,1039,181,,,0.388,0,0.548,"Feb 13, 1943",Eldorado,Illinois
Quentin Richardson,13,783,8032,3666,1138,607,148,0.397,0.355,0.718,"Apr 13, 1980",Chicago,Illinois
Doc Rivers,13,864,9377,2625,4889,1563,351,0.444,0.328,0.784,"Oct 13, 1961",Chicago,Illinois
Flynn Robinson,8,543,7577,1372,1628,23,2,0.456,0.267,0.846,"Apr 28, 1941",Elgin,Illinois
Bill Robinzine,7,529,5541,3209,560,563,84,0.482,0.25,0.749,"Jan 20, 1953",Chicago,Illinois
Derrick Rose,8,430,8402,1584,2624,344,167,0.449,0.3,0.814,"Oct 04, 1988",Chicago,Illinois
Joe Ruklick,3,114,398,286,48,,,0.366,,0.613,"Aug 3, 1938",Princeton,Illinois
Cazzie Russell,12,817,12377,3068,1838,239,33,0.464,,0.827,"Jun 7, 1944",Chicago,Illinois
Russ Schoene,4,290,1491,735,175,121,71,0.435,0.335,0.751,"Apr 16, 1960",Trenton,Illinois
Lee Shaffer,3,196,3291,1240,232,,,0.42,,0.776,"Feb 23, 1939",Chicago,Illinois
Iman Shumpert,6,320,2356,1132,644,394,71,0.397,0.342,0.762,"Jun 26, 1990",Oak Park,Illinois
Jack Sikma,14,1107,17287,10816,3488,1162,1048,0.464,0.328,0.849,"Nov 14, 1955",Kankakee,Illinois
Bobby Simmons,10,466,4189,1791,710,396,83,0.437,0.396,0.823,"Jun 02, 1980",Chicago,Illinois
James Singleton,5,243,954,910,109,97,117,0.462,0.292,0.833,"Jul 20, 1981",Chicago,Illinois
Jerry Sloan*,11,755,10571,5615,1925,381,32,0.427,,0.722,"Mar 28, 1942",McLeansboro,Illinois
Al Smith,5,337,3298,865,1793,169,12,0.407,0.292,0.773,"Jan 15, 1947",Peoria,Illinois
Leon Smith,2,15,33,33,3,5,1,0.393,,0.647,"Nov 02, 1980",Chicago,Illinois
Ron Sobie,4,192,1619,791,353,,,0.379,,0.808,"Sep 21, 1934",Chicago,Illinois
Everette Stephens,2,38,71,23,39,9,4,0.333,0.2,0.792,"Oct 21, 1966",Evanston,Illinois
Awvee Storey,3,60,143,81,21,10,2,0.414,0.25,0.511,"Apr 18, 1977",Chicago,Illinois
Barry Sumpter,1,1,0,0,0,0,0,0,,,"Nov 11, 1965",Brooklyn,Illinois
Don Sunderlage,2,113,874,281,224,,,0.326,,0.732,"Dec 20, 1929",Roselle,Illinois
Norm Swanson,1,63,100,110,33,,,0.226,,0.594,"Oct 4, 1930",Chicago,Illinois
Jay Taylor,1,17,51,11,5,5,3,0.404,0.231,0.667,"Oct 3, 1967",Aurora,Illinois
Mike Taylor,1,51,289,87,106,36,0,0.412,0.325,0.691,"Jan 21, 1986",Chicago,Illinois
Isiah Thomas*,13,979,18822,3478,9061,1861,249,0.452,0.29,0.759,"Apr 30, 1961",Chicago,Illinois
Skip Thoren,3,170,2239,1875,329,,,0.465,0,0.612,"Apr 5, 1943",Rockford,Illinois
Andy Toolson,2,60,159,73,32,14,2,0.397,0.341,0.757,"Jan 19, 1966",Chicago,Illinois
Alando Tucker,3,51,211,49,16,5,2,0.423,0.294,0.783,"Feb 11, 1984",Lockport,Illinois
Evan Turner,7,498,5300,2538,1850,413,113,0.431,0.304,0.781,"Oct 27, 1988",Chicago,Illinois
Kelvin Upshaw,3,120,649,145,257,81,9,0.453,0.237,0.795,"Jan 24, 1963",Chicago,Illinois
Darnell Valentine,9,620,5400,1318,3080,910,58,0.437,0.261,0.787,"Feb 3, 1959",Chicago,Illinois
Fred VanVleet,1,8,11,3,7,5,0,0.385,0.333,,"Feb 25, 1994",Rockford,Illinois
Dwyane Wade,14,881,20722,4234,5038,1452,777,0.486,0.287,0.768,"Jan 17, 1982",Chicago,Illinois
Andre Wakefield,2,81,187,80,73,20,2,0.354,,0.708,"Jan 11, 1955",Chicago,Illinois
Antoine Walker,12,893,15647,6891,3170,1085,469,0.414,0.325,0.633,"Aug 12, 1976",Chicago,Illinois
Darrell Walker,10,720,6389,3134,3276,1090,225,0.435,0.059,0.713,"Mar 9, 1961",Chicago,Illinois
Lloyd Walton,5,341,1442,370,1243,264,28,0.454,0.25,0.711,"Nov 23, 1953",Chicago,Illinois
Jerome Whitehead,11,679,4423,3268,374,251,200,0.497,0,0.718,"Sep 30, 1956",Waukegan,Illinois
Donald Whiteside,2,30,61,13,37,11,0,0.333,0.324,0.647,"Apr 25, 1969",Chicago,Illinois
Jeff Wilkins,6,454,3575,2574,462,178,246,0.459,0,0.743,"Mar 9, 1955",Chicago,Illinois
Aaron Williams,14,715,4120,2790,485,282,539,0.493,0.063,0.74,"Oct 02, 1971",Evanston,Illinois
Frank Williams,3,86,253,77,166,34,11,0.352,0.3,0.833,"Feb 25, 1980",Peoria,Illinois
Justin Williams,2,49,165,164,2,10,21,0.573,0,0.348,"May 12, 1984",Chicago,Illinois
Mike Williams,1,21,15,23,2,3,7,0.333,0,0.5,"Aug 14, 1963",Chicago,Illinois
Voise Winters,1,4,6,3,0,1,0,0.231,0,,"Oct 12, 1962",Chicago,Illinois
Julian Wright,4,231,907,531,182,132,69,0.499,0.262,0.584,"May 20, 1987",Chicago,Illinois
Tom Abernethy,5,319,1779,1011,384,185,60,0.492,0,0.747,"May 6, 1954",South Bend,Indiana
Steve Alford,4,169,744,144,176,85,10,0.459,0.324,0.87,"Nov 23, 1964",Franklin,Indiana
Dick Atha,2,43,137,66,51,,,0.393,,0.795,"Sep 21, 1931",Otterbein,Indiana
Chet Aubuchon,1,30,65,,20,,,0.253,,0.543,"May 18, 1916",Gary,Indiana
Cliff Barker,3,149,557,181,294,,,0.316,,0.662,"Jan 15, 1921",Yorktown,Indiana
Dick Barnett,14,971,15358,2812,2729,1,0,0.456,,0.761,"Oct 2, 1936",Gary,Indiana
Kent Benson,11,680,6168,3881,1203,605,586,0.493,0.206,0.757,"Dec 27, 1954",New Castle,Indiana
Larry Bird*,13,897,21791,8974,5695,1556,755,0.496,0.376,0.886,"Dec 7, 1956",West Baden,Indiana
Ron Bonham,3,118,723,170,44,,,0.388,0,0.824,"May 31, 1942",Muncie,Indiana
Vince Boryla,5,285,3187,831,610,,,0.371,,0.816,"Mar 11, 1927",East Chicago,Indiana
Jim Bradley,3,98,687,528,128,69,62,0.429,0,0.727,"Mar 16, 1952",East Chicago,Indiana
Junior Bridgeman,12,849,11517,2995,2066,685,220,0.475,0.244,0.846,"Sep 17, 1953",East Chicago,Indiana
Roger Burkman,1,6,5,6,5,6,2,0,0,0.833,"May 22, 1958",Indianapolis,Indiana
Don Buse,13,966,6890,2565,4425,1818,163,0.44,0.33,0.779,"Aug 10, 1950",Huntingburg,Indiana
Calbert Cheaney,13,825,7826,2610,1398,659,198,0.466,0.298,0.691,"Jul 17, 1971",Evansville,Indiana
Robert Churchwell,1,4,6,3,1,0,0,0.375,,,"Feb 20, 1972",South Bend,Indiana
Louie Dampier*,12,960,15279,2543,4687,407,153,0.444,0.358,0.82,"Nov 20, 1944",Indianapolis,Indiana
Jim Davis,8,597,3997,3109,739,89,66,0.461,,0.674,"Dec 18, 1941",Muncie,Indiana
Branden Dawson,1,6,5,4,0,0,1,0.4,,1,"Feb 01, 1993",Gary,Indiana
Larry Demic,3,206,976,805,106,72,49,0.459,0,0.58,"Jun 27, 1957",Gary,Indiana
Player,Yrs,G,PTS,TRB,AST,STL,BLK,FG%,3P%,FT%,Date,City,Indiana
Clyde Dickey,1,58,160,61,47,14,0,0.35,0.133,0.762,"Dec 14, 1951",Fort Wayne,Indiana
Dick Dickey,1,45,127,81,50,,,0.294,,0.681,"Oct 26, 1926",Grant County,Indiana
Terry Dischinger,9,652,9012,3646,1151,,,0.506,,0.758,"Nov 21, 1940",Terre Haute,Indiana
Steve Downing,2,27,64,41,11,5,0,0.318,,0.55,"Sep 9, 1950",Indianapolis,Indiana
Bobby Edmonds,2,75,580,378,29,,,0.434,0.167,0.651,"Mar 8, 1941",Indianapolis,Indiana
Jay Edwards,1,4,7,2,4,1,0,0.429,0,0.333,"Jan 3, 1969",Muncie,Indiana
Darrell Elston,2,77,601,169,204,83,9,0.402,0.167,0.752,"Aug 15, 1952",Tipton,Indiana
Bob Evans,1,47,142,,55,,,0.28,,0.682,"May 31, 1925",Indianapolis,Indiana
Yogi Ferrell,1,10,54,12,17,2,2,0.367,0.296,0.625,"May 09, 1993",Indianapolis,Indiana
Tellis Frank,5,264,1710,1022,276,158,95,0.439,0,0.741,"Apr 26, 1965",Gary,Indiana
Winston Garland,7,511,4799,1433,2421,674,80,0.43,0.281,0.83,"Dec 19, 1964",Gary,Indiana
Dan Godfread,2,11,13,2,0,1,4,0.417,0,0.75,"Jun 14, 1967",Fort Wayne,Indiana
Eric Gordon,9,447,7462,1127,1455,464,135,0.436,0.389,0.814,"Dec 25, 1988",Indianapolis,Indiana
Greg Graham,5,207,938,219,201,128,12,0.407,0.29,0.775,"Nov 26, 1970",Indianapolis,Indiana
Jim Grandholm,1,26,79,50,8,2,8,0.517,0.529,0.476,"Oct 4, 1960",Elkhart,Indiana
Scott Haffner,2,50,213,55,89,16,3,0.403,0.13,0.667,"Feb 2, 1966",Terre Haute,Indiana
A.J. Hammons,1,15,22,20,2,0,6,0.381,0.667,0.2,"Aug 27, 1992",Gary,Indiana
Jerome Harmon,1,10,46,23,12,9,0,0.396,1,0.5,"Feb 6, 1969",Gary,Indiana
Gary Harris,3,140,1235,311,201,144,27,0.44,0.324,0.783,"Sep 14, 1994",Fishers,Indiana
Gordon Hayward,7,466,6981,1901,1596,476,203,0.438,0.359,0.819,"Mar 23, 1990",Indianapolis,Indiana
Player,Yrs,G,PTS,TRB,AST,STL,BLK,FG%,3P%,FT%,Date,City,Indiana
Alan Henderson,12,652,5094,3249,397,364,297,0.469,0.192,0.639,"Dec 02, 1972",Indianapolis,Indiana
George Hill,9,561,6430,1796,1845,517,167,0.452,0.379,0.804,"May 04, 1986",Indianapolis,Indiana
Ron Horn,3,32,79,78,11,,,0.292,,0.697,"May 24, 1938",Marion,Indiana
Robbie Hummel,2,98,379,266,50,32,11,0.418,0.343,0.867,"Mar 08, 1989",Valparaiso,Indiana
Chris Hunter,1,60,270,167,37,13,35,0.502,0,0.754,"Jul 07, 1984",Gary,Indiana
Ervin Inniger,2,109,964,385,156,,,0.43,0.167,0.741,"Jan 16, 1945",Berne,Indiana
Demetrius Jackson,1,4,10,4,3,0,0,0.75,1,0.5,"Sep 07, 1994",South Bend,Indiana
Jared Jeffries,11,629,3003,2563,798,435,323,0.426,0.25,0.583,"Nov 25, 1981",Bloomington,Indiana
JaJuan Johnson,1,36,114,58,6,5,14,0.446,,0.667,"Feb 08, 1989",Indianapolis,Indiana
Charles Jordan,1,71,369,216,53,33,13,0.434,0.2,0.597,"Jan 31, 1954",Indianapolis,Indiana
Bill Keller,7,556,6588,1349,1980,155,11,0.425,0.338,0.872,"Aug 30, 1947",Indianapolis,Indiana
Shawn Kemp,14,1051,15347,8834,1704,1185,1279,0.488,0.277,0.741,"Nov 26, 1969",Elkhart,Indiana
Frank Kendrick,1,24,80,36,6,11,3,0.403,,0.818,"Sep 11, 1950",Indianapolis,Indiana
Jimmy King,2,64,285,112,90,24,13,0.429,0.147,0.691,"Aug 09, 1973",South Bend,Indiana
Leo Klier,2,113,802,,177,,,0.28,,0.728,"May 21, 1923",Washington,Indiana
Reggie Lacefield,1,8,24,11,0,,,0.5,0,0.5,"Apr 10, 1945",Gary,Indiana
John Laskowski,2,118,832,282,99,88,12,0.398,,0.76,"Jun 7, 1953",South Bend,Indiana
Allen Leavell,10,700,6684,1164,3339,929,120,0.45,0.234,0.834,"May 27, 1957",Muncie,Indiana
Courtney Lee,9,626,6033,1634,993,632,169,0.45,0.388,0.847,"Oct 03, 1985",Indianapolis,Indiana
Slick Leonard*,7,426,4204,1217,1427,,,0.349,,0.745,"Jul 17, 1932",Terre Haute,Indiana
Player,Yrs,G,PTS,TRB,AST,STL,BLK,FG%,3P%,FT%,Date,City,Indiana
Goose Ligon,7,434,5560,4720,910,9,9,0.487,0.125,0.643,"Feb 22, 1944",Kokomo,Indiana
John Logan,5,258,3203,134,775,,,0.312,,0.767,"Jan 1, 1921",Richmond,Indiana
Willie Long,3,213,2418,1269,209,54,13,0.421,0,0.774,"Mar 1, 1950",Fort Wayne,Indiana
Clyde Lovellette*,11,704,11947,6663,1097,,,0.443,,0.757,"Sep 7, 1929",Petersburg,Indiana
Kyle Macy,7,551,5259,1214,2198,631,49,0.501,0.337,0.873,"Apr 9, 1957",Fort Wayne,Indiana
Dave Magley,1,14,12,10,2,2,0,0.25,0,0.5,"Nov 24, 1959",South Bend,Indiana
Willie McCarter,3,155,1090,248,304,,,0.402,,0.656,"Jul 26, 1946",Gary,Indiana
Walter McCarty,10,593,3056,1554,670,380,173,0.392,0.346,0.698,"Feb 01, 1974",Evansville,Indiana
Mitch McGary,2,52,227,183,17,17,18,0.527,0,0.58,"Jun 06, 1992",Chesterton,Indiana
George McGinnis,11,842,17009,9233,3089,1448,332,0.458,0.273,0.664,"Aug 12, 1950",Indianapolis,Indiana
Jon McGlocklin,11,792,9169,1928,2280,102,13,0.489,,0.845,"Jun 10, 1943",Franklin,Indiana
Roy McPipe,1,5,21,5,1,1,0,0.333,0.5,0.75,"May 5, 1950",Hammond,Indiana
Josh McRoberts,10,429,2326,1682,899,221,194,0.464,0.34,0.705,"Feb 28, 1987",Indianapolis,Indiana
Brad Miller,14,868,9724,6199,2470,639,592,0.48,0.33,0.804,"Apr 12, 1976",Fort Wayne,Indiana
Eric Montross,8,465,2071,2159,207,122,275,0.49,0,0.478,"Sep 23, 1971",Indianapolis,Indiana
E'Twaun Moore,6,334,2060,570,560,198,71,0.429,0.368,0.742,"Feb 28, 1989",East Chicago,Indiana
Rick Mount,5,283,3330,475,676,55,8,0.433,0.317,0.82,"Jan 5, 1947",Lebanon,Indiana
Lee Nailon,6,306,2622,936,298,133,53,0.474,0.111,0.786,"Feb 22, 1975",South Bend,Indiana
Craig Neal,2,63,158,45,155,28,4,0.373,0.302,0.6,"Feb 16, 1964",Muncie,Indiana
Bill Newton,2,35,73,65,14,2,0,0.437,0.5,0.5,"Dec 22, 1950",Rockville,Indiana
Player,Yrs,G,PTS,TRB,AST,STL,BLK,FG%,3P%,FT%,Date,City,Indiana
Gene Ollrich,1,14,44,,24,,,0.236,,0.714,"Jun 30, 1922",Whiting,Indiana
Andre Owens,2,54,192,68,55,18,3,0.37,0.375,0.712,"Oct 31, 1980",Indianapolis,Indiana
Wayne Pack,1,21,61,20,13,6,0,0.383,0.294,0.833,"Jul 5, 1950",Indianapolis,Indiana
Jack Parkinson,1,4,3,,2,,,0.083,,1,"Mar 4, 1924",Yorktown,Indiana
Marshall Plumlee,1,3,4,6,1,1,0,1,,0.667,"Jul 14, 1992",West Lafayette,Indiana
Mason Plumlee,4,265,2326,1671,495,210,238,0.569,0,0.574,"Mar 05, 1990",Fort Wayne,Indiana
Miles Plumlee,5,248,1320,1237,111,121,214,0.532,,0.563,"Sep 01, 1988",Fort Wayne,Indiana
Kevin Pritchard,4,94,340,90,152,37,13,0.399,0.186,0.79,"Jul 17, 1967",Bloomington,Indiana
Wayne Radford,1,52,202,68,57,30,1,0.474,,0.8,"May 29, 1956",Indianapolis,Indiana
Zach Randolph,16,1008,17000,9402,1837,765,285,0.472,0.257,0.764,"Jul 16, 1981",Marion,Indiana
Sam Ranzino,1,39,86,39,25,,,0.333,,0.703,"Jun 21, 1927",Gary,Indiana
Jimmy Rayl,2,101,1125,305,273,,,0.381,0.341,0.823,"Jun 21, 1941",Kokomo,Indiana
Ron Reed,2,119,951,762,173,,,0.364,,0.571,"Nov 2, 1942",La Porte,Indiana
Bill Roberts,2,117,404,,65,,,0.339,,0.706,"Mar 13, 1925",Fort Wayne,Indiana
Glenn Robinson,3,108,413,202,56,36,20,0.417,0.343,0.708,"Jan 08, 1994",Gary,Indiana
Glenn Robinson,11,688,14234,4189,1879,826,389,0.459,0.34,0.82,"Jan 10, 1973",Gary,Indiana
Dave Schellhase,2,73,208,76,60,,,0.349,,0.567,"Oct 14, 1944",Evansville,Indiana
Carl Shaeffer,2,53,165,10,46,,,0.357,,0.583,"Oct 25, 1924",Delphi,Indiana
Billy Shepherd,3,169,968,191,657,163,19,0.387,0.357,0.696,"Nov 18, 1949",Bedford,Indiana
Dexter Shouse,1,3,0,0,2,1,1,0,0,,"Mar 24, 1963",Terre Haute,Indiana
Player,Yrs,G,PTS,TRB,AST,STL,BLK,FG%,3P%,FT%,Date,City,Indiana
Jerry Sichting,10,598,4141,817,1962,439,19,0.507,0.271,0.857,"Nov 29, 1956",Martinsville,Indiana
Scott Skiles,10,600,6652,1526,3881,500,29,0.435,0.379,0.889,"Mar 5, 1964",LaPorte,Indiana
Daniel Sparks,2,67,438,303,45,,,0.386,,0.69,"Apr 17, 1945",Bloomington,Indiana
Jim Springer,1,2,1,,0,,,,,1,"Jun 17, 1926",Roachdale,Indiana
Larry Steele,9,610,5009,1781,1719,846,96,0.483,0,0.796,"May 5, 1949",Greencastle,Indiana
Jeff Teague,8,548,6753,1236,2889,669,189,0.446,0.35,0.838,"Jun 10, 1988",Indianapolis,Indiana
Marquis Teague,2,88,206,84,121,19,12,0.349,0.22,0.686,"Feb 28, 1993",Indianapolis,Indiana
Ray Tolbert,5,261,928,609,135,71,101,0.495,0,0.544,"Sep 10, 1958",Anderson,Indiana
Monte Towe,2,115,319,89,223,53,5,0.404,0.214,0.783,"Sep 27, 1953",Marion,Indiana
Jack Turner,1,65,282,154,77,,,0.36,,0.789,"Jun 29, 1930",Bedford,Indiana
Dick Van Arsdale,12,921,15079,3807,3057,264,44,0.464,,0.79,"Feb 22, 1943",Indianapolis,Indiana
Tom Van Arsdale,12,929,14232,3942,2085,230,16,0.431,,0.762,"Feb 22, 1943",Indianapolis,Indiana
Bonzi Wells,10,591,7147,2737,1249,769,192,0.46,0.327,0.697,"Sep 28, 1976",Muncie,Indiana
Bob Wilkerson,7,536,5424,2236,1835,671,141,0.425,0.167,0.751,"Aug 15, 1954",Anderson,Indiana
Bobby Wilson,4,143,792,167,110,52,4,0.426,,0.773,"Jan 15, 1951",Indianapolis,Indiana
Stephen Wilson,2,48,148,52,35,,,0.368,0.229,0.542,"Oct 16, 1948",Richmond,Indiana
Randy Wittman,9,543,4034,760,1201,257,65,0.501,0.321,0.753,"Oct 28, 1959",Indianapolis,Indiana
Mike Woodson,11,786,10981,1838,1822,952,275,0.466,0.271,0.813,"Mar 24, 1958",Indianapolis,Indiana
Cody Zeller,4,243,1880,1332,295,148,182,0.488,0.167,0.738,"Oct 05, 1992",Washington,Indiana
Harrison Barnes,5,336,3680,1582,484,245,68,0.449,0.371,0.756,"May 30, 1992",Ames,Iowa
Ryan Bowen,10,507,1319,1060,250,325,138,0.456,0.206,0.693,"Nov 20, 1975",Fort Madison,Iowa
Matt Bullard,11,615,3270,1223,535,186,119,0.418,0.384,0.768,"Jun 5, 1967",Des Moines,Iowa
Nick Collison,13,884,5304,4661,930,445,467,0.532,0.21,0.726,"Oct 26, 1980",Orange City,Iowa
Darren Daye,5,328,2225,844,672,191,53,0.491,0.118,0.681,"Nov 30, 1960",Des Moines,Iowa
Al Eberhard,4,220,1490,760,175,158,35,0.433,,0.797,"May 10, 1952",Cedar Rapids,Iowa
Kenny Fields,4,184,1140,464,188,97,38,0.474,0.188,0.733,"Feb 9, 1962",Iowa City,Iowa
Matt Fish,3,50,177,110,25,19,14,0.5,0,0.625,"Nov 18, 1969",Washington,Iowa
Dick Gibbs,5,333,1739,624,260,67,35,0.402,,0.799,"Dec 20, 1948",Ames,Iowa
Bob Hansen,9,575,3952,1282,947,359,50,0.468,0.323,0.662,"Jan 18, 1961",Des Moines,Iowa
Kirk Hinrich,13,879,9594,2576,4245,972,243,0.411,0.375,0.8,"Jan 02, 1981",Sioux City,Iowa
Jon Koncak,11,784,3520,3856,785,542,791,0.47,0.226,0.597,"May 17, 1963",Cedar Rapids,Iowa
Kevin Kunnert,9,555,4602,4031,784,252,616,0.476,,0.682,"Nov 11, 1951",Dubuque,Iowa
Raef LaFrentz,10,563,5690,3423,606,276,919,0.466,0.363,0.711,"May 29, 1976",Hampton,Iowa
Loren Meyer,3,140,645,480,77,31,50,0.432,0.348,0.696,"Dec 30, 1972",Emmetsburg,Iowa
Todd Mundt,1,33,37,28,3,2,5,0.39,,0.625,"May 17, 1970",Iowa City,Iowa
Patrick O'Bryant,4,90,186,127,25,18,40,0.494,0,0.583,"Jun 20, 1986",Oskaloosa,Iowa
Brett Szabo,1,70,153,165,17,16,32,0.446,0,0.738,"Feb 1, 1968",Postville,Iowa
Murray Wier,1,56,429,,107,,,0.327,,0.693,"Dec 12, 1926",Grand View,Iowa
Luke Zeller,1,16,19,10,3,0,0,0.346,0.2,,"Apr 07, 1987",Ames,Iowa
Alvan Adams,13,988,13910,6937,4012,1289,808,0.498,0.133,0.788,"Jul 19, 1954",Lawrence,Kansas
Lucius Allen,10,702,9407,2205,3174,604,124,0.463,,0.76,"Sep 26, 1947",Kansas City,Kansas
Ron Baker,1,9,34,11,9,4,1,0.378,0.235,0.5,"Mar 30, 1993",Hays,Kansas
Ernie Barrett,2,131,641,343,229,,,0.369,,0.748,"Aug 27, 1929",Pratt,Kansas
Willie Cauley-Stein,2,91,589,408,46,59,76,0.564,0,0.617,"Aug 18, 1993",Spearville,Kansas
Greg Dreiling,10,474,1014,1018,186,82,137,0.467,0.333,0.649,"Nov 7, 1962",Wichita,Kansas
Larry Drew,10,714,8110,1265,3702,791,45,0.467,0.291,0.798,"Apr 2, 1958",Kansas City,Kansas
Maurice Evans,9,562,3747,1384,420,294,88,0.442,0.363,0.785,"Nov 08, 1978",Wichita,Kansas
Ronald Franz,6,403,4733,2128,668,,,0.447,0.279,0.703,"Oct 20, 1945",Kansas City,Kansas
Matt Freije,2,42,133,85,27,16,3,0.293,0.224,0.714,"Oct 02, 1981",Overland Park,Kansas
Leonard Gray,3,224,2408,1169,490,196,91,0.469,,0.739,"Dec 19, 1951",Kansas City,Kansas
Adrian Griffin,9,477,1919,1512,653,436,59,0.438,0.278,0.763,"Jul 04, 1974",Wichita,Kansas
Scott Hastings,11,578,1647,1287,284,159,153,0.441,0.292,0.811,"Jun 3, 1960",Independence,Kansas
Steve Henson,7,238,739,176,465,88,2,0.403,0.432,0.869,"Feb 2, 1968",Junction City,Kansas
Steven Hill,1,1,2,3,0,0,0,1,,,"Nov 14, 1985",Chanute,Kansas
Lionel Hollins,10,673,7809,1601,3006,1053,192,0.444,0.149,0.741,"Oct 19, 1953",Ark City,Kansas
Byron Houston,4,214,835,648,114,103,86,0.456,0.256,0.676,"Nov 22, 1969",Watonga,Kansas
Warren Jabali,7,447,7666,2985,2389,384,29,0.431,0.319,0.756,"Aug 29, 1946",Kansas City,Kansas
Bob Kinney,2,118,1125,,177,,,0.353,,0.608,"Sep 16, 1920",Fort Scott,Kansas
Dick Knostman,1,5,13,17,6,,,0.3,,0.636,"Aug 9, 1931",Wamego,Kansas
Martin Lewis,2,25,89,35,7,9,5,0.473,0.3,0.593,"Apr 28, 1975",Liberal,Kansas
Riney Lochmann,3,170,731,466,143,,,0.405,0.313,0.606,"May 26, 1944",Wichita,Kansas
Ed Nealy,10,540,1451,1799,392,256,51,0.498,0.292,0.684,"Feb 19, 1960",Pittsburg,Kansas
Johnny Orr,1,34,92,,20,,,0.339,,0.857,"Jun 10, 1927",Yale,Kansas
Pierre Russell,2,110,435,222,112,,,0.439,0.1,0.657,"Dec 13, 1949",Kansas City,Kansas
Melvin Sanders,1,16,41,23,3,5,0,0.485,0.667,0.7,"Jan 03, 1981",Liberal,Kansas
Otto Schnellbacher,1,43,275,,64,,,0.332,,0.669,"Apr 15, 1923",Sublette,Kansas
Howie Shannon,2,122,1323,,299,,,0.355,,0.795,"Jun 10, 1923",Manhattan,Kansas
Paul Shirley,3,18,33,19,7,1,1,0.395,0,0.429,"Dec 23, 1977",Meriden,Kansas
Wayne Simien,2,51,169,99,11,15,1,0.469,,0.854,"Mar 09, 1983",Leavenworth,Kansas
Earl Watson,13,878,5593,1985,3871,873,176,0.411,0.324,0.703,"Jun 12, 1979",Kansas City,Kansas
Scott Wedman,13,906,11916,4355,1771,846,301,0.481,0.335,0.794,"Jul 29, 1952",Harper,Kansas
Korleone Young,1,3,13,4,1,0,0,0.5,0.25,1,"Dec 31, 1978",Wichita,Kansas
Derek Anderson,11,615,7357,1988,2083,691,87,0.408,0.341,0.853,"Jul 18, 1974",Louisville,Kentucky
Bob Arnzen,4,111,443,217,35,3,2,0.465,0.2,0.8,"Nov 3, 1947",Covington,Kentucky
Bird Averitt,5,366,4434,680,1078,325,55,0.405,0.249,0.743,"Jul 22, 1952",Hopkinsville,Kentucky
Henry Bacon,1,47,166,82,38,,,0.366,0.2,0.603,"Jul 5, 1948",Louisville,Kentucky
Steve Bardo,3,33,73,60,44,12,4,0.329,0.1,0.696,"Apr 5, 1968",Henderson,Kentucky
John Barnhill,10,589,5085,1501,1693,,,0.406,0.236,0.658,"Mar 20, 1938",Sturgis,Kentucky
Butch Beard,9,605,5622,2042,2189,499,36,0.487,,0.771,"May 4, 1947",Hardinsburg,Kentucky
Ralph Beard,2,126,2006,251,551,,,0.366,,0.77,"Dec 2, 1927",Hardinsburg,Kentucky
Whitey Bell,2,36,183,94,56,,,0.379,,0.63,"Sep 13, 1932",Monticello,Kentucky
Winston Bennett,3,136,648,414,120,50,21,0.425,0,0.694,"Feb 9, 1965",Louisville,Kentucky
Jerry Bird,1,11,25,12,4,,,0.375,,1,"Feb 2, 1935",Corbin,Kentucky
Phil Bond,1,7,4,4,2,1,0,0.333,,,"Jul 27, 1954",Louisville,Kentucky
Orbie Bowling,1,11,21,29,1,,,0.321,,0.25,"Mar 21, 1939",,Kentucky
Greg Buckner,10,570,2878,1593,719,454,111,0.45,0.334,0.757,"Sep 16, 1976",Hopkinsville,Kentucky
Donnie Butcher,5,279,1696,821,585,,,0.397,,0.629,"Feb 8, 1936",Williamsport,Kentucky
Darel Carrier,6,350,7011,1187,896,,,0.417,0.377,0.851,"Oct 26, 1940",Warren County,Kentucky
Rex Chapman,12,666,9731,1645,1798,592,129,0.43,0.35,0.8,"Oct 5, 1967",Bowling Green,Kentucky
Wayne Chapman,4,206,1432,505,316,,,0.383,0.257,0.691,"Jun 15, 1945",Owensboro,Kentucky
Jack Coleman,9,633,6721,5186,1749,,,0.416,,0.695,"May 23, 1924",Burgin,Kentucky
Glen Combs,7,465,7666,1230,1639,56,13,0.433,0.367,0.81,"Oct 30, 1946",Hazard,Kentucky
Jimmy Conner,1,24,106,28,38,11,5,0.488,0,0.759,"Mar 20, 1953",Lawrenceburg,Kentucky
Dave Cowens*,11,766,13516,10444,2910,599,488,0.46,0.071,0.783,"Oct 25, 1948",Newport,Kentucky
Johnny Cox,1,73,573,280,142,,,0.421,,0.704,"Nov 1, 1936",Neon,Kentucky
Wesley Cox,2,74,342,206,23,34,15,0.412,,0.51,"Jan 27, 1955",Louisville,Kentucky
Ralph Davis,2,150,1195,248,424,,,0.409,,0.677,"Sep 7, 1938",Vanceburg,Kentucky
Jerry Eaves,4,168,1132,208,414,85,8,0.472,0.071,0.773,"Feb 8, 1959",Louisville,Kentucky
Joe Fulks*,8,489,8003,1379,587,,,0.302,,0.766,"Oct 26, 1921",Birmingham,Kentucky
Jack Givens,2,156,1040,456,142,123,36,0.401,0,0.791,"Sep 21, 1956",Lexington,Kentucky
Clarence Glover,1,25,65,46,4,,,0.455,,0.469,"Nov 1, 1947",Horse Cave,Kentucky
Darrell Griffith,10,765,12391,2519,1627,931,242,0.463,0.332,0.707,"Jun 16, 1958",Louisville,Kentucky
Anthony Grundy,1,12,52,17,9,7,0,0.5,0.333,0.643,"Apr 15, 1979",Louisville,Kentucky
Cliff Hagan*,13,839,14870,5555,2646,,,0.454,0,0.799,"Dec 9, 1931",Owensboro,Kentucky
Tom Hagan,2,73,358,113,135,,,0.419,0.328,0.707,"Jan 29, 1947",Louisville,Kentucky
Joe Hamilton,6,344,4145,884,1208,88,5,0.408,0.312,0.807,"Jul 5, 1948",Lexington,Kentucky
Steve Hamilton,2,82,368,278,43,,,0.372,,0.697,"Nov 30, 1935",Columbia,Kentucky
Clem Haskins,9,681,8743,2087,2382,127,30,0.449,,0.792,"Jul 11, 1943",Campbellsville,Kentucky
Vern Hatton,4,225,1244,531,310,,,0.344,,0.735,"Jan 13, 1936",Owingsville,Kentucky
Kenny Higgs,3,216,1470,391,944,239,23,0.441,0.145,0.804,"Jan 31, 1955",Owensboro,Kentucky
Scotty Hopson,1,2,1,0,1,1,0,0,0,0.5,"Aug 08, 1989",Hopkinsville,Kentucky
Allan Houston,12,839,14551,2434,1990,566,139,0.444,0.402,0.863,"Apr 20, 1971",Louisville,Kentucky
Tony Jackson,1,2,2,2,2,2,0,0.333,,,"Jan 17, 1958",Lexington,Kentucky
Larry Johnson,1,4,6,5,7,5,2,0.231,,0,"Nov 28, 1954",Morganfield,Kentucky
Wah Wah Jones,3,140,1428,408,429,,,0.355,,0.757,"Jul 14, 1926",Harlan,Kentucky
Ron King,1,9,64,19,14,5,2,0.343,0.333,0.824,"Jul 11, 1951",Louisville,Kentucky
Frank Kornet,2,89,171,95,30,19,4,0.369,0.263,0.596,"Jan 27, 1967",Lexington,Kentucky
Paul Long,4,80,309,66,66,,,0.429,,0.765,"Feb 8, 1944",Louisville,Kentucky
Shelvin Mack,6,305,1912,567,907,184,9,0.424,0.326,0.753,"Apr 22, 1990",Lexington,Kentucky
Rudy Macklin,3,160,1030,464,121,82,30,0.449,0,0.776,"Feb 19, 1958",Louisville,Kentucky
Jim McDaniels,5,271,2698,1748,288,23,79,0.466,,0.72,"Apr 2, 1948",Scottsville,Kentucky
Bob Miller,1,2,4,5,1,0,1,0.667,,,"Jul 9, 1956",Louisville,Kentucky
Darius Miller,3,102,320,131,89,42,21,0.42,0.351,0.841,"Mar 21, 1990",Maysville,Kentucky
Dirk Minniefield,3,222,1187,367,845,196,11,0.47,0.272,0.739,"Jan 17, 1961",Lexington,Kentucky
Dwayne Morton,1,41,167,58,18,11,15,0.388,0.36,0.682,"Aug 08, 1971",Louisville,Kentucky
Paul Noel,5,201,661,85,140,,,0.291,,0.636,"Aug 17, 1924",Midway,Kentucky
Ralph O'Brien,2,119,848,192,180,,,0.36,,0.83,"Apr 8, 1928",Henshaw,Kentucky
John Oldham,2,127,926,242,226,,,0.319,,0.627,"Jun 22, 1923",Beaver Dam,Kentucky
Scott Padgett,8,448,1874,1227,325,182,86,0.41,0.373,0.736,"Apr 19, 1976",Louisville,Kentucky
Jack Parr,1,66,262,278,51,,,0.355,,0.603,"Mar 13, 1936",Louisville,Kentucky
Jim Price,7,510,5088,1566,1886,724,126,0.444,,0.815,"Nov 27, 1949",Russellville,Kentucky
Mike Price,3,123,397,157,90,,,0.402,,0.772,"Sep 11, 1948",Russellville,Kentucky
Frank Ramsey*,9,623,8378,3410,1134,,,0.399,,0.804,"Jul 13, 1931",Corydon,Kentucky
Bobby Rascoe,3,159,1228,438,208,,,0.424,0.143,0.768,"Jul 22, 1940",Trigg County,Kentucky
Arnie Risen*,10,637,7633,5011,1058,,,0.381,,0.699,"Oct 9, 1924",Williamstown,Kentucky
Tex Ritter,3,151,789,65,145,,,0.348,,0.674,"Feb 26, 1924",Richmond,Kentucky
Phil Rollins,3,177,898,395,458,,,0.385,,0.649,"Jan 19, 1934",Wickliffe,Kentucky
Rajon Rondo,11,669,7258,3282,5790,1218,91,0.465,0.293,0.605,"Feb 22, 1986",Louisville,Kentucky
D'Angelo Russell,2,98,1324,335,347,114,20,0.408,0.358,0.746,"Feb 23, 1996",Louisville,Kentucky
Frank Selvy,9,565,6120,2098,1579,,,0.394,,0.728,"Nov 9, 1932",Corbin,Kentucky
Mike Silliman,1,36,91,62,23,,,0.456,,0.487,"May 5, 1944",Louisville,Kentucky
Alvin Sims,1,4,11,4,5,2,0,0.4,1,0.4,"Oct 18, 1974",Paris,Kentucky
Adrian Smith,11,772,8750,1626,1739,,,0.43,0.182,0.838,"Oct 5, 1936",Farmington,Kentucky
Donta Smith,2,61,165,66,48,31,5,0.421,0.308,0.65,"Nov 27, 1983",Louisville,Kentucky
Garfield Smith,3,134,428,438,56,,,0.437,,0.311,"Nov 18, 1945",Campbellsville,Kentucky
Greg Smith,8,524,4097,3249,969,63,12,0.482,,0.646,"Jan 28, 1947",Princeton,Kentucky
Nolan Smith,2,84,277,83,97,25,4,0.371,0.26,0.714,"Jul 25, 1988",Louisville,Kentucky
Sam Smith,4,255,2097,1776,274,,,0.401,0.2,0.657,"Jan 27, 1944",Hazard,Kentucky
Felton Spencer,12,640,3354,3436,213,248,534,0.484,0,0.658,"Jan 15, 1968",Louisville,Kentucky
George Stone,4,259,3530,1480,333,,,0.444,0.323,0.781,"Feb 9, 1946",Murray,Kentucky
Dan Swartz,1,39,175,88,21,,,0.38,,0.847,"Dec 23, 1934",Owingsville,Kentucky
Vince Taylor,1,31,95,36,41,20,2,0.363,,0.656,"Sep 11, 1960",Lexington,Kentucky
Tom Thacker,7,314,1020,822,466,,,0.36,0.227,0.508,"Nov 2, 1939",Covington,Kentucky
Ronald Thomas,4,264,1051,1075,198,160,39,0.468,0.214,0.536,"Nov 19, 1950",Louisville,Kentucky
Dallas Thornton,2,50,341,141,74,,,0.433,0.182,0.655,"Sep 1, 1946",Louisville,Kentucky
George Tinsley,2,133,704,385,114,,,0.422,0.2,0.743,"Sep 19, 1946",Louisville,Kentucky
Jim Tucker,3,99,407,349,52,,,0.349,,0.762,"Dec 11, 1932",Paris,Kentucky
Jack Turner,1,42,200,85,44,,,0.38,,0.762,"Jun 5, 1939",Newport,Kentucky
Melvin Turpin,5,361,3071,1655,183,155,348,0.516,0.111,0.777,"Dec 28, 1960",Lexington,Kentucky
Charlie Tyra,5,348,3091,2567,315,,,0.387,,0.672,"Aug 16, 1935",Louisville,Kentucky
Wes Unseld*,13,984,10624,13769,3822,628,367,0.509,0.5,0.633,"Mar 14, 1946",Louisville,Kentucky
Paul Walther,6,370,2838,1168,974,,,0.362,,0.708,"Mar 23, 1927",Covington,Kentucky
Bob Warren,8,486,4347,1546,898,65,28,0.44,0.262,0.801,"Jul 17, 1946",Murray,Kentucky
Bubba Wells,1,39,128,68,34,15,4,0.414,0.167,0.721,"Jul 26, 1974",Russellville,Kentucky
DeJuan Wheat,2,80,265,56,127,32,3,0.383,0.39,0.7,"Oct 14, 1973",Louisville,Kentucky
Chris Whitney,11,579,3738,815,1613,351,32,0.395,0.361,0.875,"Oct 05, 1971",Hopkinsville,Kentucky
Rick Wilson,2,66,194,79,83,34,9,0.393,,0.56,"Feb 7, 1956",Louisville,Kentucky
Howie Wright,2,53,237,80,63,,,0.384,0.214,0.8,"Feb 22, 1947",Louisville,Kentucky
D.J. Augustin,9,603,5866,1084,2374,366,24,0.404,0.374,0.866,"Nov 10, 1987",New Orleans,Louisiana
Brandon Bass,12,720,6334,3340,595,282,471,0.497,0.214,0.83,"Apr 30, 1985",Baton Rouge,Louisiana
Benoit Benjamin,15,807,9223,6063,1070,522,1581,0.497,0.048,0.721,"Nov 22, 1964",Monroe,Louisiana
David Benoit,7,492,3455,1983,287,216,246,0.438,0.319,0.795,"May 9, 1968",Lafayette,Louisiana
Tim Breaux,3,102,299,96,41,24,13,0.369,0.297,0.635,"Sep 19, 1970",Baton Rouge,Louisiana
Frankie Brian,7,438,5379,903,1138,,,0.34,,0.821,"May 1, 1923",Zachary,Louisiana
Kedrick Brown,4,143,509,347,103,85,28,0.405,0.274,0.64,"Mar 18, 1981",Zachary,Louisiana
Markel Brown,2,109,579,229,130,69,27,0.382,0.297,0.781,"Jan 29, 1992",Pineville,Louisiana
Tierre Brown,4,134,527,166,266,64,4,0.384,0.353,0.769,"Jun 03, 1979",Iowa,Louisiana
Stanley Brundy,1,16,37,26,3,6,5,0.5,,0.389,"Nov 13, 1967",New Orleans,Louisiana
Howard Carter,2,66,351,89,75,20,4,0.44,0.227,0.774,"Oct 26, 1961",Baton Rouge,Louisiana
Don Chaney,12,790,6663,3147,1762,558,232,0.436,0.2,0.776,"Mar 22, 1946",Baton Rouge,Louisiana
Leroy Chollet,2,63,181,15,49,,,0.291,,0.627,"Mar 5, 1925",New Orleans,Louisiana
John Comeaux,1,23,77,28,11,,,0.429,,0.719,"Sep 15, 1943",Lafayette,Louisiana
Glen Davis,8,514,4111,2236,457,357,173,0.447,0.182,0.7,"Jan 01, 1986",Baton Rouge,Louisiana
Mark Davis,5,230,1261,697,294,200,75,0.442,0.246,0.655,"Apr 26, 1973",Thibodaux,Louisiana
Bryce Drew,6,243,1081,295,524,123,10,0.382,0.371,0.83,"Sep 21, 1974",Baton Rouge,Louisiana
Clyde Drexler*,15,1086,22195,6677,6125,2207,719,0.472,0.318,0.788,"Jun 22, 1962",New Orleans,Louisiana
Chris Duhon,9,606,3946,1364,2690,471,36,0.393,0.363,0.784,"Aug 31, 1982",Mamou,Louisiana
Joe Dumars*,14,1018,16401,2203,4612,902,83,0.46,0.382,0.843,"May 24, 1963",Shreveport,Louisiana
Ledell Eackles,7,441,4783,979,740,249,31,0.445,0.336,0.767,"Nov 24, 1966",Baton Rouge,Louisiana
Sherell Ford,1,28,90,24,5,8,1,0.375,0.16,0.765,"Aug 26, 1972",Baton Rouge,Louisiana
Will Frazier,3,153,1500,1087,171,,,0.415,0.5,0.61,"Aug 24, 1942",Minden,Louisiana
Langston Galloway,3,157,1446,547,402,159,35,0.394,0.354,0.772,"Dec 09, 1991",Baton Rouge,Louisiana
Danny Granger,10,586,9855,2888,1097,561,481,0.434,0.38,0.848,"Apr 20, 1983",New Orleans,Louisiana
Tommie Green,1,59,232,68,140,61,6,0.388,,0.762,"Apr 8, 1956",Baton Rouge,Louisiana
Tony Harris,3,14,68,11,8,5,0,0.291,0.25,0.868,"May 13, 1967",Monroe,Louisiana
Elvin Hayes*,16,1303,27313,16279,2398,864,1771,0.452,0.147,0.67,"Nov 17, 1945",Rayville,Louisiana
Rod Higgins,13,779,7011,2819,1254,485,359,0.465,0.342,0.808,"Jan 31, 1960",Monroe,Louisiana
Jerald Honeycutt,2,54,275,105,36,25,8,0.391,0.362,0.632,"Oct 20, 1974",Shreveport,Louisiana
Bob Hopkins,4,273,2237,1526,189,,,0.394,,0.761,"Nov 3, 1934",Jonesboro,Louisiana
Jaren Jackson,12,431,2370,786,500,258,53,0.391,0.353,0.764,"Oct 27, 1967",New Orleans,Louisiana
Aaron James,5,356,3829,1470,370,158,69,0.481,,0.76,"Oct 5, 1952",New Orleans,Louisiana
Antawn Jamison,16,1083,20042,8157,1761,1048,421,0.451,0.346,0.724,"Jun 12, 1976",Shreveport,Louisiana
Avery Johnson,16,1054,8817,1751,5846,1007,154,0.479,0.145,0.706,"Mar 25, 1965",New Orleans,Louisiana
Carldell Johnson,1,15,27,9,22,8,0,0.314,0.267,0.333,"Jan 28, 1983",New Orleans,Louisiana
Dave Johnson,2,59,204,64,17,12,1,0.365,0.2,0.663,"Nov 16, 1970",Morgan City,Louisiana
Ervin Johnson,13,845,3473,5148,387,471,1087,0.505,0.2,0.605,"Dec 21, 1967",New Orleans,Louisiana
Marques Johnson,11,691,13892,4817,2502,888,525,0.518,0.152,0.739,"Feb 8, 1956",Nachitoches,Louisiana
Damian Jones,1,1,0,0,0,0,0,,,,"Jun 30, 1995",Baton Rouge,Louisiana
Jimmy Jones,10,686,11366,2930,3069,265,47,0.509,0.25,0.785,"Jan 1, 1945",Tallulah,Louisiana
Perry Jones,3,143,488,252,54,36,33,0.42,0.293,0.66,"Sep 24, 1991",Winnsboro,Louisiana
Steve Jones,9,704,10672,2467,1515,96,28,0.444,0.338,0.822,"Oct 17, 1942",Alexandria,Louisiana
Harold Keeling,1,20,44,6,10,7,0,0.436,,0.714,"Sep 18, 1963",New Orleans,Louisiana
Carl Kilpatrick,1,2,3,4,0,0,0,0.5,,0.5,"May 16, 1956",Bastrop,Louisiana
Gerard King,3,126,566,393,84,50,27,0.503,,0.744,"Nov 25, 1972",New Orleans,Louisiana
Oliver Lafayette,1,1,7,4,2,0,0,0.5,0.5,,"May 06, 1984",Baton Rouge,Louisiana
Edmund Lawrence,1,3,12,4,1,1,0,0.625,,0.5,"Dec 8, 1952",Lake Charles,Louisiana
Rashard Lewis,16,1049,15579,5433,1765,1115,541,0.452,0.386,0.805,"Aug 08, 1979",Pineville,Louisiana
Randy Livingston,11,203,773,282,415,121,31,0.406,0.351,0.771,"Apr 02, 1975",New Orleans,Louisiana
Bob Love,11,789,13895,4653,1123,232,56,0.429,,0.805,"Dec 8, 1942",Bastrop,Louisiana
Karl Malone*,19,1476,36928,14968,5248,2085,1145,0.516,0.274,0.742,"Jul 24, 1963",Summerfield,Louisiana
Jarell Martin,2,57,295,216,21,18,15,0.428,0.333,0.745,"May 24, 1994",Baton Rouge,Louisiana
John McConathy,1,11,14,20,8,,,0.138,,0.429,"Apr 9, 1930",Sailes,Louisiana
Mel McGaha,1,51,176,,51,,,0.318,,0.591,"Sep 26, 1926",Bastrop,Louisiana
Elijah Millsap,2,67,284,185,77,63,19,0.332,0.284,0.683,"Aug 12, 1987",Grambling,Louisiana
Paul Millsap,11,794,11100,5935,1767,1053,830,0.497,0.333,0.733,"Feb 10, 1985",Monroe,Louisiana
Greg Monroe,7,483,6861,4347,1086,553,306,0.508,0,0.705,"Jun 04, 1990",New Orleans,Louisiana
Jackie Moreland,8,582,5730,3417,937,,,0.42,0.3,0.721,"Mar 11, 1938",Minden,Louisiana
Calvin Natt,11,599,10291,4070,1306,525,191,0.528,0.219,0.768,"Jan 8, 1957",Monroe,Louisiana
Kenny Natt,3,49,150,40,41,12,1,0.417,0.2,0.621,"Oct 5, 1958",Monroe,Louisiana
Kelly Oubre,2,89,395,230,28,41,9,0.425,0.301,0.69,"Dec 09, 1995",New Orleans,Louisiana
Robert Pack,13,552,4921,1112,2556,605,43,0.425,0.292,0.787,"Feb 3, 1969",New Orleans,Louisiana
Gerald Paddio,3,129,715,184,134,38,12,0.421,0.242,0.746,"Apr 21, 1965",Lafayette,Louisiana
Robert Parish*,21,1611,23334,14715,2180,1219,2361,0.537,0,0.721,"Aug 30, 1953",Shreveport,Louisiana
Elfrid Payton,3,185,1849,720,1170,266,59,0.435,0.283,0.577,"Feb 22, 1994",Gretna,Louisiana
Bob Pettit*,11,792,20880,12849,2369,,,0.436,,0.761,"Dec 12, 1932",Baton Rouge,Louisiana
Bobby Phills,9,467,5153,1469,1246,592,139,0.443,0.39,0.738,"Dec 20, 1969",Baton Rouge,Louisiana
Cincinnatus Powell,8,599,9746,4582,1330,73,40,0.472,0.274,0.725,"Feb 25, 1942",Baton Rouge,Louisiana
Anthony Pullard,1,8,17,8,2,2,2,0.444,,0.333,"Jun 23, 1966",DeQuincy,Louisiana
Chris Quinn,6,241,1092,266,455,102,8,0.399,0.377,0.809,"Sep 27, 1983",New Orleans,Louisiana
James Ray,3,103,334,228,76,38,39,0.428,0.333,0.629,"Jul 27, 1957",New Orleans,Louisiana
Eldridge Recasner,8,296,1732,534,522,129,12,0.426,0.409,0.887,"Dec 14, 1967",New Orleans,Louisiana
Willis Reed*,10,650,12183,8414,1186,12,21,0.476,,0.747,"Jun 25, 1942",Hico,Louisiana
Larry Robinson,7,89,400,167,82,56,4,0.384,0.373,0.667,"Jan 11, 1968",Bossier City,Louisiana
Donald Royal,8,504,3161,1431,500,247,99,0.473,0,0.77,"May 22, 1966",New Orleans,Louisiana
John Rudd,1,58,184,167,35,17,8,0.444,,0.71,"Aug 7, 1955",DeRidder,Louisiana
Bill Russell*,13,963,14522,21620,4100,,,0.44,,0.561,"Feb 12, 1934",Monroe,Louisiana
Robert Sacre,4,189,787,593,126,56,110,0.436,0,0.671,"Jun 06, 1989",Baton Rouge,Louisiana
Al Sanders,1,4,8,5,0,,,1,,0.667,"Jan 1, 1950",Baton Rouge,Louisiana
Mike Sanders,11,648,5162,1927,880,464,206,0.482,0.221,0.769,"May 7, 1960",Vidalia,Louisiana
Woody Sauldsberry,7,462,4930,3618,498,,,0.348,,0.61,"Jul 11, 1934",Winnsboro,Louisiana
Glynn Saulters,1,22,59,19,11,,,0.314,0,0.682,"Feb 10, 1945",Minden,Louisiana
Bruce Seals,5,348,3107,1463,360,226,208,0.423,0.204,0.672,"Jun 18, 1953",New Orleans,Louisiana
James Silas,10,685,11038,2069,2628,608,105,0.495,0,0.855,"Feb 11, 1949",Tallulah,Louisiana
Grant Simmons,2,95,858,266,197,,,0.42,0.083,0.704,"Mar 7, 1943",New Orleans,Louisiana
Walter Simon,7,541,6414,2704,1486,38,10,0.462,0.133,0.704,"Dec 1, 1939",Delcambre,Louisiana
Donald Sloan,5,218,1189,455,651,83,8,0.409,0.31,0.754,"Jan 15, 1988",Shreveport,Louisiana
Keith Smart,1,2,2,1,2,0,0,0,0,1,"Sep 21, 1964",Baton Rouge,Louisiana
Mike Smith,1,17,51,22,10,5,3,0.322,0.167,0.625,"Apr 15, 1976",West Monroe,Louisiana
Sam Smith,2,46,315,63,58,33,14,0.419,0.229,0.862,"Jan 8, 1955",Ferriday,Louisiana
Stromile Swift,9,547,4582,2535,275,354,683,0.473,0.074,0.699,"Nov 21, 1979",Shreveport,Louisiana
Collis Temple,1,24,42,31,15,4,4,0.415,0,0.8,"Nov 8, 1952",Kentwood,Louisiana
Garrett Temple,7,338,1584,621,497,250,82,0.398,0.346,0.712,"May 08, 1986",Baton Rouge,Louisiana
Billy Thomas,3,53,144,52,26,25,2,0.338,0.304,0.846,"Dec 23, 1975",Shreveport,Louisiana
Tyrus Thomas,8,402,3093,1938,347,328,525,0.438,0.235,0.732,"Aug 17, 1986",Baton Rouge,Louisiana
Marcus Thornton,8,477,5720,1335,668,403,60,0.425,0.358,0.832,"Jun 05, 1987",Baton Rouge,Louisiana
Von Wafer,6,200,1054,234,146,73,19,0.42,0.325,0.751,"Jul 21, 1985",Homer,Louisiana
Randy White,5,281,2083,1366,175,209,127,0.401,0.193,0.707,"Nov 4, 1967",Shreveport,Louisiana
Morlon Wiley,7,295,1078,341,722,243,17,0.412,0.354,0.707,"Sep 24, 1966",New Orleans,Louisiana
Brandon Williams,3,18,41,18,3,8,3,0.298,0.3,0.5,"Feb 27, 1975",Collinston,Louisiana
Hot Rod Williams,13,887,9784,5998,1592,746,1456,0.48,0.105,0.726,"Aug 9, 1962",Sorrento,Louisiana
Nate Williams,8,642,7709,2469,963,543,136,0.458,,0.805,"May 2, 1950",Columbia,Louisiana
Dedric Willoughby,1,25,190,51,66,23,2,0.341,0.296,0.765,"May 27, 1974",New Orleans,Louisiana
Nikita Wilson,1,15,19,11,3,0,0,0.304,,0.833,"Feb 25, 1964",Pineville,Louisiana
Orlando Woolridge,13,851,13623,3696,1609,553,569,0.513,0.091,0.737,"Dec 16, 1959",Bernice,Louisiana
Larry Wright,6,343,2824,550,1165,283,58,0.465,0.261,0.777,"Nov 23, 1954",Monroe,Louisiana
Thaddeus Young,10,695,9604,4103,1054,980,281,0.499,0.33,0.685,"Jun 21, 1988",New Orleans,Louisiana
Tony Zeno,1,8,14,14,1,4,3,0.286,,1,"Oct 1, 1957",New Orleans,Louisiana
Derrick Zimmerman,1,2,4,4,7,0,0,0.667,,,"Dec 02, 1981",Monroe,Louisiana
Jeff Turner,10,612,3697,2036,635,215,85,0.467,0.344,0.769,"Apr 9, 1962",Bangor,Maine
Ken Bannister,5,253,1501,893,111,109,80,0.488,0,0.492,"Apr 1, 1960",Baltimore,Maryland
Will Barton,5,271,2279,937,415,178,82,0.423,0.311,0.789,"Jan 06, 1991",Baltimore,Maryland
Dave Batton,2,58,188,123,32,15,16,0.448,0,0.471,"Mar 26, 1956",Baltimore,Maryland
Lonny Baxter,4,162,637,477,40,37,59,0.466,0.2,0.657,"Jan 27, 1979",Silver Spring,Maryland
Michael Beasley,9,476,6073,2277,606,283,241,0.454,0.345,0.757,"Jan 09, 1989",Frederick,Maryland
Norman Black,1,3,8,2,2,1,0,0.3,,0.25,"Nov 12, 1957",Baltimore,Maryland
Muggsy Bogues,14,889,6858,2318,6726,1369,39,0.458,0.278,0.827,"Jan 9, 1965",Baltimore,Maryland
Josh Boone,4,256,1340,1258,125,99,178,0.544,,0.445,"Nov 21, 1984",Mount Airy,Maryland
Keith Booth,2,45,130,97,39,22,11,0.325,0.091,0.563,"Oct 09, 1974",Baltimore,Maryland
Ken Boyd,1,6,19,5,2,3,0,0.538,,0.455,"Mar 25, 1952",Frederick,Maryland
Charles Bradley,3,110,347,119,55,46,34,0.416,0,0.585,"May 16, 1959",Havre De Grace,Maryland
Dudley Bradley,9,600,3131,1098,1147,940,182,0.44,0.293,0.73,"Mar 19, 1957",Baltimore,Maryland
Reggie Bullock,4,120,322,177,48,30,9,0.384,0.341,0.818,"Mar 16, 1991",Baltimore,Maryland
Evers Burns,1,23,56,30,9,6,3,0.4,,0.522,"Aug 24, 1971",Baltimore,Maryland
Sam Cassell,15,993,15635,3221,5939,1058,163,0.454,0.331,0.861,"Nov 18, 1969",Baltimore,Maryland
Marcus Cousin,1,4,4,3,0,0,1,0.667,,,"Dec 18, 1986",Baltimore,Maryland
Dante Cunningham,8,530,3186,1979,381,364,275,0.467,0.297,0.649,"Apr 22, 1987",Clinton,Maryland
Quintin Dailey,10,528,7470,1307,1188,500,51,0.454,0.158,0.779,"Jan 22, 1961",Baltimore,Maryland
Donald Dee,1,58,332,292,33,,,0.357,0,0.747,"Aug 9, 1943",Booneville,Maryland
Malcolm Delaney,1,29,160,47,80,11,1,0.379,0.184,0.881,"Mar 11, 1989",Baltimore,Maryland
Juan Dixon,7,436,3678,816,775,341,34,0.413,0.341,0.833,"Oct 09, 1978",Baltimore,Maryland
Joey Dorsey,4,130,344,513,55,67,44,0.534,0,0.375,"Dec 16, 1983",Baltimore,Maryland
Terry Dozier,1,9,22,15,3,6,2,0.333,0,0.5,"Jun 29, 1966",Baltimore,Maryland
Jerome Dyson,1,9,67,19,18,11,2,0.396,0.125,0.778,"May 01, 1987",Rockville,Maryland
Corsley Edwards,1,10,27,25,3,3,4,0.323,,0.583,"Mar 05, 1979",Baltimore,Maryland
Kim English,1,41,119,37,26,16,3,0.375,0.28,0.724,"Sep 24, 1988",Baltimore,Maryland
Duane Ferrell,11,583,3704,1132,509,302,105,0.48,0.288,0.75,"Feb 28, 1965",Baltimore,Maryland
Danny Ferry,13,917,6439,2550,1185,384,292,0.446,0.393,0.84,"Oct 17, 1966",Hyattsville,Maryland
Steve Francis,9,576,10446,3215,3473,846,223,0.429,0.341,0.797,"Feb 21, 1977",Silver Spring,Maryland
Rudy Gay,11,746,13725,4404,1695,999,605,0.452,0.344,0.795,"Aug 17, 1986",Baltimore,Maryland
Jerian Grant,2,96,506,172,200,66,13,0.386,0.232,0.801,"Oct 09, 1992",Silver Spring,Maryland
Devin Gray,2,27,67,39,7,9,3,0.365,,0.618,"May 31, 1972",Baltimore,Maryland
Jeff Green,9,665,9163,3200,1095,519,387,0.437,0.337,0.788,"Aug 28, 1986",Cheverly,Maryland
Kevin Henderson,2,22,65,24,34,9,0,0.393,0,0.607,"Mar 22, 1964",Baltimore,Maryland
Jarrett Jack,11,803,8877,2296,3599,646,103,0.44,0.346,0.856,"Oct 28, 1983",Fort Washington,Maryland
Tracy Jackson,3,129,694,243,132,78,14,0.463,0.154,0.749,"Apr 21, 1959",Rockville,Maryland
Thomas Jordan,1,4,44,19,3,3,5,0.439,,0.471,"May 23, 1968",Baltimore,Maryland
Ty Lawson,8,511,6519,1410,3110,597,49,0.459,0.363,0.766,"Nov 03, 1987",Clinton,Maryland
Kurk Lee,1,48,66,30,34,11,2,0.268,0.2,0.893,"Jun 3, 1967",Baltimore,Maryland
Reggie Lewis,6,450,7902,1938,1153,569,417,0.488,0.2,0.824,"Nov 21, 1965",Baltimore,Maryland
Matt Maloney,6,295,2177,500,852,240,14,0.408,0.372,0.797,"Dec 06, 1971",Silver Spring,Maryland
Chris McCray,1,5,0,0,0,0,0,0,,,"May 27, 1984",Capitol Heights,Maryland
Rodney McGruder,1,27,162,100,36,19,8,0.388,0.315,0.724,"Jul 29, 1991",Landover,Maryland
Rodney Monroe,1,38,131,33,27,12,2,0.368,0.222,0.826,"Apr 16, 1968",Baltimore,Maryland
Terence Morris,3,139,472,377,93,35,49,0.407,0.196,0.711,"Jan 11, 1979",Frederick,Maryland
Gary Neal,6,350,3466,759,572,145,10,0.423,0.383,0.849,"Oct 03, 1984",Baltimore,Maryland
Daniel Ochefu,1,6,2,5,1,0,0,0.2,,,"Dec 15, 1993",Baltimore,Maryland
Victor Oladipo,4,248,3937,1084,970,387,117,0.434,0.345,0.798,"May 04, 1992",Silver Spring,Maryland
Arinze Onuaku,3,16,32,33,7,1,4,0.636,,0.4,"Jul 13, 1987",Lanham,Maryland
Dennis Scott,10,629,8094,1774,1296,525,197,0.417,0.397,0.793,"Sep 5, 1968",Hagerstown,Maryland
Josh Selby,2,38,83,20,34,9,0,0.33,0.143,0.72,"Mar 27, 1991",Baltimore,Maryland
Gene Shue,10,699,10068,2855,2608,,,0.396,,0.806,"Dec 18, 1931",Baltimore,Maryland
Dickey Simpkins,7,327,1388,1187,305,91,60,0.44,0.222,0.618,"Apr 06, 1972",Fort Washington,Maryland
Henry Sims,4,135,1031,670,140,76,64,0.471,0.174,0.767,"Mar 27, 1990",Baltimore,Maryland
Tal Skinner,2,145,660,608,152,99,24,0.434,,0.633,"Sep 10, 1952",Berlin,Maryland
Larry Spriggs,5,169,873,384,218,80,28,0.517,0,0.752,"Sep 8, 1959",Cheverly,Maryland
DaJuan Summers,4,83,278,82,29,18,8,0.384,0.367,0.642,"Jan 24, 1988",Baltimore,Maryland
Mike Sweetney,4,233,1516,1045,145,73,107,0.485,0,0.689,"Oct 25, 1982",Oxon Hill,Maryland
Marvin Webster,10,617,4302,4218,752,228,881,0.488,0.286,0.621,"Apr 13, 1952",Baltimore,Maryland
Reggie Williams,10,599,7508,2393,1492,802,407,0.437,0.298,0.784,"Mar 5, 1964",Baltimore,Maryland
Kennard Winchester,3,122,417,131,46,28,25,0.415,0.317,0.779,"Sep 3, 1966",Chestertown,Maryland
David Wingate,15,740,4166,1420,1376,597,122,0.445,0.272,0.738,"Dec 15, 1963",Baltimore,Maryland
Perry Young,1,9,13,8,7,5,1,0.286,,0.5,"Aug 4, 1963",Baltimore,Maryland
Jeff Adrien,5,153,709,659,100,50,79,0.474,0,0.628,"Feb 10, 1986",Brookline,Massachusetts
John Amaechi,5,294,1837,772,228,90,94,0.403,0.077,0.671,"Nov 26, 1970",Boston,Massachusetts
Antonio Anderson,1,1,2,1,0,0,0,0.333,,,"Jun 05, 1985",Lynn,Massachusetts
Cedric Ball,1,7,8,11,0,0,2,0.375,,1,"Apr 16, 1968",Worcester,Massachusetts
Dana Barros,14,850,8901,1609,2837,740,46,0.46,0.411,0.858,"Apr 13, 1967",Boston,Massachusetts
Travis Best,10,708,5376,1249,2444,661,60,0.431,0.345,0.835,"Jul 12, 1972",Springfield,Massachusetts
Bob Bigelow,4,94,234,111,42,19,4,0.414,,0.732,"Dec 26, 1953",Boston,Massachusetts
Will Blalock,1,14,25,15,17,5,0,0.3,0.2,1,"Sep 08, 1983",Boston,Massachusetts
Michael Bradley,5,173,483,591,93,25,47,0.477,0.143,0.511,"Apr 18, 1979",Worcester,Massachusetts
Bob Carrington,2,82,672,187,120,69,24,0.428,0,0.76,"Jul 3, 1953",Brookline,Massachusetts
Michael Carter-Williams,4,193,2768,1075,1172,323,116,0.411,0.256,0.691,"Oct 10, 1991",Hamilton,Massachusetts
Pat Connaughton,2,46,57,42,14,2,1,0.35,0.261,0.818,"Jan 06, 1993",Arlington,Massachusetts
Armand Cure,1,12,10,,0,,,0.267,,0.667,"Aug 1, 1919",New Bedford,Massachusetts
Bill Curley,5,147,394,290,60,61,44,0.444,0.222,0.743,"May 29, 1972",Boston,Massachusetts
Vinny Del Negro,12,771,7038,1810,2484,576,65,0.475,0.359,0.84,"Aug 9, 1966",Springfield,Massachusetts
Terry Driscoll,5,274,1127,1114,221,31,22,0.419,,0.694,"Aug 28, 1947",Winthrop,Massachusetts
Patrick Ewing,1,7,3,2,2,0,1,0,0,0.75,"May 20, 1984",Boston,Massachusetts
Jack Foley,1,11,53,16,5,,,0.392,,0.867,"Apr 19, 1939",Worcester,Massachusetts
Matt Geiger,10,552,5059,3158,388,306,347,0.499,0.232,0.728,"Sep 10, 1969",Salem,Massachusetts
Adam Harrington,1,19,30,8,12,2,1,0.297,0.357,0.75,"Jul 05, 1980",Bernardston,Massachusetts
Chris Herren,2,70,224,73,167,29,2,0.336,0.328,0.692,"Sep 27, 1975",Fall River,Massachusetts
Bill Hewitt,6,361,2062,1994,469,9,10,0.439,,0.561,"Aug 8, 1944",Cambridge,Massachusetts
Randell Jackson,2,28,114,54,8,3,11,0.426,0.143,0.656,"Jan 16, 1976",Boston,Massachusetts
Toby Kimball,9,571,3470,3870,571,51,23,0.425,,0.573,"Sep 7, 1942",Framingham,Massachusetts
Bill Laimbeer,14,1068,13790,10400,2184,710,965,0.498,0.326,0.837,"May 19, 1957",Boston,Massachusetts
Tony Lavelli,2,86,591,59,63,,,0.367,,0.853,"Jul 11, 1926",Somerville,Massachusetts
Jake Layman,1,17,45,12,6,6,1,0.319,0.242,0.778,"Mar 07, 1994",Norwood,Massachusetts
Ron Lee,6,448,3285,1219,1688,869,122,0.416,0.321,0.705,"Nov 2, 1952",Boston,Massachusetts
Russ Lee,3,97,282,114,65,22,3,0.391,,0.685,"Jan 27, 1950",Boston,Massachusetts
Dwayne McClain,1,45,157,30,67,38,4,0.383,0.111,0.514,"Feb 7, 1963",Worcester,Massachusetts
Shabazz Napier,3,125,525,180,247,74,5,0.362,0.344,0.754,"Jul 14, 1991",Roxbury,Massachusetts
Georges Niang,1,14,11,14,5,1,0,0.148,0.1,1,"Jun 17, 1993",Lawrence,Massachusetts
Demetris Nichols,2,18,22,7,2,0,4,0.281,0.2,0.5,"Sep 04, 1984",Boston,Massachusetts
Nerlens Noel,3,145,1505,1161,250,252,243,0.491,0.5,0.601,"Apr 10, 1994",Malden,Massachusetts
Grady O'Malley,1,24,50,26,10,,,0.35,,0.421,"Apr 25, 1948",Boston,Massachusetts
Courtney Sims,2,5,6,6,1,0,0,0.429,,,"Oct 21, 1983",Roslindale,Massachusetts
Stan Stutz,3,166,1181,,188,,,0.256,,0.813,"Apr 14, 1920",Worcester,Massachusetts
Lou Tsioropoulos,3,157,910,751,165,,,0.315,,0.717,"Aug 31, 1930",Lynn,Massachusetts
Wayne Turner,1,3,4,3,5,0,0,0.167,,0.333,"Mar 22, 1976",Boston,Massachusetts
Noah Vonleh,3,127,440,474,38,38,44,0.412,0.282,0.723,"Aug 24, 1995",Haverhill,Massachusetts
Maurice Ager,4,82,169,46,19,6,6,0.339,0.25,0.566,"Feb 09, 1984",Detroit,Michigan
Henry Akin,3,88,308,181,40,,,0.35,0,0.676,"Jul 31, 1944",Detroit,Michigan
Victor Alexander,5,286,2542,1384,257,135,177,0.518,0.286,0.634,"Aug 31, 1969",Detroit,Michigan
Keith Appling,1,5,6,1,1,1,0,0.25,0,1,"Feb 13, 1992",Detroit,Michigan
B.J. Armstrong,11,747,7320,1321,2479,533,47,0.477,0.425,0.856,"Sep 9, 1967",Detroit,Michigan
Bob Armstrong,1,19,28,39,3,,,0.297,,0.5,"Jun 17, 1933",Detroit,Michigan
Shane Battier,13,977,8408,4082,1717,988,906,0.437,0.384,0.743,"Sep 09, 1978",Birmingham,Michigan
Charlie Bell,7,376,3204,814,857,303,31,0.412,0.361,0.769,"Mar 12, 1979",Flint,Michigan
Ricky Berry,1,64,706,197,80,37,22,0.45,0.406,0.789,"Oct 6, 1964",Lansing,Michigan
Devin Booker,2,104,1584,265,286,67,28,0.419,0.337,0.829,"Oct 30, 1996",Grand Rapids,Michigan
Don Boven,3,195,1763,553,393,,,0.339,,0.706,"Mar 6, 1925",Kalamazoo,Michigan
John Brisker,6,331,6847,2152,787,35,9,0.453,0.321,0.834,"Jun 15, 1947",Detroit,Michigan
P.J. Brown,15,1089,9870,8409,1661,912,1116,0.46,0.136,0.794,"Oct 14, 1969",Detroit,Michigan
Bill Buntin,1,42,324,252,36,,,0.395,,0.615,"May 5, 1942",Detroit,Michigan
Willie Burton,8,316,3243,932,393,191,121,0.424,0.345,0.786,"May 26, 1968",Detroit,Michigan
Demetrius Calip,1,7,11,5,12,1,0,0.222,0.2,0.667,"Nov 18, 1969",Flint,Michigan
Geno Carlisle,1,6,8,1,1,0,0,0.667,,0.667,"Aug 13, 1976",Grand Rapids,Michigan
Wilson Chandler,9,471,6536,2538,833,355,316,0.442,0.34,0.774,"May 10, 1987",Benton Harbor,Michigan
Mateen Cleaves,6,167,609,175,310,67,5,0.389,0.267,0.728,"Sep 07, 1977",Flint,Michigan
Fred Cofield,2,50,169,51,86,22,3,0.395,0.188,0.6,"Jan 4, 1962",Ypsilanti,Michigan
Duane Cooper,2,88,204,59,178,21,2,0.402,0.216,0.72,"Jun 25, 1969",Benton Harbor,Michigan
Chris Crawford,7,252,1654,547,154,101,80,0.437,0.347,0.824,"May 13, 1975",Kalamazoo,Michigan
Joe Crawford,1,2,9,4,1,1,0,0.3,0.25,1,"Jun 17, 1986",Detroit,Michigan
Jordan Crawford,4,257,3132,665,813,184,20,0.405,0.306,0.828,"Oct 23, 1988",Detroit,Michigan
Dillard Crocker,4,154,1352,215,205,,,0.316,,0.706,"Jan 19, 1925",Niles,Michigan
Earl Cureton,12,674,3620,3172,678,341,361,0.473,0,0.538,"Sep 3, 1957",Detroit,Michigan
Mel Daniels*,9,639,11778,9528,1140,99,362,0.468,0.088,0.657,"Jul 20, 1944",Detroit,Michigan
Deyonta Davis,1,21,46,42,2,1,12,0.588,,0.545,"Dec 02, 1996",Muskegon,Michigan
Johnny Davis,10,750,9710,1505,3368,683,116,0.448,0.176,0.821,"Oct 21, 1955",Detroit,Michigan
Paul Davis,4,82,217,158,32,22,15,0.402,0,0.732,"Jul 21, 1984",Detroit,Michigan
Paul Dawkins,1,57,316,125,77,33,9,0.47,0.2,0.688,"Jun 10, 1957",Saginaw,Michigan
Dave DeBusschere*,12,875,14053,9618,2497,67,39,0.432,,0.699,"Oct 16, 1940",Detroit,Michigan
Andrew DeClercq,10,587,2815,2488,339,390,301,0.507,0,0.621,"Feb 01, 1973",Detroit,Michigan
Derrick Dial,4,82,253,133,63,21,11,0.372,0.19,0.672,"Dec 20, 1975",Detroit,Michigan
Chris Douglas-Roberts,6,222,1571,472,254,128,55,0.439,0.329,0.831,"Jan 08, 1987",Detroit,Michigan
Terry Duerod,4,143,961,160,170,63,17,0.462,0.329,0.672,"Jul 29, 1956",Royal Oak,Michigan
Charles Edge,2,155,1201,981,109,117,105,0.502,0,0.632,"Feb 23, 1950",Hampraca,Michigan
Howard Eisley,12,786,5116,1324,2748,540,83,0.407,0.35,0.827,"Dec 04, 1972",Detroit,Michigan
Bob Elliott,3,141,980,502,204,69,34,0.494,0.333,0.649,"Aug 18, 1955",Ann Arbor,Michigan
Desmon Farmer,2,11,26,7,11,1,0,0.31,0.25,1,"Oct 07, 1981",Flint,Michigan
Butch Feher,1,48,248,74,36,11,7,0.531,,0.768,"May 19, 1954",Flint,Michigan
Kay Felder,1,12,46,15,21,2,1,0.39,0.5,0.75,"Mar 29, 1995",Detroit,Michigan
Desmond Ferguson,1,7,13,4,1,0,0,0.417,0.375,0,"Jul 22, 1977",Lansing,Michigan
Marcus Fizer,6,289,2782,1340,352,134,81,0.435,0.191,0.691,"Aug 10, 1978",Detroit,Michigan
Bryn Forbes,1,11,10,4,1,1,0,0.308,0.167,1,"Jul 23, 1993",Lansing,Michigan
Tony Fuller,1,15,60,42,28,10,1,0.364,0,0.75,"Sep 4, 1958",Detroit,Michigan
Terry Furlow,4,239,2550,507,568,159,69,0.459,0.293,0.862,"Oct 18, 1954",Flint,Michigan
Derrick Gervin,2,77,676,175,38,39,26,0.435,0.226,0.764,"Mar 28, 1963",Detroit,Michigan
George Gervin*,14,1060,26595,5602,2798,1283,1047,0.504,0.271,0.841,"Apr 27, 1952",Detroit,Michigan
Ben Gillery,1,24,25,23,2,2,4,0.316,,0.565,"Sep 19, 1965",Detroit,Michigan
Jeff Grayer,9,438,3257,1294,635,271,65,0.457,0.255,0.663,"Dec 17, 1965",Flint,Michigan
Draymond Green,5,349,3088,2332,1296,449,346,0.438,0.342,0.687,"Mar 04, 1990",Saginaw,Michigan
Willie Green,12,731,6059,1303,1018,393,108,0.425,0.346,0.765,"Jul 28, 1981",Detroit,Michigan
Paul Griffin,7,480,2443,2650,1116,403,248,0.505,,0.692,"Jan 20, 1954",Shelby,Michigan
Lindsay Hairston,1,47,273,179,21,21,32,0.456,,0.58,"Dec 8, 1951",Detroit,Michigan
Malik Hairston,2,62,149,77,29,10,16,0.512,0.167,0.514,"Feb 23, 1987",Detroit,Michigan
Darvin Ham,8,417,1139,963,229,136,154,0.518,0.25,0.494,"Jul 23, 1973",Saginaw,Michigan
Ben Handlogten,2,38,163,120,19,10,9,0.523,0,0.614,"Nov 16, 1973",Grand Rapids,Michigan
Alan Hardy,2,60,193,53,23,10,13,0.431,0,0.641,"May 25, 1957",Detroit,Michigan
Manny Harris,3,89,567,244,127,48,14,0.385,0.358,0.744,"Sep 21, 1989",Detroit,Michigan
Robert Hawkins,4,103,1313,240,150,114,47,0.453,,0.704,"Jun 30, 1954",Detroit,Michigan
Nate Huffman,1,7,23,23,5,1,3,0.36,,0.625,"Apr 02, 1975",Battle Creek,Michigan
Willie Iverson,1,28,136,46,80,,,0.342,0,0.6,"Oct 8, 1945",Detroit,Michigan
Jermaine Jackson,5,135,262,145,184,42,9,0.401,0.158,0.711,"Jun 07, 1976",Detroit,Michigan
Darryl Johnson,1,11,12,2,1,0,0,0.417,0,1,"Oct 26, 1965",Flint,Michigan
Ken Johnson,1,16,32,32,0,1,12,0.405,,0.333,"Feb 01, 1978",Detroit,Michigan
Magic Johnson*,13,906,17707,6559,10141,1724,374,0.52,0.303,0.848,"Aug 14, 1959",Lansing,Michigan
Neil Johnson,7,380,2633,2003,632,,,0.479,0.167,0.673,"Apr 17, 1943",Jackson,Michigan
Bill Jones,1,37,129,47,20,17,6,0.49,0,0.674,"Mar 18, 1966",Detroit,Michigan
Chris Kaman,13,735,8208,5582,921,322,931,0.489,0.042,0.743,"Apr 28, 1982",Wyoming,Michigan
Negele Knight,6,276,1699,351,780,123,30,0.436,0.263,0.73,"Mar 6, 1967",Detroit,Michigan
Joe Kopicki,3,118,432,314,84,37,8,0.493,0.273,0.812,"Jun 12, 1960",Warren,Michigan
Tom Kozelko,3,189,407,346,99,68,16,0.419,,0.745,"Jul 1, 1951",Traverse City,Michigan
Tom LaGarde,6,312,2376,1593,456,94,131,0.462,0,0.64,"Feb 10, 1955",Detroit,Michigan
Voshon Lenard,11,565,6745,1609,1180,424,131,0.415,0.384,0.787,"May 14, 1973",Detroit,Michigan
Kevin Loder,3,148,875,338,174,67,43,0.461,0.261,0.695,"Mar 15, 1959",Cassopolis,Michigan
Grant Long,15,1003,9518,6154,1716,1199,366,0.467,0.283,0.761,"Mar 12, 1966",Wayne,Michigan
John Long,14,893,12131,2492,1738,912,180,0.467,0.322,0.862,"Aug 28, 1956",Romulus,Michigan
Kalin Lucas,1,1,0,0,0,1,0,0,,,"May 24, 1989",Sterling Heights,Michigan
Mark Macon,6,251,1685,467,428,349,20,0.384,0.27,0.735,"Apr 14, 1969",Saginaw,Michigan
Dan Majerle,14,955,10925,4265,2755,1194,360,0.431,0.358,0.741,"Sep 9, 1965",Traverse City,Michigan
Devyn Marble,2,44,97,69,29,22,3,0.304,0.222,0.375,"Sep 21, 1992",Southfield,Michigan
Roy Marble,2,29,55,32,12,7,3,0.257,0,0.594,"Dec 13, 1966",Flint,Michigan
Donny Marshall,5,119,293,121,36,37,5,0.321,0.336,0.681,"Jul 17, 1972",Detroit,Michigan
Kenyon Martin,15,757,9325,5159,1439,893,864,0.483,0.234,0.629,"Dec 30, 1977",Saginaw,Michigan
Bill Mayfield,1,7,17,9,1,0,1,0.444,,0.5,"Oct 17, 1957",Detroit,Michigan
Tim McCormick,8,483,4030,2366,491,139,187,0.535,0.063,0.703,"Mar 10, 1962",Detroit,Michigan
JaVale McGee,9,441,3536,2305,146,169,727,0.545,0.125,0.578,"Jan 19, 1988",Flint,Michigan
Maurice McHartley,3,189,2351,599,641,,,0.402,0.188,0.746,"Aug 1, 1942",Detroit,Michigan
Kenny McIntosh,4,177,934,696,173,56,32,0.361,,0.581,"Jan 21, 1949",Detroit,Michigan
Anthony Miller,8,181,510,488,66,58,26,0.51,0.25,0.576,"Oct 22, 1971",Benton Harbor,Michigan
Terry Mills,11,678,7175,3680,891,397,296,0.457,0.384,0.781,"Dec 21, 1967",Romulus,Michigan
Eric Money,6,426,5211,894,1623,524,62,0.494,,0.748,"Feb 6, 1955",Detroit,Michigan
Don Nelson*,14,1053,10898,5192,1526,65,35,0.48,,0.765,"May 15, 1940",Muskegon,Michigan
Ira Newble,8,380,1930,1114,342,204,105,0.446,0.341,0.778,"Jan 20, 1975",Southfield,Michigan
Connie Norman,3,99,595,145,94,41,11,0.439,,0.82,"Sep 24, 1953",Detroit,Michigan
Mike Peplowski,3,68,194,176,26,19,27,0.556,0,0.531,"Oct 15, 1970",Detroit,Michigan
Morris Peterson,11,711,7628,2483,1090,639,136,0.418,0.373,0.773,"Aug 26, 1977",Flint,Michigan
Jerry Pettway,2,87,792,303,120,,,0.339,0.258,0.653,"Feb 13, 1944",Detroit,Michigan
Gary Plummer,2,126,531,307,66,29,25,0.43,0.143,0.717,"Feb 21, 1962",Highland Park,Michigan
Ben Poquette,10,718,4899,3731,872,384,794,0.483,0.22,0.779,"May 7, 1955",Ann Arbor,Michigan
Shawn Respert,4,172,851,226,177,91,7,0.414,0.34,0.816,"Feb 06, 1972",Detroit,Michigan
Jason Richardson,13,857,14644,4245,2284,995,367,0.438,0.37,0.707,"Jan 20, 1981",Saginaw,Michigan
Anthony Roberson,3,65,265,49,35,23,1,0.4,0.356,0.9,"Feb 14, 1983",Saginaw,Michigan
Terrance Roberson,1,3,0,1,1,0,0,0,0,,"Dec 30, 1976",Saginaw,Michigan
Tony Robertson,2,75,409,80,107,82,5,0.435,,0.694,"Jan 1, 1956",Detroit,Michigan
Eddie Robinson,5,278,1938,764,252,216,91,0.507,0.25,0.739,"Apr 19, 1976",Flint,Michigan
Carlos Rogers,8,298,2196,1272,182,128,235,0.536,0.258,0.562,"Feb 06, 1971",Detroit,Michigan
Jalen Rose,13,923,13220,3193,3527,729,315,0.443,0.355,0.801,"Jan 30, 1973",Detroit,Michigan
Dan Roundfield,12,813,11657,7502,1655,695,1160,0.482,0.111,0.735,"May 26, 1953",Detroit,Michigan
Guy Rucker,1,3,0,1,1,0,0,,,,"Jul 27, 1977",Inkster,Michigan
Walker Russell,1,28,84,26,58,18,1,0.347,0.308,0.636,"Oct 06, 1982",Pontiac,Michigan
Walker Russell,6,155,464,187,350,57,10,0.393,0.158,0.8,"Oct 26, 1960",Pontiac,Michigan
Steve Scheffler,7,174,331,180,26,30,8,0.558,0.2,0.759,"Sep 3, 1967",Grand Rapids,Michigan
Tom Scheffler,1,39,52,76,11,8,11,0.412,,0.5,"Oct 27, 1954",St. Joseph,Michigan
Brent Scott,1,16,19,9,3,1,1,0.471,,0.5,"Jun 15, 1971",Jackson,Michigan
John Shasky,3,136,517,379,34,29,35,0.466,0,0.655,"Jul 31, 1964",Birmingham,Michigan
Ralph Simpson,10,705,11785,2616,2357,738,71,0.449,0.19,0.763,"Aug 10, 1949",Detroit,Michigan
Doug Smith,5,296,2356,1234,400,224,150,0.425,0.083,0.773,"Sep 17, 1969",Detroit,Michigan
Keith Smith,1,42,138,32,43,25,3,0.38,0.333,0.75,"Mar 9, 1964",Flint,Michigan
Steve Smith,14,942,13430,3060,2922,726,275,0.44,0.358,0.845,"Mar 31, 1969",Highland Park,Michigan
Guy Sparrow,3,150,1167,728,142,,,0.358,,0.608,"Nov 2, 1932",Pontiac,Michigan
Matt Steigenga,1,2,3,3,2,1,1,0.25,0,0.5,"Mar 27, 1970",Grand Rapids,Michigan
Barry Stevens,1,2,2,2,0,0,0,0.5,,,"Jan 17, 1963",Flint,Michigan
Maurice Taylor,9,534,5889,2452,623,246,259,0.466,0.152,0.711,"Oct 30, 1976",Detroit,Michigan
Terry Thomas,1,28,77,36,3,4,2,0.431,,0.724,"Aug 20, 1953",Detroit,Michigan
Rudy Tomjanovich,11,768,13383,6198,1573,374,175,0.501,0.262,0.784,"Nov 24, 1948",Hamtramck,Michigan
George Trapp,6,379,3353,1466,375,117,71,0.444,,0.752,"Jul 11, 1948",Detroit,Michigan
John Trapp,5,303,2193,1320,303,,,0.42,0,0.717,"Oct 2, 1945",Detroit,Michigan
Robert Traylor,7,438,2085,1640,312,280,306,0.474,0.167,0.577,"Feb 01, 1977",Detroit,Michigan
Terry Tyler,11,871,8868,4675,1039,801,1342,0.484,0.122,0.703,"Oct 30, 1956",Detroit,Michigan
Tyler Ulis,1,17,54,10,27,16,1,0.412,0.167,0.786,"Jan 05, 1996",Detroit,Michigan
Denzel Valentine,1,20,52,36,10,5,1,0.27,0.268,0.875,"Nov 16, 1993",Lansing,Michigan
Loy Vaught,11,689,6984,4881,652,510,228,0.504,0.244,0.718,"Feb 27, 1968",Grand Rapids,Michigan
Jay Vincent,9,576,8729,3167,1124,413,172,0.474,0.148,0.784,"Jun 10, 1959",Kalamazoo,Michigan
Sam Vincent,7,396,3106,819,1543,268,60,0.449,0.182,0.863,"May 18, 1963",Lansing,Michigan
Chris Webber,15,831,17182,8124,3526,1197,1200,0.479,0.299,0.649,"Mar 01, 1973",Detroit,Michigan
Robert Whaley,1,23,49,43,17,7,8,0.404,,0.5,"Apr 16, 1982",Benton Harbor,Michigan
Shayne Whittington,2,27,68,41,9,6,3,0.453,0.125,0.76,"Mar 27, 1991",Paw Paw,Michigan
Ken Wilburn,2,54,208,212,29,,,0.391,,0.506,"Jun 8, 1944",River Rouge,Michigan
James Young,3,71,148,79,25,17,3,0.349,0.253,0.515,"Aug 16, 1995",Flint,Michigan
Cole Aldrich,7,282,1008,1057,170,126,225,0.534,,0.752,"Oct 31, 1988",Burnsville,Minnesota
Alan Anderson,8,308,2352,697,363,180,31,0.405,0.345,0.817,"Oct 16, 1982",Minneapolis,Minnesota
Dan Anderson,2,140,1707,1316,158,,,0.481,,0.727,"Feb 15, 1943",Minneapolis,Minnesota
Troy Bell,1,6,11,4,4,1,0,0.222,0,1,"Nov 10, 1980",Minneapolis,Minnesota
Randy Breuer,11,681,4599,2986,616,305,750,0.467,0,0.628,"Oct 11, 1960",Lake City,Minnesota
Don Carlson,4,180,1447,15,324,,,0.33,,0.623,"Mar 22, 1919",Minneapolis,Minnesota
John Clawson,1,70,331,195,51,,,0.476,,0.685,"May 15, 1944",Duluth,Minnesota
Ben Coleman,5,227,1494,928,128,94,99,0.516,0,0.759,"Nov 14, 1961",Minneapolis,Minnesota
Tom Copa,1,33,48,36,3,2,6,0.55,,0.308,"Oct 30, 1964",Robbinsdale,Minnesota
Khalid El-Amin,1,50,314,81,145,48,2,0.37,0.333,0.778,"Apr 25, 1979",Minneapolis,Minnesota
Don Eliason,1,1,0,,0,,,0,,,"Jul 24, 1918",Owatonna,Minnesota
Chris Engler,5,195,343,386,45,32,42,0.411,,0.677,"Mar 1, 1959",Stillwater,Minnesota
Dick Garmaker,6,421,5597,1748,1114,,,0.403,,0.787,"Oct 29, 1932",Hibbing,Minnesota
Devean George,11,630,3536,1975,543,436,230,0.392,0.343,0.721,"Aug 29, 1977",Minneapolis,Minnesota
Kleggie Hermsen,6,288,2669,467,366,,,0.297,,0.654,"Mar 12, 1923",Hill City,Minnesota
Kris Humphries,13,764,5169,4163,536,314,442,0.465,0.276,0.698,"Feb 06, 1985",Minneapolis,Minnesota
Sam Jacobson,3,68,283,80,36,33,3,0.511,0.36,0.739,"Jul 22, 1975",Cottage Grove,Minnesota
Arnie Johnson,5,332,2888,1272,731,,,0.418,,0.731,"May 16, 1920",Gonvick,Minnesota
Tyus Jones,2,55,220,71,151,44,3,0.374,0.342,0.778,"May 10, 1996",Burnsville,Minnesota
Alec Kessler,4,210,1084,751,81,39,71,0.426,0.417,0.744,"Jan 13, 1967",Minneapolis,Minnesota
Arvid Kramer,1,8,16,12,3,0,5,0.318,,1,"Oct 2, 1956",Fulda,Minnesota
Jeff Lamp,6,291,1495,437,269,105,14,0.47,0.222,0.841,"Mar 9, 1959",Minneapolis,Minnesota
Jon Leuer,6,283,1766,1085,220,106,82,0.485,0.353,0.748,"May 14, 1989",Long Lake,Minnesota
Brad Lohaus,11,656,3854,1869,714,307,503,0.44,0.361,0.733,"Sep 29, 1964",New Ulm,Minnesota
Kevin Lynch,2,95,310,120,108,48,15,0.436,0.333,0.726,"Dec 24, 1968",Bloomington,Minnesota
Bob Martin,2,54,113,119,18,8,34,0.441,,0.608,"Oct 7, 1969",Minneapolis,Minnesota
Kevin McHale*,13,971,17335,7122,1670,344,1690,0.554,0.261,0.798,"Dec 19, 1957",Hibbing,Minnesota
Kevin McKenna,6,243,1320,317,342,184,25,0.414,0.367,0.819,"Jan 8, 1959",St. Paul,Minnesota
Mike Muscala,4,149,709,400,112,46,76,0.515,0.389,0.826,"Jul 01, 1991",St. Louis Park,Minnesota
Jeff Nordgaard,1,13,18,14,3,2,0,0.278,,0.889,"Feb 23, 1973",Dawson,Minnesota
Johnny Norlander,5,217,1811,9,218,,,0.329,,0.677,"Mar 5, 1921",Virginia,Minnesota
Mark Olberding,12,946,8940,5033,2332,623,272,0.492,0.122,0.808,"Apr 21, 1956",Melrose,Minnesota
Jim Petersen,8,491,3397,2354,487,213,363,0.486,0.071,0.725,"Feb 22, 1962",Minneapolis,Minnesota
Mel Peterson,4,134,1032,635,160,,,0.442,0.225,0.82,"Mar 23, 1938",Thief River Falls,Minnesota
Joel Przybilla,13,592,2293,3665,256,157,836,0.552,0,0.557,"Oct 10, 1979",Monticello,Minnesota
Mark Randall,4,127,332,160,56,24,8,0.443,0.154,0.722,"Sep 30, 1967",Edina,Minnesota
Howie Schultz,3,173,913,326,300,,,0.271,,0.711,"Jul 3, 1922",St. Paul,Minnesota
Rollie Seltz,1,34,266,,64,,,0.301,,0.769,"Jan 25, 1924",McIntosh,Minnesota
Whitey Skoog,6,341,2800,1133,903,,,0.388,,0.799,"Nov 2, 1926",Duluth,Minnesota
John Thomas,5,208,560,432,60,69,50,0.502,0,0.591,"Sep 08, 1975",Minneapolis,Minnesota
Rashad Vaughn,2,84,279,103,43,34,20,0.32,0.308,0.8,"Aug 16, 1996",Minneapolis,Minnesota
Clint Wager,1,63,143,,90,,,0.281,,0.617,"Jan 20, 1920",Winona,Minnesota
Matt Wenstrom,1,11,18,12,0,0,2,0.6,,0.6,"Nov 04, 1970",Minneapolis,Minnesota
Royce White,1,3,0,0,0,0,0,0,,,"Apr 10, 1991",Minneapolis,Minnesota
Trevor Winter,1,1,0,3,0,0,0,,,,"Jan 07, 1974",Slayton,Minnesota
Nate Wolters,2,79,459,183,208,43,17,0.426,0.261,0.635,"May 15, 1991",St. Cloud,Minnesota
Mahmoud Abdul-Rauf,9,586,8553,1087,2079,487,46,0.442,0.354,0.905,"Mar 9, 1969",Gulfport,Mississippi
Earl Barron,8,140,640,492,63,46,30,0.371,0.167,0.702,"Aug 14, 1981",Clarksdale,Mississippi
Billy Ray Bates,4,187,2197,313,352,151,16,0.474,0.303,0.796,"May 31, 1956",Kosciusko,Mississippi
Jonathan Bender,8,262,1453,582,170,43,169,0.417,0.34,0.763,"Jan 30, 1981",Picayune,Mississippi
Melvin Booker,2,32,166,38,74,8,3,0.4,0.268,0.871,"Aug 20, 1972",Pascagoula,Mississippi
Tommie Bowens,3,211,1132,1007,134,,,0.409,0.2,0.661,"Jul 7, 1940",Okolona,Mississippi
Alonzo Bradley,3,99,440,151,74,24,7,0.418,1,0.703,"Oct 16, 1953",Utica,Mississippi
Dee Brown,2,68,140,69,119,32,7,0.34,0.25,0.643,"Aug 17, 1984",Jackson,Mississippi
Rickey Brown,5,340,1482,1200,119,95,114,0.464,0,0.667,"Aug 20, 1958",Madison County,Mississippi
Cleveland Buckner,2,68,411,240,44,,,0.432,,0.62,"Aug 17, 1938",Yazoo City,Mississippi
Jackie Butler,3,69,343,205,30,20,31,0.539,,0.775,"Mar 10, 1985",McComb,Mississippi
Isaiah Canaan,4,171,1534,327,285,112,20,0.369,0.353,0.823,"May 21, 1991",Biloxi,Mississippi
Maurice Carter,1,10,42,11,4,0,0,0.314,0.364,0.8,"Oct 12, 1976",Jackson,Mississippi
Cornelius Cash,1,6,21,16,1,2,1,0.391,,0.5,"Mar 3, 1952",Macon,Mississippi
Harvey Catchings,11,725,2335,3639,608,261,1226,0.435,0,0.647,"Sep 2, 1951",Jackson,Mississippi
Terry Catledge,8,515,6520,3314,459,285,99,0.485,0.094,0.654,"Aug 22, 1963",Houston,Mississippi
E.C. Coleman,6,357,2553,2151,472,305,142,0.464,,0.694,"Sep 25, 1950",Flora,Mississippi
Joe Courtney,4,96,264,140,27,20,23,0.433,0.667,0.633,"Oct 17, 1969",Jackson,Mississippi
Erick Dampier,16,987,7309,7005,817,330,1398,0.498,0.125,0.626,"Jul 14, 1975",Jackson,Mississippi
Ollie Darden,3,223,2047,1381,219,,,0.435,0.182,0.695,"Jul 28, 1944",Aberdeen,Mississippi
Archie Dees,4,190,1548,907,132,,,0.402,,0.794,"Feb 22, 1936",Ethel,Mississippi
Ronald Dupree,6,157,555,339,100,57,29,0.427,0.385,0.559,"Jan 26, 1981",Biloxi,Mississippi
Keith Edmonson,2,87,522,127,56,37,13,0.448,0,0.719,"Sep 28, 1960",Gulfport,Mississippi
Monta Ellis,12,783,14461,2749,3709,1358,266,0.451,0.313,0.775,"Oct 26, 1985",Jackson,Mississippi
Alphonso Ford,2,11,35,20,10,3,0,0.308,0.1,0.5,"Oct 31, 1971",Greenwood,Mississippi
Rowland Garrett,5,263,1337,607,106,75,39,0.441,,0.772,"Jul 16, 1950",Canton,Mississippi
Gerald Glass,4,201,1553,512,298,130,58,0.433,0.236,0.643,"Nov 12, 1967",Greenwood,Mississippi
Lancaster Gordon,4,201,1125,259,294,128,31,0.391,0.271,0.767,"Jun 24, 1962",Jackson,Mississippi
Litterial Green,5,148,423,75,182,49,6,0.42,0.077,0.665,"Mar 07, 1970",Pascagoula,Mississippi
Mike Green,7,459,5301,3181,587,325,752,0.48,0.083,0.732,"Aug 6, 1951",McComb,Mississippi
Tang Hamilton,1,9,20,18,5,4,0,0.526,0,0,"May 26, 1978",Jackson,Mississippi
Ira Harge,6,427,4396,4955,736,,,0.45,0.333,0.661,"Mar 14, 1941",Anguila,Mississippi
Othella Harrington,12,709,5212,3130,443,185,286,0.505,0,0.738,"Jan 31, 1974",Jackson,Mississippi
Antonio Harvey,8,187,553,433,58,54,130,0.407,0.333,0.511,"Jul 06, 1970",Pascagoula,Mississippi
Spencer Haywood*,13,844,17111,8675,1541,355,629,0.469,0.053,0.796,"Apr 22, 1949",Silver City,Mississippi
Rodney Hood,3,154,1961,483,346,121,33,0.42,0.359,0.82,"Oct 20, 1992",Meridian,Mississippi
Eddie Hughes,3,97,296,93,159,65,3,0.416,0.364,0.692,"May 26, 1960",Greenville,Mississippi
Lindsey Hunter,17,937,7956,2021,2506,1120,165,0.388,0.36,0.746,"Dec 03, 1970",Utica,Mississippi
Wardell Jackson,1,56,243,133,30,26,5,0.397,,0.718,"Jul 18, 1951",Yazoo City,Mississippi
Al Jefferson,13,843,13801,7399,1284,600,1064,0.498,0.127,0.707,"Jan 04, 1985",Monticello,Mississippi
Clay Johnson,3,80,224,93,45,33,9,0.41,0.333,0.724,"Jul 18, 1956",Yazoo City,Mississippi
George Johnson,13,904,4369,5887,929,456,2082,0.451,0.5,0.694,"Dec 18, 1948",Tylertown,Mississippi
John Johnson,12,869,11200,4778,3285,487,235,0.446,0,0.779,"Oct 18, 1947",Carthage,Mississippi
Trey Johnson,3,23,59,20,15,2,1,0.385,0.333,0.947,"Aug 30, 1984",Jackson,Mississippi
Charles Jones,4,201,1015,758,206,98,108,0.493,0.111,0.611,"Jan 12, 1962",Scooba,Mississippi
Arvesta Kelly,5,188,1506,497,331,,,0.445,0.253,0.637,"Nov 20, 1945",Jackson,Mississippi
Randolph Keys,5,241,1262,551,192,135,45,0.425,0.272,0.721,"Apr 19, 1966",Collins,Mississippi
Sam Lacey,13,1002,10303,9687,3754,999,1160,0.441,0.188,0.738,"Mar 28, 1948",Indianaola,Mississippi
Wendell Ladner,5,300,3474,2481,621,140,7,0.386,0.252,0.712,"Oct 6, 1948",Necaise Crossing,Mississippi
Ronnie Lester,6,250,1816,473,1003,187,32,0.469,0.227,0.788,"Jan 1, 1959",Canton,Mississippi
Danny Manning,15,883,12367,4615,2063,1000,752,0.511,0.206,0.729,"May 17, 1966",Hattiesburg,Mississippi
Ed Manning,9,604,3541,2717,494,137,27,0.448,0.125,0.764,"Jan 2, 1944",Summit,Mississippi
Antonio McDyess,15,1015,12227,7638,1300,782,1102,0.497,0.117,0.67,"Sep 07, 1974",Quitman,Mississippi
Derrick McKey,15,937,10266,4387,2254,1072,611,0.486,0.316,0.779,"Oct 10, 1966",Meridian,Mississippi
Cliff Meely,5,318,2658,1703,398,88,106,0.417,,0.675,"Jul 10, 1947",Rosedale,Mississippi
Dewitt Menyard,1,71,643,551,84,,,0.37,,0.665,"May 24, 1944",Columbus,Mississippi
Leland Mitchell,1,78,321,182,73,,,0.349,0.276,0.659,"Feb 22, 1941",Kiln,Mississippi
Dyron Nix,1,20,39,26,5,3,1,0.359,,0.688,"Feb 11, 1967",Meridian,Mississippi
Audie Norris,3,187,819,576,147,85,69,0.511,0,0.662,"Dec 18, 1960",Jackson,Mississippi
Sylvester Norris,1,17,40,43,6,3,12,0.419,,0.667,"Feb 18, 1957",Jackson,Mississippi
Willie Norwood,7,430,3209,1597,364,218,22,0.488,,0.697,"Aug 8, 1947",Carrolton,Mississippi
Johnny O'Bryant,2,100,300,240,49,23,12,0.395,1,0.582,"Jun 01, 1993",Cleveland,Mississippi
Travis Outlaw,11,622,5273,1974,514,331,381,0.423,0.337,0.744,"Sep 18, 1984",Starkville,Mississippi
Kenny Payne,4,144,508,170,61,38,22,0.41,0.293,0.859,"Nov 25, 1966",Laurel,Mississippi
Michael Phelps,3,132,470,141,138,71,3,0.416,0.091,0.639,"Oct 3, 1961",Vicksburg,Mississippi
Bob Quick,4,142,848,395,94,,,0.454,,0.746,"Mar 5, 1946",Thornton,Mississippi
Mike Ratliff,2,60,241,194,38,0,0,0.417,,0.536,"Jun 7, 1951",New Albany,Mississippi
Justin Reed,3,136,472,186,68,31,19,0.404,0,0.752,"Jan 16, 1982",Jackson,Mississippi
James Robinson,7,381,2882,660,715,205,71,0.394,0.348,0.666,"Aug 31, 1970",Jackson,Mississippi
Gene Short,1,34,84,48,10,8,3,0.352,,0.625,"Aug 7, 1953",Macon,Mississippi
Purvis Short,12,842,14607,3625,2123,878,178,0.474,0.282,0.824,"Jul 2, 1957",Hattiesburg,Mississippi
John Smith,2,147,874,1213,116,,,0.387,0,0.558,"May 24, 1944",Columbus,Mississippi
Larry Smith,13,883,5904,8125,941,699,457,0.531,0,0.531,"Jan 18, 1958",Rolling Fork,Mississippi
John Stroud,1,9,25,13,9,1,0,0.324,,0.75,"Oct 29, 1957",New Albany,Mississippi
Sedric Toney,5,112,409,98,235,48,1,0.365,0.341,0.781,"Apr 13, 1962",Columbus,Mississippi
Chet Walker*,13,1032,18831,7314,2126,117,10,0.47,,0.796,"Feb 22, 1940",Bethlehem,Mississippi
Henry Ward,2,88,413,173,41,22,15,0.444,0.261,0.705,"Jan 30, 1952",Jackson,Mississippi
Jim Ware,3,64,150,153,14,,,0.293,,0.642,"May 2, 1944",Natchez,Mississippi
Cornell Warner,7,445,2860,3353,494,132,144,0.452,,0.672,"Aug 12, 1948",Jackson,Mississippi
Eric Washington,2,104,716,216,108,78,43,0.402,0.346,0.757,"Mar 23, 1974",Pearl,Mississippi
Slick Watts,6,437,3901,1398,2678,961,111,0.413,,0.597,"Jul 22, 1951",Rolling Ford,Mississippi
Clarence Weatherspoon,13,915,10483,6846,1346,880,794,0.471,0.196,0.743,"Sep 08, 1970",Crawford,Mississippi
Nick Weatherspoon,7,453,4086,2232,418,344,145,0.455,,0.713,"Jul 20, 1950",Greenwood,Mississippi
Dwayne Whitfield,1,8,40,25,2,3,2,0.433,,0.636,"Aug 21, 1972",Aberdeen,Mississippi
Mo Williams,13,818,10759,2264,3990,721,121,0.434,0.378,0.871,"Dec 19, 1982",Jackson,Mississippi
George Wilson,7,410,2216,2144,307,,,0.372,,0.677,"May 9, 1942",Meridian,Mississippi
Blake Ahearn,3,19,88,22,22,7,0,0.273,0.298,0.97,"May 27, 1984",St. Louis,Missouri
Matthew Aitch,1,45,252,160,18,,,0.405,0,0.675,"Sep 21, 1944",St. Louis,Missouri
Kim Anderson,1,21,63,45,15,4,5,0.312,,0.536,"May 12, 1955",Sedalia,Missouri
Bradley Beal,5,272,4516,981,824,275,83,0.429,0.397,0.785,"Jun 28, 1993",St. Louis,Missouri
Gary Bergen,1,6,8,8,1,,,0.273,,1,"Jul 16, 1932",Independence,Missouri
Anthony Bonner,6,318,2199,1726,442,346,84,0.468,0.125,0.59,"Jun 8, 1968",St. Louis,Missouri
Bill Bradley*,10,742,9217,2354,2533,209,65,0.448,,0.84,"Jul 28, 1943",Crystal City,Missouri
Alec Burks,5,259,2751,757,504,166,41,0.432,0.365,0.751,"Jul 20, 1991",Grandview,Missouri
Chris Carr,6,297,1988,658,294,93,46,0.416,0.338,0.807,"Mar 12, 1974",Ironton,Missouri
Bob Ferry,10,634,5780,3343,906,,,0.433,,0.664,"May 31, 1937",St. Louis,Missouri
Hiram Fuller,1,4,8,11,2,0,1,0.375,,0.333,"May 15, 1981",East St. Louis,Missouri
Bill Garnett,4,300,1638,1298,393,159,173,0.49,0,0.72,"Apr 22, 1960",Kansas City,Missouri
Ben Hansbrough,1,28,57,18,21,7,2,0.333,0.261,0.778,"Dec 23, 1987",Poplar Bluff,Missouri
Tyler Hansbrough,7,428,2881,1808,181,207,91,0.439,0.136,0.738,"Nov 03, 1985",Poplar Bluff,Missouri
Josh Harrellson,3,75,265,227,26,30,36,0.438,0.347,0.629,"Feb 12, 1989",St. Charles,Missouri
Steve Harris,5,207,1440,365,238,116,29,0.434,0.05,0.842,"Oct 15, 1963",Kansas City,Missouri
Derek Hood,1,2,0,1,0,0,0,0,,,"Dec 22, 1976",Kansas City,Missouri
Larry Hughes,13,727,10242,3039,2290,1092,255,0.406,0.309,0.757,"Jan 23, 1979",St. Louis,Missouri
Robin Jones,2,75,370,310,82,38,39,0.47,,0.588,"Feb 2, 1954",St. Louis,Missouri
Jim Krebs,7,515,4128,3177,429,,,0.405,,0.755,"Sep 8, 1935",Webster Groves,Missouri
David Lee,12,778,10837,7023,1743,605,300,0.533,0.034,0.774,"Apr 29, 1983",St. Louis,Missouri
Leary Lentz,2,148,1179,919,120,,,0.405,0,0.66,"Feb 23, 1945",Clarkton,Missouri
Tyronn Lue,11,554,4710,943,1727,286,10,0.437,0.391,0.829,"May 03, 1977",Mexico,Missouri
Ed Macauley*,10,641,11234,4325,2079,,,0.436,,0.761,"Mar 22, 1928",St. Louis,Missouri
Cuonzo Martin,2,7,9,3,3,1,0,0.25,0.6,0,"Sep 23, 1971",St. Louis,Missouri
Patrick McCaw,1,24,71,27,26,10,7,0.386,0.359,0.5,"Oct 25, 1995",St. Louis,Missouri
Ben McLemore,4,255,2390,656,316,185,50,0.414,0.345,0.784,"Feb 11, 1993",St. Louis,Missouri
Jay Miller,4,117,649,205,47,,,0.415,0,0.717,"Jul 19, 1943",St. Louis,Missouri
Dave Minor,2,116,877,527,288,,,0.36,,0.754,"Feb 24, 1922",,Missouri
Gene Moore,7,465,5594,4360,648,30,207,0.467,0.303,0.679,"Jul 29, 1945",St. Louis,Missouri
Ivano Newbill,3,134,198,354,50,50,29,0.394,1,0.433,"Dec 12, 1970",Sedalia,Missouri
Rich Niemann,4,187,1230,1079,158,,,0.476,,0.735,"Jul 2, 1946",St. Louis,Missouri
Bevo Nordmann,4,133,571,517,73,,,0.459,,0.49,"Dec 11, 1939",St. Louis,Missouri
Barry Orms,2,141,882,505,181,,,0.37,0.192,0.539,"May 1, 1946",St. Louis,Missouri
Anthony Peeler,13,827,8017,2136,1956,775,138,0.427,0.384,0.799,"Nov 25, 1969",Kansas City,Missouri
Otto Porter,4,214,1768,864,235,205,79,0.471,0.361,0.75,"Jun 03, 1993",St. Louis,Missouri
Willie Reed,2,60,262,200,16,8,36,0.565,0,0.517,"May 16, 1990",Kansas City,Missouri
Marshall Rogers,1,26,100,11,10,8,3,0.371,,0.933,"Aug 27, 1953",St. Louis,Missouri
Kenny Rollins,3,168,817,45,344,,,0.309,,0.75,"Sep 14, 1923",Charlestown,Missouri
Brandon Rush,9,445,3070,1328,430,202,241,0.428,0.402,0.704,"Jul 07, 1985",Kansas City,Missouri
Kareem Rush,7,346,2213,572,353,150,74,0.4,0.358,0.703,"Oct 30, 1980",Kansas City,Missouri
Lester Selvage,2,82,1103,219,252,,,0.354,0.316,0.741,"Mar 7, 1943",St. Louis,Missouri
Scott Sims,1,12,30,13,20,3,0,0.385,,0.667,"Apr 18, 1955",Kirksville,Missouri
Norm Stewart,1,5,10,5,2,,,0.267,,0.333,"Jan 20, 1935",Leonard,Missouri
Steve Stipanovich,5,403,5323,3131,938,415,380,0.484,0.179,0.796,"Nov 17, 1960",St. Louis,Missouri
David Thirdkill,5,179,510,209,84,47,13,0.457,0.091,0.565,"Apr 12, 1960",St. Louis,Missouri
Malcolm Thomas,4,40,76,96,14,6,7,0.435,0.091,0.6,"Nov 08, 1988",Columbia,Missouri
Anthony Tolliver,9,472,2821,1652,406,172,145,0.409,0.355,0.774,"Jun 01, 1985",Springfield,Missouri
Dean Tolson,3,80,402,179,34,36,27,0.546,,0.545,"Nov 25, 1951",Kansas City,Missouri
Jahidi White,7,334,1954,1944,63,119,355,0.51,0,0.534,"Feb 19, 1976",St. Louis,Missouri
Jo Jo White*,12,837,14399,3345,4095,686,112,0.444,0.167,0.834,"Nov 16, 1946",St. Louis,Missouri
Lee Winfield,7,403,2959,828,1003,68,41,0.474,,0.668,"Feb 4, 1947",St. Louis,Missouri
Loren Woods,6,215,555,682,74,55,128,0.419,0.143,0.642,"Jun 21, 1978",St. Louis,Missouri
Jack Cotton,1,54,276,,65,,,0.292,,0.509,"Oct 25, 1924",Miles City,Montana
Jim Creighton,1,32,31,45,4,2,9,0.279,,0.438,"Apr 18, 1950",Billings,Montana
Brad Holland,3,93,293,59,63,47,3,0.403,0.19,0.746,"Dec 6, 1956",Billings,Montana
Phil Jackson*,12,807,5428,3454,898,281,199,0.453,0,0.736,"Sep 17, 1945",Deer Lodge,Montana
Coby Karl,2,24,58,32,24,7,3,0.345,0.25,0.75,"Mar 06, 1983",Great Falls,Montana
Larry Krystkowiak,9,420,3425,2051,513,264,62,0.457,0.139,0.795,"Sep 23, 1964",Missoula,Montana
Ray Kuka,2,52,253,,38,,,0.32,,0.591,"Feb 17, 1922",Havre,Montana
Mike Lewis,6,337,4081,4022,1000,0,0,0.498,0,0.735,"Mar 18, 1946",Missoula,Montana
Adam Morrison,3,161,1200,342,222,40,12,0.373,0.331,0.71,"Jul 19, 1984",Glendive,Montana
Keith Tower,4,53,98,69,7,6,12,0.429,0,0.556,"May 15, 1970",Libby,Montana
Bob Boozer,11,874,12964,7119,1237,,,0.462,,0.761,"Apr 26, 1937",Omaha,Nebraska
Chuck Gardner,1,42,197,136,13,,,0.406,0,0.696,"Sep 30, 1944",Lincoln,Nebraska
Mike Higgins,2,18,30,9,5,2,4,0.5,,0.706,"Feb 17, 1967",Grand Island,Nebraska
Fred Hoiberg,10,541,2944,1438,846,428,59,0.431,0.396,0.854,"Oct 15, 1972",Lincoln,Nebraska
Dave Hoppen,6,169,837,647,100,43,29,0.518,0.2,0.751,"Mar 13, 1964",Omaha,Nebraska
Rich King,4,72,135,74,21,5,7,0.393,0,0.662,"Apr 4, 1969",Lincoln,Nebraska
Bart Kofoed,5,111,162,56,108,19,4,0.387,0.188,0.614,"Mar 24, 1964",Omaha,Nebraska
Tom Kropp,2,78,193,62,47,20,1,0.44,,0.702,"Feb 12, 1953",Grand Island,Nebraska
Mark Pope,6,153,285,261,63,32,45,0.401,0.179,0.573,"Sep 11, 1972",Omaha,Nebraska
Alex Stivrins,2,22,44,22,4,2,2,0.465,0,0.5,"Nov 29, 1962",Lincoln,Nebraska
Rex Walters,7,335,1547,403,569,129,30,0.441,0.361,0.809,"Mar 12, 1970",Omaha,Nebraska
Greg Anthony,11,757,5497,1417,2997,887,79,0.403,0.349,0.733,"Nov 15, 1967",Las Vegas,Nevada
Marcus Banks,8,348,2061,519,728,266,57,0.432,0.327,0.768,"Nov 19, 1981",Las Vegas,Nevada
Ricky Davis,12,736,9912,2550,2426,732,187,0.446,0.361,0.781,"Sep 23, 1979",Las Vegas,Nevada
Pat Garrity,10,552,4017,1457,443,246,104,0.417,0.398,0.806,"Aug 23, 1976",Las Vegas,Nevada
Darington Hobson,1,5,4,3,6,0,0,0.154,0,,"Sep 29, 1987",Las Vegas,Nevada
Willie Smith,4,78,357,134,277,85,2,0.4,0.239,0.754,"Oct 26, 1953",Las Vegas,Nevada
C.J. Watson,10,558,4108,1088,1391,526,65,0.42,0.38,0.808,"Apr 17, 1984",Las Vegas,Nevada
Matt Bonner,12,792,4632,2371,552,285,213,0.464,0.414,0.78,"Apr 05, 1980",Concord,New Hampshire
Rafael Addison,6,379,2186,780,339,148,83,0.449,0.282,0.772,"Jul 22, 1964",Jersey City,New Jersey
Malik Allen,10,478,2334,1353,228,130,220,0.439,0.188,0.778,"Jun 27, 1978",Willingboro,New Jersey
Al Attles,11,711,6328,2463,2483,,,0.451,,0.632,"Nov 7, 1936",Newark,New Jersey
Wade Baldwin,1,20,77,31,43,13,6,0.321,0.118,0.821,"Mar 29, 1996",Belle Mead,New Jersey
Rick Barry*,14,1020,25279,6863,4952,1104,269,0.456,0.297,0.893,"Mar 28, 1944",Elizabeth,New Jersey
Spider Bennett,1,59,440,147,84,,,0.382,0.24,0.648,"Aug 4, 1943",Lakewood,New Jersey
Mike Bibby,14,1001,14698,3103,5517,1172,149,0.436,0.379,0.802,"May 13, 1978",Cherry Hill,New Jersey
Alex Blackwell,1,27,34,23,7,4,2,0.333,0,0.75,"Jun 27, 1970",Toms River,New Jersey
George Blaney,1,36,117,36,45,,,0.38,,0.529,"Nov 12, 1939",Jersey City,New Jersey
Jake Bornheimer,2,75,342,,53,,,0.295,,0.671,"Jun 29, 1927",New Brunswick,New Jersey
Ira Bowman,3,17,15,5,9,3,0,0.636,0,0.5,"Jun 11, 1973",Newark,New Jersey
Marques Bragg,1,53,131,79,8,17,8,0.45,,0.561,"Mar 24, 1970",East Orange,New Jersey
Gary Brokaw,4,241,1928,407,715,107,76,0.446,,0.713,"Jan 11, 1954",New Brunswick,New Jersey
MarShon Brooks,3,164,1261,358,232,100,35,0.442,0.326,0.748,"Jan 26, 1989",Long Branch,New Jersey
Mike Brown,11,626,3130,2762,424,253,169,0.455,0.125,0.69,"Jul 19, 1963",Newark,New Jersey
Mark Bryant,15,797,4313,2992,491,330,195,0.5,0.083,0.697,"Apr 25, 1965",Glen Ridge,New Jersey
Dave Budd,5,353,2505,1623,337,,,0.46,,0.682,"Oct 28, 1938",Woodbury,New Jersey
Andrew Bynum,8,418,4822,3221,490,133,657,0.556,0.111,0.69,"Oct 27, 1987",Plainsboro,New Jersey
Tommy Byrnes,5,264,1708,71,311,,,0.299,,0.648,"Feb 19, 1923",Teaneck,New Jersey
Gerry Calabrese,2,104,492,149,148,,,0.348,,0.702,"Feb 4, 1925",Hoboken,New Jersey
Tony Campbell,11,690,7994,2117,1019,582,157,0.456,0.254,0.79,"May 7, 1962",Teaneck,New Jersey
Derrick Caracter,1,41,81,43,7,4,10,0.485,,0.739,"May 04, 1988",Fanwood,New Jersey
Rakeem Christmas,2,4,7,4,1,0,1,0.5,,1,"Dec 01, 1991",Irvington,New Jersey
Earl Clark,6,261,1138,778,134,83,136,0.403,0.328,0.664,"Jan 17, 1988",Plainfield,New Jersey
Chris Copeland,4,171,998,272,107,32,30,0.427,0.365,0.752,"Mar 17, 1984",Orange,New Jersey
Hollis Copeland,2,93,464,161,89,65,27,0.488,0,0.739,"Dec 20, 1955",Trenton,New Jersey
Joe Crispin,1,21,79,11,26,5,0,0.382,0.385,0.923,"Jul 18, 1979",Pitman,New Jersey
John Crotty,11,477,1903,502,999,181,20,0.431,0.384,0.837,"Jul 15, 1969",Orange,New Jersey
Brian Davis,1,68,131,55,22,16,4,0.317,0.333,0.735,"Jun 21, 1970",Atlantic City,New Jersey
Warren Davis,6,447,5449,4097,944,,,0.48,0.125,0.691,"Jun 30, 1943",Atlantic City,New Jersey
Harry Donovan,1,45,253,,38,,,0.327,,0.689,"Sep 10, 1926",Union City,New Jersey
Kenneth Faried,6,376,4539,3248,400,303,343,0.544,0.118,0.65,"Nov 19, 1989",Newark,New Jersey
Hank Finkel,9,551,2790,2151,426,10,10,0.449,,0.662,"Apr 20, 1942",Union City,New Jersey
Chris Ford,10,794,7314,2394,2719,1152,192,0.46,0.375,0.731,"Jan 11, 1949",Atlantic City,New Jersey
Jimmy Foster,2,89,331,117,190,58,9,0.373,0.071,0.673,"Dec 16, 1951",Jersey City,New Jersey
Randy Foye,11,700,7459,1572,2011,500,214,0.402,0.368,0.851,"Sep 24, 1983",Newark,New Jersey
Gary Garland,1,78,334,138,145,54,4,0.435,0.316,0.692,"Oct 12, 1957",East Orange,New Jersey
Chris Gatling,11,700,7232,3741,461,464,375,0.513,0.249,0.66,"Sep 3, 1967",Elizabeth,New Jersey
Reggie Geary,2,101,209,82,110,50,14,0.344,0.328,0.493,"Aug 31, 1973",Trenton,New Jersey
Tate George,4,177,736,180,325,76,11,0.414,0.071,0.82,"May 29, 1968",Newark,New Jersey
Gerald Govan,9,681,5251,7119,2164,139,97,0.405,0.208,0.678,"Jan 2, 1942",Jersey City,New Jersey
Greg Grant,6,274,767,248,751,161,8,0.383,0.281,0.71,"Aug 29, 1966",Trenton,New Jersey
Mike Grosso,1,25,103,123,11,,,0.441,,0.565,"Sep 7, 1947",Raritan,New Jersey
Al Harrington,16,981,13237,5482,1649,858,246,0.444,0.352,0.727,"Feb 17, 1980",Orange,New Jersey
Tom Heinsohn*,9,654,12194,5749,1318,,,0.405,,0.79,"Aug 26, 1934",Union City,New Jersey
Gerald Henderson,8,490,5580,1603,940,338,173,0.443,0.327,0.792,"Dec 09, 1987",Caldwell,New Jersey
Cleo Hill,1,58,320,178,114,,,0.346,,0.774,"May 24, 1938",Newark,New Jersey
Roy Hinson,8,507,7206,3452,495,306,882,0.499,0,0.741,"May 2, 1961",Trenton,New Jersey
Dennis Horner,1,8,5,5,0,0,0,0.25,0,0.75,"Feb 05, 1988",Linwood,New Jersey
Bobby Hurley,5,269,1032,283,880,120,7,0.353,0.272,0.769,"Jun 28, 1971",Jersey City,New Jersey
Horace Jenkins,1,15,42,9,9,5,1,0.333,0,0.923,"Oct 14, 1974",Elizabeth,New Jersey
Dahntay Jones,12,623,3344,1080,528,261,144,0.439,0.331,0.751,"Dec 27, 1980",Trenton,New Jersey
Mike Kearns,1,6,1,3,5,,,0,,0.25,"Jun 18, 1929",Trenton,New Jersey
Gary Keller,2,122,735,550,47,,,0.388,0,0.632,"Jun 13, 1944",Elizabeth,New Jersey
Chad Kinch,1,41,118,33,45,11,6,0.369,,0.778,"May 22, 1958",Perth Amboy,New Jersey
Brandin Knight,1,1,0,0,1,0,0,0,,,"Dec 16, 1981",Livingston,New Jersey
Brevin Knight,12,729,5342,1785,4481,1229,87,0.412,0.134,0.789,"Nov 08, 1975",Livingston,New Jersey
Mo Layton,5,267,1845,357,706,51,12,0.448,,0.749,"Dec 24, 1948",Newark,New Jersey
George Lehmann,7,376,4458,619,1677,13,4,0.418,0.365,0.841,"May 1, 1942",Riverside,New Jersey
Bob McCann,5,178,739,468,104,80,79,0.479,0.2,0.577,"Apr 22, 1964",Morristown,New Jersey
Forrest McKenzie,1,6,17,7,1,1,0,0.25,0.5,1,"Feb 16, 1963",Camden,New Jersey
Roshown McLeod,3,113,817,308,124,41,14,0.409,0.111,0.819,"Nov 17, 1975",Jersey City,New Jersey
Gary Melchionni,2,137,1074,329,298,89,21,0.444,,0.831,"Jan 19, 1951",Camden,New Jersey
Glenn Mosley,2,32,98,69,21,8,10,0.409,,0.578,"Dec 26, 1955",Newark,New Jersey
Xavier Munford,1,14,80,31,22,13,3,0.416,0.391,0.5,"Jun 01, 1992",Hillside,New Jersey
Eric Murdock,9,508,5118,1261,2467,830,69,0.438,0.343,0.786,"Jun 14, 1968",Somerville,New Jersey
Troy Murphy,12,729,7860,5708,1088,478,294,0.445,0.388,0.785,"May 02, 1980",Morristown,New Jersey
Cotton Nash,2,84,470,273,65,,,0.34,0,0.766,"Jul 24, 1942",Jersey City,New Jersey
Tommy O'Keefe,1,6,23,7,10,,,0.357,,0.75,"Jun 3, 1928",Jersey City,New Jersey
Mike O'Koren,8,407,3355,1391,856,311,89,0.49,0.271,0.651,"Feb 7, 1958",Jersey City,New Jersey
Shaquille O'Neal*,19,1207,28596,13099,3026,739,2732,0.582,0.045,0.527,"Mar 06, 1972",Newark,New Jersey
Joe Pace,2,79,255,168,27,14,38,0.467,,0.598,"Dec 18, 1953",New Brunswick,New Jersey
Togo Palazzi,6,324,2382,1113,233,,,0.386,,0.73,"Aug 8, 1932",Union City,New Jersey
Billy Paultz,15,1124,13099,8959,2206,455,1457,0.497,0,0.69,"Jul 30, 1948",River Edge,New Jersey
Aulcie Perry,1,21,181,105,20,12,16,0.435,0,0.633,"Jul 3, 1950",Newark,New Jersey
Tim Perry,8,481,3283,1911,436,221,414,0.485,0.318,0.648,"Jun 4, 1965",Freehold,New Jersey
Kasib Powell,1,11,84,44,18,9,2,0.368,0.242,0.667,"Mar 18, 1981",Teaneck,New Jersey
A.J. Price,6,261,1523,377,567,125,9,0.38,0.316,0.742,"Oct 07, 1986",Orange,New Jersey
Richie Regan,3,215,1785,554,629,,,0.344,,0.717,"Nov 30, 1930",Newark,New Jersey
Rodrick Rhodes,3,72,380,88,121,69,12,0.347,0.2,0.62,"Sep 24, 1973",Jersey City,New Jersey
Malachi Richardson,1,4,10,3,2,1,0,0.333,0.333,1,"Jan 05, 1996",Trenton,New Jersey
David Rivers,3,114,383,147,282,61,10,0.398,0.083,0.794,"Jan 20, 1965",Jersey City,New Jersey
Dennis Rodman*,14,911,6683,11954,1600,611,531,0.521,0.231,0.584,"May 13, 1961",Trenton,New Jersey
Lou Roe,2,66,130,92,21,13,9,0.333,0.25,0.647,"Jul 14, 1972",Atlantic City,New Jersey
Brian Rowsom,3,82,457,273,47,29,23,0.455,0.667,0.818,"Oct 23, 1965",Newark,New Jersey
James Scott,1,8,1,6,3,2,0,0,0,0.5,"Jun 06, 1972",Paterson,New Jersey
Connie Simmons,10,598,5859,2294,940,,,0.351,,0.678,"Mar 15, 1925",Newark,New Jersey
Chris Smith,1,2,0,0,0,0,0,,,,"Oct 13, 1987",Millstone Township,New Jersey
J.R. Smith,13,860,11225,2747,1876,880,188,0.421,0.375,0.734,"Sep 09, 1985",Freehold,New Jersey
Jim Spanarkel,5,259,2505,652,572,248,38,0.47,0.25,0.855,"Jun 28, 1957",Jersey City,New Jersey
Brian Taylor,10,601,7868,1608,2478,1106,152,0.493,0.356,0.78,"Jun 9, 1951",Perth Amboy,New Jersey
Tyshawn Taylor,2,61,174,33,57,25,1,0.354,0.36,0.684,"Apr 12, 1990",Hoboken,New Jersey
Tim Thomas,13,824,9454,3379,1272,609,300,0.437,0.369,0.758,"Feb 26, 1977",Paterson,New Jersey
Billy Thompson,6,300,2566,1615,514,158,272,0.505,0.154,0.674,"Dec 1, 1963",Camden,New Jersey
Jason Thompson,8,588,5210,3880,635,283,414,0.496,0.143,0.657,"Jul 21, 1986",Camden,New Jersey
Karl-Anthony Towns,2,110,2123,1175,230,76,178,0.523,0.335,0.802,"Nov 15, 1995",Edison,New Jersey
Kelly Tripucka,10,707,12142,2703,2090,678,137,0.473,0.361,0.849,"Feb 16, 1959",Glen Ridge,New Jersey
Butch Van Breda Kolff,4,175,826,,256,,,0.305,,0.669,"Oct 28, 1922",Glen Ridge,New Jersey
Bob Verga,6,342,6918,1336,1004,12,0,0.438,0.296,0.749,"Sep 7, 1945",Neptune,New Jersey
Dajuan Wagner,4,103,964,142,195,69,14,0.366,0.321,0.77,"Feb 04, 1983",Camden,New Jersey
Milt Wagner,2,53,215,35,76,8,7,0.422,0.296,0.875,"Feb 20, 1963",Camden,New Jersey
Darryl Watkins,2,14,35,39,3,7,6,0.414,,0.478,"Nov 08, 1984",Paterson,New Jersey
Elnardo Webster,1,24,122,44,16,,,0.459,0.25,0.724,"Mar 6, 1948",Jersey City,New Jersey
David West,14,922,13337,6227,2036,691,743,0.492,0.262,0.818,"Aug 29, 1980",Teaneck,New Jersey
Clinton Wheeler,2,87,254,71,157,63,2,0.489,0,0.741,"Oct 27, 1959",Neptune,New Jersey
Eric Williams,12,658,5642,2139,936,548,103,0.415,0.318,0.736,"Jul 17, 1972",Newark,New Jersey
Jay Williams,1,75,714,195,350,86,17,0.399,0.322,0.64,"Sep 10, 1981",Plainfield,New Jersey
Bill Willoughby,8,488,2930,1891,413,209,292,0.47,0.27,0.75,"May 20, 1957",Englewood,New Jersey
Garry Witts,1,46,132,62,38,17,4,0.583,0.5,0.825,"Jul 3, 1959",Elizabeth,New Jersey
Lonnie Wright,5,335,3590,913,641,,,0.407,0.255,0.721,"Jan 23, 1944",Newark,New Jersey
Luther Wright,1,15,19,10,0,1,2,0.348,0,0.75,"Sep 22, 1971",Jersey City,New Jersey
Bill Bridges,13,926,11012,11054,2553,69,36,0.442,,0.693,"Apr 4, 1939",Hobbs,New Mexico
Cedric Jackson,1,12,20,8,14,3,2,0.3,0.167,0.583,"Mar 05, 1986",Alamogordo,New Mexico
Damion James,4,39,150,131,26,23,20,0.415,0,0.667,"Oct 07, 1987",Hobbs,New Mexico
Alex Kirk,1,5,4,1,1,0,0,0.25,,1,"Nov 14, 1991",Los Alamos,New Mexico
Matt Othick,1,4,8,2,7,1,0,0.6,0.5,0,"Mar 16, 1969",Clovis,New Mexico
Andre Roberson,4,206,850,734,162,163,110,0.473,0.282,0.5,"Dec 04, 1991",Las Cruces,New Mexico
Rudy White,5,124,384,120,112,52,7,0.408,0,0.742,"Jun 23, 1953",Silver City,New Mexico
Zaid Abdul-Aziz,10,505,4557,4065,601,131.0,205.0,0.428,,0.728,"Apr 7, 1946",Brooklyn,New York
Kareem Abdul-Jabbar*,20,1560,38387,17440,5660,1160.0,3189.0,0.559,0.056,0.721,"Apr 16, 1947",New York,New York
Don Ackerman,1,28,43,15,23,,,0.222,,0.536,"Sep 4, 1930",New York,New York
Derrick Alston,3,139,751,525,94,95.0,87.0,0.489,0.143,0.487,"Aug 20, 1972",Bronx,New York
Rafer Alston,11,671,6799,1891,3202,813.0,105.0,0.383,0.354,0.729,"Jul 24, 1976",New York,New York
Andrew Anderson,3,194,2081,527,327,,,0.41,0.159,0.755,"Jul 6, 1945",Buffalo,New York
Kenny Anderson,14,858,10789,2641,5196,1258.0,111.0,0.421,0.346,0.79,"Oct 09, 1970",Queens,New York
Kyle Anderson,3,135,484,379,171,89.0,43.0,0.438,0.339,0.748,"Sep 20, 1993",New York,New York
Carmelo Anthony,14,929,23112,6152,2922,997.0,447.0,0.453,0.345,0.813,"May 29, 1984",New York,New York
Tiny Archibald*,13,876,16481,2046,6476,719.0,81.0,0.467,0.224,0.81,"Sep 2, 1948",New York,New York
Joe Arlauckas,1,9,34,13,8,3.0,4.0,0.326,,0.75,"Jul 20, 1965",Rochester,New York
Hilton Armstrong,6,292,880,766,102,90.0,142.0,0.501,0.286,0.582,"Nov 11, 1984",Peekskill,New York
Jesse Arnelle,1,31,147,170,18,,,0.317,,0.623,"Dec 30, 1933",New Rochelle,New York
Johnny Bach,1,34,119,,25,,,0.286,,0.68,"Jul 10, 1924",Brooklyn,New York
Renaldo Balkman,6,221,894,769,132,164.0,104.0,0.51,0.172,0.542,"Jul 14, 1984",Staten Island,New York
Erick Barkley,2,27,77,21,40,19.0,1.0,0.356,0.267,0.9,"Feb 21, 1978",Queens,New York
Andre Barrett,4,67,219,71,135,29.0,1.0,0.369,0.246,0.727,"Feb 21, 1982",Bronx,New York
Brent Barry,14,912,8488,2780,2892,955.0,253.0,0.46,0.405,0.823,"Dec 31, 1971",Hempstead,New York
Eddie Basden,1,19,39,28,8,9.0,2.0,0.405,0.143,0.8,"Feb 15, 1983",New York,New York
Ron Behagen,7,388,3977,2712,624,290.0,160.0,0.425,,0.754,"Jan 14, 1951",New York,New York
Walter Berry,3,205,2882,971,292,122.0,151.0,0.539,0.2,0.638,"May 14, 1964",New York,New York
Wesley Bialosuknia,1,70,608,89,57,,,0.418,0.397,0.78,"Jun 8, 1945",Poughkeepsie,New York
Al Bianchi,10,687,5550,1722,1497,,,0.374,,0.707,"Mar 26, 1932",Long Island City,New York
Joe Binion,1,11,14,18,1,2.0,2.0,0.4,,0.6,"Mar 26, 1961",Rochester,New York
James Blackwell,1,13,18,11,11,4.0,0.0,0.615,,0.667,"Feb 25, 1968",Mount Kisco,New York
Andray Blatche,9,564,5706,3024,798,492.0,458.0,0.467,0.237,0.725,"Aug 22, 1986",Syracuse,New York
Mike Bloom,2,93,634,,70,,,0.255,,0.713,"Jan 14, 1915",New York,New York
Mark Blount,9,605,4941,2784,513,327.0,508.0,0.504,0.359,0.723,"Nov 30, 1975",Dobbs Ferry,New York
Curtis Borchardt,2,83,258,278,64,14.0,46.0,0.421,0,0.742,"Sep 13, 1980",Buffalo,New York
Jim Bostic,1,4,26,16,3,0.0,0.0,0.545,,0.4,"Jan 28, 1953",Brooklyn,New York
Harry Boykoff,2,109,1105,220,209,,,0.4,,0.765,"Jul 24, 1922",Brooklyn,New York
Steve Bracey,3,187,1141,291,408,74.0,6.0,0.466,,0.684,"Aug 1, 1950",Brooklyn,New York
Elton Brand,17,1058,16827,9040,2184,940.0,1828.0,0.5,0.095,0.736,"Mar 11, 1979",Cortlandt Manor,New York
Jim Brasco,1,20,77,24,21,,,0.266,,0.794,"Feb 3, 1931",Brooklyn,New York
Carl Braun,13,788,10625,2122,2892,,,0.383,,0.804,"Sep 25, 1927",Brooklyn,New York
Pete Brennan,1,16,40,31,6,,,0.302,,0.56,"Sep 23, 1936",Brooklyn,New York
Frank Brickowski,12,731,7302,3410,1384,644.0,285.0,0.519,0.324,0.74,"Aug 14, 1959",Bayville,New York
Aud Brindley,1,12,34,,1,,,0.286,,0.857,"Dec 31, 1923",Mineola,New York
Dave Britton,1,2,4,2,3,1.0,0.0,0.667,,,"Aug 29, 1958",New York,New York
Chucky Brown,13,694,4125,2148,549,228.0,216.0,0.491,0.227,0.699,"Feb 29, 1968",New York,New York
Damone Brown,4,39,108,52,19,5.0,7.0,0.336,0.286,0.667,"Jun 28, 1979",Buffalo,New York
Ernest Brown,1,3,3,6,0,0.0,1.0,0.167,,0.25,"May 17, 1979",Bronx,New York
Larry Brown*,5,376,4229,1005,2509,,,0.412,0.23,0.813,"Sep 14, 1940",Brooklyn,New York
Roger Brown*,8,605,10498,3758,2315,103.0,81.0,0.469,0.321,0.791,"May 22, 1942",Brooklyn,New York
George Bruns,1,13,86,8,36,,,0.47,0.5,0.815,"Aug 30, 1946",Brooklyn,New York
Rick Brunson,9,337,1090,447,876,201.0,21.0,0.378,0.362,0.693,"Jun 14, 1972",Syracuse,New York
George Bucci,1,33,128,37,15,12.0,3.0,0.403,0,0.683,"Jul 9, 1953",Cornwall,New York
Walt Budko,4,253,2037,684,471,,,0.342,,0.757,"Jul 30, 1925",Brooklyn,New York
Dick Bunt,1,26,92,28,17,,,0.276,,0.708,"Jul 13, 1930",Queens,New York
Steve Burtt,4,101,584,92,123,49.0,13.0,0.426,0.143,0.695,"Nov 5, 1962",New York,New York
Al Butler,4,234,2282,696,530,,,0.439,,0.739,"Jul 9, 1938",Rochester,New York
Marty Byrnes,4,263,1495,586,409,102.0,34.0,0.463,0.326,0.736,"Apr 30, 1956",Syracuse,New York
Rick Carlisle,5,188,422,141,201,42.0,9.0,0.422,0.229,0.775,"Oct 27, 1959",Ogdensburg,New York
George Carter,8,479,8683,3243,959,164.0,48.0,0.445,0.301,0.813,"Jan 10, 1944",Buffalo,New York
Reggie Carter,2,135,471,164,206,58.0,8.0,0.388,0,0.772,"Oct 10, 1957",New York,New York
Duane Causwell,11,541,2648,2273,243,220.0,767.0,0.507,0.286,0.618,"May 31, 1968",Queens Village,New York
Al Cervi*,4,202,1591,261,648,,,0.359,,0.839,"Feb 12, 1917",Buffalo,New York
Lionel Chalmers,1,36,111,31,51,13.0,0.0,0.336,0.245,0.625,"Nov 10, 1980",Albany,New York
Lorenzo Charles,1,36,122,39,8,2.0,6.0,0.557,,0.667,"Nov 25, 1963",Brooklyn,New York
Derrick Chievous,3,154,1086,364,110,77.0,17.0,0.443,0.242,0.755,"Jul 3, 1967",New York,New York
Stephen Chubin,3,226,2904,861,885,,,0.398,0.196,0.82,"Feb 8, 1944",New York,New York
Speedy Claxton,7,334,3096,830,1441,503.0,40.0,0.409,0.193,0.762,"May 08, 1978",Queens,New York
Marty Conlon,9,379,2454,1310,378,148.0,73.0,0.498,0.2,0.735,"Jan 19, 1968",Bronx,New York
Chuck Connors,2,53,239,,41,,,0.252,,0.471,"Apr 10, 1921",Brooklyn,New York
Omar Cook,2,22,37,13,46,16.0,1.0,0.333,0,0.5,"Jan 28, 1982",Brooklyn,New York
Larry Costello,12,706,8622,2705,3215,,,0.438,,0.841,"Jul 2, 1931",Minoa,New York
Bob Cousy*,14,924,16960,4786,6955,,,0.375,,0.803,"Aug 9, 1928",New York,New York
Freddie Crawford,5,297,2031,746,610,,,0.446,,0.595,"Dec 23, 1941",New York,New York
Charlie Criss,8,418,3534,592,1335,366.0,21.0,0.432,0.179,0.831,"Nov 6, 1948",Valhalla,New York
Billy Cunningham*,11,770,16310,7981,3305,390.0,66.0,0.452,0.263,0.73,"Jun 3, 1943",Brooklyn,New York
Lloyd Daniels,5,200,1411,440,312,102.0,61.0,0.403,0.316,0.743,"Sep 4, 1967",Brooklyn,New York
Charlie Davis,3,144,1287,219,319,2.0,0.0,0.408,,0.806,"Sep 7, 1949",New York,New York
Mel Davis,4,190,1008,816,164,66.0,22.0,0.376,,0.709,"Nov 9, 1950",New York,New York
Mike Davis,4,242,2443,511,412,,,0.424,0.261,0.765,"Jul 26, 1946",Brooklyn,New York
Terry Dehere,6,402,3235,588,1034,213.0,36.0,0.411,0.378,0.779,"Sep 12, 1971",New York,New York
Joe DePre,3,119,830,226,185,,,0.477,0.2,0.735,"Dec 19, 1947",Westbury,New York
Dave Deutsch,1,19,21,21,15,,,0.167,,0.45,"May 13, 1945",Brooklyn,New York
Connie Dierking,10,706,7094,4757,1053,,,0.417,,0.697,"Oct 2, 1936",Brooklyn,New York
Ike Diogu,6,225,1348,689,69,36.0,65.0,0.509,0.5,0.786,"Sep 11, 1983",Buffalo,New York
Billy Donovan,1,44,105,25,87,16.0,1.0,0.404,0,0.81,"May 30, 1965",Rockville Centre,New York
Quincy Douby,3,143,588,152,93,50.0,21.0,0.389,0.312,0.884,"May 16, 1984",Brooklyn,New York
Sonny Dove,5,222,2458,1334,219,,,0.457,0.222,0.647,"Aug 16, 1945",Brooklyn,New York
Danny Doyle,1,4,16,8,3,,,0.5,,0.8,"Feb 6, 1940",Long Island City,New York
Andre Drummond,5,334,4435,4237,220,398.0,521.0,0.551,0.308,0.387,"Aug 10, 1993",Mount Vernon,New York
Bob Duffy,3,94,400,104,167,,,0.396,,0.649,"Sep 26, 1940",Cold Spring,New York
Walter Dukes,8,553,5765,6223,608,,,0.369,,0.7,"Jun 23, 1930",Rochester,New York
Mike Dunleavy,11,438,3496,689,1723,329.0,25.0,0.467,0.339,0.81,"Mar 21, 1954",Brooklyn,New York
Dennis DuVal,2,50,96,31,34,22.0,4.0,0.361,,0.667,"Mar 31, 1952",Westbury,New York
Cleanthony Early,2,56,241,123,42,26.0,15.0,0.346,0.263,0.75,"Apr 17, 1991",Middletown,New York
Devin Ebanks,3,63,224,122,24,18.0,12.0,0.385,0.222,0.722,"Oct 28, 1989",Queens,New York
Franklin Edwards,7,296,1802,300,774,249.0,21.0,0.449,0.03,0.795,"Feb 2, 1959",New York,New York
Mario Elie,11,732,6265,2017,1875,671.0,129.0,0.473,0.365,0.854,"Nov 26, 1963",New York,New York
Leroy Ellis,14,1048,10176,8709,1405,146.0,151.0,0.442,,0.728,"Mar 10, 1940",Far Rockaway,New York
Len Elmore,10,658,3948,3360,616,582.0,674.0,0.41,0.2,0.726,"Mar 28, 1952",New York,New York
Bo Erias,1,18,148,83,26,,,0.347,,0.638,"Jul 30, 1932",Astoria,New York
Julius Erving*,16,1243,30026,10525,5176,2272.0,1941.0,0.506,0.298,0.777,"Feb 22, 1950",Roosevelt,New York
Ray Felix,9,637,6974,5654,456,,,0.412,,0.678,"Dec 10, 1930",New York,New York
Al Ferrari,6,371,2525,830,943,,,0.368,,0.76,"Jul 6, 1933",New York,New York
Vern Fleming,12,893,10125,3012,4293,926.0,105.0,0.498,0.181,0.764,"Feb 4, 1962",New York,New York
Bruce Flowers,1,53,261,180,47,19.0,12.0,0.534,0,0.774,"Jun 13, 1957",Rochester,New York
Jonny Flynn,3,163,1504,307,634,122.0,7.0,0.4,0.338,0.809,"Feb 06, 1989",Niagara Falls,New York
Larry Fogle,1,2,2,3,0,1.0,0.0,0.2,,,"Mar 19, 1953",Brooklyn,New York
Jeff Foote,1,4,4,6,0,0.0,1.0,0.333,,,"Jul 14, 1987",Lockwood,New York
Jimmer Fredette,5,235,1416,236,323,91.0,11.0,0.412,0.381,0.876,"Feb 25, 1989",Glens Falls,New York
Channing Frye,11,747,6914,3579,776,408.0,495.0,0.439,0.39,0.822,"May 17, 1983",White Plains,New York
Sundiata Gaines,3,113,508,175,207,83.0,3.0,0.397,0.301,0.562,"Apr 18, 1986",Jamaica,New York
Taj Gibson,8,535,4989,3412,543,282.0,677.0,0.496,0.043,0.69,"Jun 24, 1985",Brooklyn,New York
Leo Gottlieb,2,84,465,,36,,,0.288,,0.645,"Nov 28, 1920",New York,New York
Butch Graves,1,4,5,2,1,1.0,0.0,0.333,0,0.2,"Jan 5, 1962",Scarsdale,New York
Danny Green,8,422,3806,1433,677,418.0,329.0,0.429,0.405,0.818,"Jun 22, 1987",North Babylon,New York
Luther Green,3,90,384,321,30,,,0.383,0,0.507,"Nov 13, 1946",New York,New York
Si Green,9,504,4636,2152,1655,,,0.387,,0.676,"Aug 20, 1933",New York,New York
Sidney Green,10,679,5080,4128,635,369.0,223.0,0.454,0.037,0.738,"Jan 4, 1961",Brooklyn,New York
Dick Grubar,1,2,4,0,1,,,0.667,,,"Jul 26, 1947",Schenectady,New York
Richie Guerin*,13,848,14676,4278,4211,,,0.416,,0.78,"May 29, 1932",New York,New York
Tom Gugliotta,13,763,9895,5589,2140,1079.0,492.0,0.451,0.284,0.757,"Dec 19, 1969",Huntington Station,New York
Rudy Hackett,2,28,155,91,31,15.0,9.0,0.411,,0.619,"May 10, 1953",Mount Vernon,New York
Zendon Hamilton,6,134,585,464,33,39.0,28.0,0.44,,0.66,"Apr 27, 1975",Floral Park,New York
Maurice Harkless,5,309,2244,1144,248,302.0,178.0,0.464,0.309,0.607,"May 11, 1993",Queens,New York
Jerry Harkness,3,86,618,233,156,,,0.44,0.2,0.665,"May 7, 1940",New York,New York
Tobias Harris,6,333,4467,1903,520,242.0,169.0,0.465,0.326,0.808,"Jul 15, 1992",Islip,New York
Connie Hawkins*,9,616,11528,5450,2556,244.0,150.0,0.479,0.161,0.779,"Jul 17, 1942",Brooklyn,New York
Jim Hayes,1,47,144,45,47,,,0.422,,0.776,"Feb 18, 1948",Rockville Centre,New York
Lazar Hayward,3,72,207,90,35,17.0,8.0,0.347,0.269,0.767,"Nov 26, 1986",Buffalo,New York
Brendan Haywood,13,816,5538,4875,442,320.0,1109.0,0.528,0,0.587,"Nov 27, 1979",New York,New York
Sonny Hertzberg,5,293,2563,260,618,,,0.299,,0.792,"Jul 29, 1922",Brooklyn,New York
Art Heyman,6,310,4030,1461,864,,,0.427,0.281,0.703,"Jun 24, 1941",New York,New York
Roy Hibbert,9,637,6515,4106,879,237.0,1124.0,0.463,0.25,0.753,"Dec 11, 1986",Queens,New York
Armond Hill,8,468,3214,917,2194,548.0,61.0,0.408,0.077,0.829,"Mar 31, 1953",Brooklyn,New York
Julius Hodge,2,23,28,15,18,6.0,0.0,0.44,,0.5,"Nov 18, 1983",New York,New York
Red Holzman*,6,358,2166,344,721,,,0.317,,0.682,"Aug 10, 1920",Brooklyn,New York
Geoff Huston,8,496,4380,684,2509,331.0,32.0,0.483,0.254,0.708,"Nov 8, 1957",Brooklyn,New York
Marc Iavaroni,7,531,2328,1725,514,185.0,200.0,0.459,0,0.71,"Sep 15, 1956",Jamaica,New York
Royal Ivey,10,492,1641,557,501,230.0,38.0,0.406,0.361,0.706,"Dec 20, 1981",Harlem,New York
Greg Jackson,1,49,182,69,96,23.0,9.0,0.415,,0.581,"Aug 2, 1952",Brooklyn,New York
Mark Jackson,17,1296,12489,4963,10334,1608.0,117.0,0.447,0.332,0.77,"Apr 1, 1965",Brooklyn,New York
Tony Jackson,2,138,2190,741,279,,,0.375,0.275,0.851,"Nov 7, 1942",Brooklyn,New York
Mike James,12,595,5863,1324,2075,458.0,38.0,0.417,0.379,0.802,"Jun 23, 1975",Copaigue,New York
Charles Jenkins,2,110,408,100,214,48.0,8.0,0.434,0.182,0.754,"Feb 28, 1989",Brooklyn,New York
Cheese Johnson,1,9,27,14,2,1.0,0.0,0.4,,0.6,"Sep 7, 1957",New York,New York
Eric Johnson,1,48,54,28,64,17.0,2.0,0.238,0.167,0.765,"Feb 7, 1966",Brooklyn,New York
George Johnson,8,464,4214,2610,817,432.0,282.0,0.463,0.189,0.779,"Dec 8, 1956",Brooklyn,New York
Vinnie Johnson,13,984,11825,3109,3212,852.0,253.0,0.464,0.254,0.74,"Sep 1, 1956",Brooklyn,New York
Charles Jones,2,85,296,104,135,48.0,10.0,0.324,0.324,0.622,"Jul 17, 1975",Brooklyn,New York
Hutch Jones,2,13,41,17,4,4.0,0.0,0.425,,0.7,"Sep 1, 1959",Buffalo,New York
Kevin Jones,1,32,95,78,10,9.0,5.0,0.402,,0.6,"Aug 25, 1989",Mount Vernon,New York
Mark Jones,1,6,7,2,5,0.0,0.0,0.5,0,0.5,"Apr 10, 1961",Rochester,New York
Shelton Jones,1,51,244,113,42,21.0,15.0,0.445,0,0.725,"Apr 6, 1966",Copaigue,New York
Adonis Jordan,2,10,21,6,22,3.0,1.0,0.296,0.25,0.5,"Aug 21, 1970",Brooklyn,New York
Michael Jordan*,15,1072,32292,6672,5633,2514.0,893.0,0.497,0.327,0.835,"Feb 17, 1963",Brooklyn,New York
Kevin Joyce,3,180,1906,304,580,170.0,34.0,0.41,0.185,0.786,"Jun 27, 1951",Bayside,New York
George Kaftan,5,212,1594,424,399,,,0.37,,0.65,"Feb 22, 1928",New York,New York
Bob Kauffman,7,525,6049,3682,1429,56.0,22.0,0.477,,0.749,"Jul 13, 1946",Brooklyn,New York
Tommy Kearns,1,1,2,0,0,,,1,,,"Oct 6, 1936",New York,New York
Ryan Kelly,4,155,963,495,211,78.0,81.0,0.38,0.313,0.797,"Apr 09, 1991",Carmel,New York
Tim Kempton,8,280,1259,795,307,121.0,44.0,0.481,0,0.677,"Jan 25, 1964",Jamaica,New York
Billy Kenville,6,345,2434,1206,715,,,0.363,,0.758,"Dec 1, 1930",Elmhurst,New York
Irv Kiffin,1,26,82,40,19,10.0,2.0,0.333,,0.72,"Aug 8, 1951",New York,New York
Sean Kilpatrick,3,62,790,181,102,37.0,5.0,0.439,0.341,0.859,"Jan 06, 1990",Yonkers,New York
Albert King,9,534,6470,2262,1171,452.0,196.0,0.461,0.268,0.791,"Dec 17, 1959",Brooklyn,New York
Bernard King*,14,874,19655,5060,2863,866.0,230.0,0.518,0.172,0.73,"Dec 4, 1956",Brooklyn,New York
Jim Kissane,1,2,6,3,0,,,0.333,,1,"Aug 17, 1946",New Hyde Park,New York
Toby Knight,4,283,3640,1444,335,242.0,185.0,0.519,0,0.74,"May 3, 1955",Bronx,New York
Barry Kramer,2,59,213,113,44,,,0.336,0,0.728,"Nov 10, 1942",Schenectady,New York
Mitch Kupchak,9,510,5202,2730,377,164.0,176.0,0.523,0,0.704,"May 24, 1954",Hicksville,New York
Christian Laettner,13,868,11121,5806,2224,917.0,675.0,0.48,0.261,0.82,"Aug 17, 1969",Angola,New York
Doron Lamb,2,100,345,95,75,24.0,1.0,0.381,0.394,0.7,"Nov 06, 1991",Queens,New York
Bob Lanier*,14,959,19248,9698,3007,777.0,1100.0,0.514,0.154,0.767,"Sep 10, 1948",Buffalo,New York
York Larese,1,59,302,77,94,,,0.373,,0.806,"Jul 18, 1938",New York,New York
Rudy LaRusso,10,736,11507,6936,1556,,,0.431,,0.767,"Nov 11, 1937",Brooklyn,New York
Andrew Levane,3,103,463,9,204,,,0.31,,0.633,"Apr 11, 1920",Brooklyn,New York
Barry Liebowitz,1,82,894,170,301,,,0.367,0.154,0.805,"Sep 10, 1945",New York,New York
Art Long,3,98,345,319,48,27.0,42.0,0.458,0.667,0.485,"Oct 01, 1972",Rochester,New York
Kevin Loughery,11,755,11575,2254,2803,,,0.413,,0.803,"Mar 28, 1940",Brooklyn,New York
Ray Lumpp,5,300,2462,391,654,,,0.366,,0.767,"Jul 11, 1923",Brooklyn,New York
Scott Machado,1,6,8,1,6,2.0,0.0,0.5,0,1,"Jun 08, 1990",Queens,New York
Ollie Mack,3,128,916,319,230,85.0,11.0,0.458,0,0.674,"Jun 6, 1957",New York,New York
Mike Maloy,3,71,442,268,48,,,0.424,0,0.702,"May 10, 1949",New York,New York
Stephon Marbury,13,846,16297,2516,6471,1022.0,121.0,0.433,0.325,0.784,"Feb 20, 1977",Brooklyn,New York
Ricky Marsh,1,60,269,75,90,29.0,19.0,0.426,,0.697,"Mar 10, 1954",New York,New York
Maurice Martin,2,69,204,65,49,19.0,9.0,0.378,0.211,0.598,"Jul 2, 1964",Liberty,New York
Jamal Mashburn,11,611,11644,3271,2414,632.0,109.0,0.418,0.345,0.766,"Nov 29, 1972",New York,New York
Matt Mazza,1,26,98,,29,,,0.3,,0.711,"Sep 23, 1923",Niagara Falls,New York
Brendan McCann,3,41,74,50,65,,,0.204,,0.7,"Jul 5, 1935",Brooklyn,New York
Paul McCracken,3,37,160,73,33,6.0,0.0,0.45,,0.596,"Sep 11, 1950",New York,New York
Rodney McCray,10,768,9014,5087,2750,585.0,493.0,0.503,0.26,0.761,"Aug 29, 1961",Mount Vernon,New York
Scooter McCray,3,77,224,190,74,21.0,26.0,0.423,,0.611,"Feb 8, 1960",Mount Vernon,New York
Chris McCullough,2,33,136,82,10,28.0,14.0,0.414,0.368,0.5,"Feb 05, 1995",Bronx,New York
Alfred McGuire*,4,191,757,418,363,,,0.379,,0.551,"Sep 7, 1928",New York,New York
Allie McGuire,1,2,4,2,1,0.0,0.0,0.5,,,"Jul 10, 1951",New York,New York
Dick McGuire*,11,738,5921,2784,4205,,,0.389,,0.644,"Jan 25, 1926",Huntington,New York
Tom McMillen,11,729,5914,2913,788,198.0,191.0,0.483,0.12,0.806,"May 26, 1952",Elmira,New York
Eric Mobley,3,113,440,351,57,27.0,61.0,0.541,0.75,0.475,"Feb 01, 1970",Bronx,New York
Doug Moe,5,378,6161,2560,1197,,,0.428,0.213,0.8,"Sep 21, 1938",Brooklyn,New York
Jack Molinas,1,32,370,228,51,,,0.39,,0.759,"Oct 31, 1931",New York,New York
Ron Moore,1,14,24,8,1,5.0,0.0,0.31,,0.75,"Jan 16, 1962",New York,New York
John Morton,3,128,609,161,342,92.0,23.0,0.386,0.224,0.787,"May 18, 1967",Bronx,New York
Arnett Moultrie,2,59,210,180,12,25.0,14.0,0.547,,0.667,"Nov 18, 1990",Queens,New York
Joe Mullaney,1,37,30,,52,,,0.129,,0.8,"Nov 17, 1925",Long Island,New York
Chris Mullin*,16,986,17911,4034,3450,1530.0,549.0,0.509,0.384,0.865,"Jul 30, 1963",New York,New York
Jeff Mullins,12,804,13017,3427,3023,140.0,37.0,0.463,,0.814,"Mar 18, 1942",Astoria,New York
Ruben Nembhard,1,10,40,8,17,9.0,0.0,0.432,0,0.8,"Feb 20, 1972",Bronx,New York
Dave Newmark,3,176,1003,678,128,,,0.42,,0.649,"Sep 11, 1946",Brooklyn,New York
Joakim Noah,10,596,5437,5575,1766,496.0,824.0,0.49,0,0.703,"Feb 25, 1985",New York,New York
George Nostrand,4,221,1804,,184,,,0.305,,0.538,"Jan 25, 1924",Uniondale,New York
Jimmy O'Brien,4,303,1795,618,1244,152.0,3.0,0.402,0.176,0.83,"Apr 9, 1949",New York,New York
Kyle O'Quinn,5,269,1431,1166,294,111.0,233.0,0.502,0.23,0.715,"Mar 26, 1990",Flushing,New York
Dan O'Sullivan,4,45,80,65,10,4.0,5.0,0.397,0,0.743,"Mar 3, 1968",Bronx,New York
Greg Oden,3,105,840,656,51,40.0,130.0,0.574,,0.658,"Jan 22, 1988",Buffalo,New York
Lamar Odom,14,961,12781,8059,3554,848.0,892.0,0.463,0.312,0.693,"Nov 06, 1979",Jamaica,New York
Tom Owens,12,877,9898,5985,1533,331.0,423.0,0.513,0.217,0.743,"Jun 28, 1949",Bronx,New York
Walter Palmer,2,48,100,65,11,4.0,9.0,0.412,0,0.667,"Oct 23, 1968",Ithaca,New York
Smush Parker,5,274,2469,659,791,336.0,44.0,0.426,0.345,0.708,"Jun 01, 1981",New York,New York
Sam Perkins,17,1286,15324,7666,1975,1105.0,933.0,0.459,0.362,0.811,"Jun 14, 1961",Brooklyn,New York
Derrick Phelps,1,3,0,0,1,0.0,0.0,0,,0,"Jul 31, 1972",Queens,New York
Ed Pinckney,12,793,5378,3952,727,612.0,435.0,0.535,0,0.765,"Mar 27, 1963",Bronx,New York
Harold Pressley,4,299,2702,1339,628,275.0,188.0,0.437,0.358,0.778,"Jul 14, 1963",Bronx,New York
Tony Price,1,5,4,0,3,2.0,1.0,0.286,,,"Jan 5, 1957",Bronx,New York
Andy Rautins,1,5,8,1,3,1.0,0.0,0.429,0.25,0.5,"Nov 02, 1986",Syracuse,New York
Allan Ray,1,47,290,69,43,20.0,3.0,0.386,0.414,0.764,"Jun 17, 1984",Bronx,New York
Khalid Reeves,6,277,2167,580,886,234.0,32.0,0.416,0.363,0.744,"Jul 15, 1972",Queens,New York
Billy Reid,1,59,190,60,71,33.0,5.0,0.454,0,0.564,"Sep 10, 1957",New York,New York
Terrence Rencher,1,36,106,44,54,16.0,2.0,0.33,0.31,0.674,"Feb 19, 1973",Bronx,New York
Jerry Reynolds,8,443,4036,1317,904,486.0,250.0,0.418,0.226,0.749,"Dec 23, 1962",Brooklyn,New York
Norm Richardson,1,11,30,8,2,0.0,0.0,0.385,0.5,0.667,"Jul 24, 1979",Brooklyn,New York
Tom Riker,3,82,225,138,24,15.0,5.0,0.38,,0.593,"Feb 28, 1950",Rockville Centre,New York
Pat Riley*,9,528,3906,855,913,112.0,13.0,0.414,,0.705,"Mar 20, 1945",Rome,New York
Mike Riordan,9,639,6334,1830,1524,231.0,35.0,0.47,,0.744,"Jul 9, 1945",New York,New York
Marv Roberts,6,402,3345,1570,517,114.0,21.0,0.433,0.333,0.773,"Jan 29, 1950",Brooklyn,New York
Clifford Robinson,18,1380,19591,6306,3094,1402.0,1390.0,0.438,0.356,0.689,"Dec 16, 1966",Buffalo,New York
Jamal Robinson,1,6,6,11,2,6.0,0.0,0.136,0,,"Dec 27, 1973",Jamaica,New York
John Roche,8,479,5345,736,1880,234.0,45.0,0.469,0.355,0.792,"Sep 26, 1949",New York,New York
Sean Rooks,12,749,4676,2877,631,255.0,499.0,0.459,0.091,0.699,"Sep 9, 1969",New York,New York
Rob Rose,1,2,0,2,0,0.0,0.0,0,,,"Dec 27, 1964",Rochester,New York
Lennie Rosenbluth,2,82,342,145,29,,,0.327,,0.655,"Jan 22, 1933",New York,New York
Jim Rowinski,2,23,57,34,5,1.0,2.0,0.417,,0.844,"Jan 4, 1961",Long Island,New York
Derrick Rowland,1,2,3,1,1,0.0,0.0,0.333,,0.5,"Jun 21, 1959",Brookhaven,New York
Trevor Ruffin,2,110,1011,155,317,57.0,4.0,0.411,0.371,0.795,"Sep 26, 1970",Buffalo,New York
Jeff Ruland,8,332,5763,3378,1002,249.0,267.0,0.564,0.158,0.718,"Dec 16, 1958",Bayshore,New York
John Salley,11,748,5228,3356,916,451.0,983.0,0.506,0.214,0.714,"May 16, 1964",Brooklyn,New York
Tom Sanders*,13,916,8766,5798,1026,,,0.428,,0.767,"Nov 8, 1938",New York,New York
Bob Santini,1,4,11,3,1,,,0.5,,0.5,"Feb 17, 1935",Bronx,New York
Kenny Satterfield,2,75,321,95,176,51.0,3.0,0.335,0.218,0.746,"Apr 10, 1981",New York,New York
Billy Schaeffer,3,137,802,289,94,52.0,20.0,0.472,0.231,0.732,"Dec 11, 1951",Bellerose,New York
Danny Schayes,18,1138,8780,5671,1299,560.0,840.0,0.481,0.133,0.806,"May 10, 1959",Syracuse,New York
Dolph Schayes*,15,996,18438,11256,3072,,,0.38,,0.849,"May 19, 1928",New York,New York
Ossie Schectman,1,54,435,,109,,,0.276,,0.62,"Mar 30, 1919",Kew Gardens,New York
John Schweitz,2,22,57,22,18,0.0,1.0,0.333,0,0.7,"Apr 19, 1960",Waterloo,New York
Charlie Scott,10,717,14837,2846,3515,608.0,152.0,0.448,0.253,0.773,"Dec 15, 1948",New York,New York
Shawnelle Scott,4,105,189,228,20,14.0,23.0,0.464,,0.465,"Jun 16, 1972",New York,New York
Carey Scurry,3,180,847,524,192,182.0,143.0,0.48,0.25,0.666,"Dec 4, 1962",Brooklyn,New York
Malik Sealy,8,493,4955,1585,816,518.0,157.0,0.426,0.292,0.809,"Feb 01, 1970",Bronx,New York
Ed Searcy,1,4,6,0,1,0.0,0.0,0.333,,1,"Apr 17, 1952",New York,New York
Phil Sellers,1,44,198,41,25,22.0,0.0,0.384,,0.722,"Nov 20, 1953",Brooklyn,New York
God Shammgod,1,20,61,7,36,7.0,1.0,0.328,0,0.767,"Apr 29, 1976",New York,New York
Steve Sheppard,2,106,367,178,62,22.0,4.0,0.459,,0.633,"Mar 21, 1954",New York,New York
Al Skinner,6,337,3082,1100,927,328.0,139.0,0.452,0.273,0.813,"Jun 16, 1952",Mount Vernon,New York
Kenny Smith,10,737,9397,1454,4073,759.0,65.0,0.48,0.399,0.829,"Mar 8, 1965",Queens,New York
Michael Smith,3,141,698,212,142,21.0,5.0,0.474,0.15,0.835,"May 19, 1965",Rochester,New York
Randy Smith,12,976,16262,3597,4487,1403.0,57.0,0.47,0.155,0.781,"Dec 12, 1948",Bellport,New York
Russ Smith,2,27,53,15,19,8.0,1.0,0.319,0.188,0.769,"Apr 19, 1991",New York,New York
Ricky Sobers,11,821,10902,2132,3525,1085.0,161.0,0.459,0.291,0.843,"Jan 15, 1953",Bronx,New York
James Southerland,1,4,14,8,0,1.0,2.0,0.333,0.5,0.5,"Apr 28, 1990",Queens,New York
Kevin Stacom,6,347,1781,511,524,111.0,15.0,0.417,0.5,0.768,"Sep 4, 1951",New York,New York
Lance Stephenson,7,346,3042,1451,1051,243.0,46.0,0.451,0.305,0.691,"Sep 05, 1990",Brooklyn,New York
Kebu Stewart,1,15,40,31,2,5.0,2.0,0.462,,0.64,"Dec 19, 1973",Brooklyn,New York
Ed Stokes,1,4,3,4,1,1.0,2.0,0.333,,0.5,"Sep 03, 1971",Syracuse,New York
D.J. Strawberry,1,33,73,28,30,12.0,6.0,0.315,0.24,0.474,"Jun 15, 1985",New York,New York
Rod Strickland,17,1094,14463,4084,7987,1616.0,215.0,0.454,0.282,0.721,"Jul 11, 1966",Bronx,New York
Chris Taft,1,17,47,36,2,2.0,7.0,0.605,,0.167,"Mar 10, 1985",Brooklyn,New York
Sid Tanenbaum,2,70,633,,162,,,0.274,,0.83,"Oct 8, 1925",Brooklyn,New York
Roy Tarpley,6,280,3533,2803,292,317.0,329.0,0.483,0.176,0.744,"Nov 28, 1964",New York,New York
Earl Tatum,4,262,2508,682,507,319.0,101.0,0.459,0.333,0.746,"Jul 26, 1953",Mount Vernon,New York
Oliver Taylor,4,262,2539,1090,628,20.0,6.0,0.456,0.234,0.683,"Mar 7, 1947",New York,New York
Sebastian Telfair,10,564,4183,898,1960,413.0,75.0,0.39,0.319,0.777,"Jun 09, 1985",Brooklyn,New York
Etan Thomas,9,409,2341,1927,149,128.0,427.0,0.513,,0.603,"Apr 01, 1978",Harlem,New York
Irving Thomas,1,26,46,31,10,4.0,1.0,0.34,,0.571,"Jan 2, 1966",Brooklyn,New York
Jamel Thomas,2,12,30,14,6,4.0,0.0,0.378,0.167,1,"Mar 25, 1973",Brooklyn,New York
James Thomas,2,33,54,76,5,4.0,7.0,0.564,,0.5,"Nov 22, 1980",Schenectady,New York
Lance Thomas,6,245,1330,607,159,89.0,32.0,0.431,0.394,0.793,"Apr 24, 1988",Brooklyn,New York
Trey Thompkins,1,24,57,24,3,3.0,3.0,0.393,0.308,0.714,"May 20, 1990",Long Island,New York
George Thompson,6,437,8114,1457,1561,183.0,30.0,0.465,0.265,0.762,"Nov 29, 1947",Brooklyn,New York
Jack Thompson,1,2,2,1,2,,,0.333,0,,"Mar 26, 1946",New York,New York
Jamaal Tinsley,11,547,4652,1605,3330,776.0,155.0,0.393,0.299,0.716,"Feb 28, 1978",Brooklyn,New York
Bernard Toone,1,23,55,34,12,4.0,5.0,0.359,0.143,0.8,"Jul 14, 1956",Yonkers,New York
Edwin Ubiles,1,4,14,10,1,1.0,1.0,0.278,0.2,1,"Nov 26, 1986",Brooklyn,New York
Charlie Villanueva,11,656,6808,3019,549,329.0,349.0,0.435,0.341,0.772,"Aug 24, 1984",Queens,New York
Andy Walker,1,40,180,75,32,20.0,7.0,0.462,,0.766,"Mar 25, 1955",Long Island City,New York
Foots Walker,10,658,4199,1686,3111,992.0,83.0,0.435,0.227,0.762,"May 21, 1951",Southampton,New York
Kemba Walker,6,392,6941,1510,2100,559.0,160.0,0.408,0.341,0.821,"May 08, 1990",Bronx,New York
John Wallace,7,381,2901,1061,281,134.0,216.0,0.462,0.3,0.74,"Feb 09, 1974",Rochester,New York
Isaac Walthour,1,4,2,1,2,,,0.167,,,"Aug 25, 1930",New York City,New York
Bobby Wanzer*,9,568,6924,1979,1830,,,0.393,,0.802,"Jun 4, 1921",Brooklyn,New York
Pearl Washington,3,194,1660,370,733,256.0,15.0,0.452,0.184,0.746,"Jan 6, 1964",Brooklyn,New York
Robert Werdann,3,47,101,81,9,13.0,8.0,0.378,0,0.574,"Sep 12, 1970",Sunnyside,New York
Isaiah Whitehead,1,22,149,50,68,15.0,10.0,0.411,0.282,0.786,"Mar 08, 1995",Brooklyn,New York
Hank Whitney,3,145,1339,1102,168,,,0.403,0,0.692,"Apr 28, 1939",Brooklyn,New York
Lenny Wilkens*,15,1077,17772,5030,7211,174.0,26.0,0.432,,0.774,"Oct 28, 1937",Brooklyn,New York
Fly Williams,1,71,665,181,142,64.0,10.0,0.462,0.143,0.683,"Feb 18, 1953",Brooklyn,New York
Gus Williams,11,825,14093,2222,4597,1638.0,291.0,0.461,0.238,0.756,"Oct 10, 1953",Mount Vernon,New York
Kevin Williams,5,260,1268,356,319,167.0,34.0,0.435,0.077,0.805,"Sep 11, 1961",New York,New York
Ray Williams,10,655,10158,2370,3779,1198.0,208.0,0.451,0.237,0.802,"Oct 14, 1954",Mount Vernon,New York
Rickey Williams,1,44,147,38,37,20.0,4.0,0.415,0,0.66,"Mar 12, 1957",Buffalo,New York
Shammond Williams,7,325,1892,518,765,196.0,14.0,0.401,0.366,0.798,"Apr 05, 1975",Bronx,New York
Brian Winters,9,650,10537,1688,2674,792.0,190.0,0.475,0.363,0.842,"Mar 1, 1952",Rockaway,New York
Dave Wohl,7,410,2553,558,1397,219.0,18.0,0.43,,0.75,"Nov 2, 1949",Flushing,New York
Howard Wood,1,42,144,65,9,8.0,6.0,0.458,0,0.654,"May 20, 1959",Southhampton,New York
Metta World Peace,17,977,13017,4435,2624,1714.0,522.0,0.415,0.34,0.716,"Nov 13, 1979",Queensbridge,New York
Willie Worsley,1,24,145,35,39,,,0.293,0.333,0.75,"Nov 13, 1945",Bronx,New York
Sam Worthen,2,69,239,116,118,57.0,6.0,0.492,0,0.75,"Jan 17, 1958",Brooklyn,New York
Leroy Wright,2,27,65,138,15,,,0.384,,0.333,"May 6, 1938",New York,New York
A.J. Wynder,1,6,12,3,8,1.0,0.0,0.25,0,0.75,"Sep 11, 1964",Bronx,New York
Max Zaslofsky,10,540,7990,864,1093,,,0.343,,0.769,"Dec 7, 1925",Brooklyn,New York
Zeke Zawoluk,3,179,1210,732,217,,,0.372,,0.767,"Oct 13, 1930",Brooklyn,New York
George Adams,3,215,1652,873,317,88,59,0.497,0.235,0.794,"May 15, 1949",Kings Mountain,North Carolina
Darrell Armstrong,14,840,7712,2269,3394,1133,98,0.409,0.334,0.871,"Jun 22, 1968",Gastonia,North Carolina
Anthony Avent,6,352,1958,1584,278,166,211,0.403,0,0.686,"Oct 18, 1969",Rocky Mount,North Carolina
Gus Bailey,5,147,389,244,168,56,43,0.406,1,0.51,"Feb 18, 1951",Gibson,North Carolina
Norton Barnhill,1,4,4,3,1,0,0,0.333,,,"Jul 15, 1953",Winston-Salem,North Carolina
Kent Bazemore,5,305,2073,833,432,247,108,0.42,0.341,0.685,"Jul 01, 1989",Kelford,North Carolina
Walt Bellamy*,14,1043,20941,14241,2544,52,48,0.516,,0.632,"Jul 24, 1939",New Bern,North Carolina
DeAndre' Bembry,1,9,9,5,2,1,0,0.286,0,0.5,"Jul 04, 1994",Charlotte,North Carolina
Henry Bibby,9,675,5775,1581,2259,561,34,0.424,0.293,0.782,"Nov 24, 1949",Franklinton,North Carolina
Jesse Branson,2,83,1091,550,68,,,0.427,0.222,0.702,"Jan 7, 1942",Burlington,North Carolina
Wayman Britt,1,7,9,4,2,1,0,0.3,,0.75,"Aug 31, 1952",Wilson Mills,North Carolina
Bill Bunting,3,145,623,417,95,,,0.421,0,0.789,"Aug 26, 1947",New Bern,North Carolina
Tom Burleson,7,446,4190,2794,601,312,591,0.445,0,0.726,"Feb 24, 1952",Crossnore,North Carolina
Junior Burrough,1,61,189,109,15,15,10,0.376,,0.656,"Jan 18, 1973",Charlotte,North Carolina
Jim Caldwell,2,137,968,1052,278,,,0.425,0.133,0.631,"Jan 28, 1943",Durham,North Carolina
M.L. Carr,10,678,6759,3054,1336,939,270,0.472,0.275,0.737,"Jan 9, 1951",Wallace,North Carolina
Jim Cleamons,9,652,5412,1981,2531,533,120,0.46,0.226,0.765,"Sep 13, 1949",Lincolnton,North Carolina
Richard Coffey,1,52,68,79,3,6,4,0.373,0,0.545,"Sep 2, 1965",Aurora,North Carolina
Geoff Crompton,5,82,99,139,28,10,23,0.37,,0.442,"Jul 4, 1955",Burlington,North Carolina
JamesOn Curry,1,1,0,0,0,0,0,,,,"Jan 07, 1986",Pleasant Grove,North Carolina
Seth Curry,4,73,557,123,137,51,6,0.441,0.411,0.803,"Aug 23, 1990",Charlotte,North Carolina
Brad Daugherty,8,548,10389,5227,2028,422,397,0.532,0.143,0.747,"Oct 19, 1965",Black Mountain,North Carolina
Hubert Davis,12,685,5583,1045,1172,297,44,0.458,0.441,0.837,"May 17, 1970",Winston-Salem,North Carolina
Lee Davis,8,453,3511,2195,435,68,80,0.482,0.189,0.607,"Oct 11, 1945",Raleigh,North Carolina
Walter Davis,15,1033,19521,3053,3878,1280,133,0.511,0.272,0.851,"Sep 9, 1954",Pineville,North Carolina
Tony Dawson,2,6,17,5,1,0,0,0.467,0.5,1,"Aug 25, 1967",Kinston,North Carolina
Kenny Dennard,3,95,268,286,93,74,17,0.429,0.3,0.644,"Oct 18, 1958",King,North Carolina
Randy Denton,6,413,4749,3547,528,135,126,0.473,0.214,0.779,"Feb 18, 1949",Raleigh,North Carolina
Byron Dinkins,2,45,151,52,94,21,2,0.406,0.111,0.872,"Jun 15, 1967",Charlotte,North Carolina
Mike Evans,9,591,4531,808,1514,430,51,0.452,0.307,0.807,"Apr 19, 1955",Goldsboro,North Carolina
Sleepy Floyd,13,957,12260,2494,5175,1120,215,0.444,0.324,0.815,"Mar 6, 1960",Gastonia,North Carolina
Phil Ford,7,482,5594,854,3083,589,29,0.467,0.21,0.82,"Feb 9, 1956",Rocky Mount,North Carolina
Todd Fuller,5,225,835,674,46,34,60,0.422,0,0.668,"Jul 25, 1974",Fayetteville,North Carolina
Kenny Gattison,9,494,3923,2327,444,290,327,0.52,0.083,0.649,"May 23, 1964",Wilmington,North Carolina
Herm Gilliam,8,578,6252,2175,2225,369,49,0.441,,0.792,"May 5, 1946",Winston-Salem,North Carolina
Happy Hairston,11,776,11505,8019,1268,116,28,0.478,,0.741,"May 31, 1942",Winston-Salem,North Carolina
P.J. Hairston,2,111,664,266,59,53,24,0.343,0.295,0.81,"Dec 24, 1992",Greensboro,North Carolina
Reggie Hanson,1,8,6,6,1,2,1,0.5,,,"Oct 6, 1968",Charlotte,North Carolina
Montrezl Harrell,2,60,287,135,33,18,25,0.64,0.333,0.515,"Jan 26, 1994",Tarboro,North Carolina
Junior Harrington,3,140,733,381,428,126,25,0.371,0.274,0.689,"Oct 02, 1980",Wagram,North Carolina
Dick Hemric,2,138,863,703,102,,,0.377,,0.669,"Aug 29, 1933",Jonesville,North Carolina
Dave Henderson,1,22,126,35,34,12,5,0.405,0,0.681,"Jul 21, 1964",Henderson,North Carolina
John Henson,5,282,2214,1474,284,119,443,0.534,0,0.563,"Dec 28, 1990",Greensboro,North Carolina
Brian Howard,2,95,570,263,81,66,42,0.458,0.222,0.752,"Oct 19, 1967",Winston-Salem,North Carolina
Josh Howard,10,507,7270,2886,817,530,276,0.448,0.332,0.77,"Apr 28, 1980",Winston-Salem,North Carolina
Lou Hudson,13,890,17940,3926,2432,516,98,0.489,,0.797,"Jul 11, 1944",Greensboro,North Carolina
Othello Hunter,2,23,33,36,1,2,6,0.469,,0.333,"May 28, 1986",Winston-Salem,North Carolina
Brandon Ingram,1,31,236,124,63,15,14,0.35,0.271,0.71,"Sep 02, 1997",Kinston,North Carolina
Bobby Jackson,12,755,7344,2347,1945,704,68,0.417,0.354,0.793,"Mar 13, 1973",East Spencer,North Carolina
DeMarco Johnson,1,5,6,7,0,1,0,0.333,,,"Oct 06, 1975",Charlotte,North Carolina
Darius Johnson-Odom,2,7,0,6,2,1,0,0,0,0,"Sep 28, 1989",Raleigh,North Carolina
Bobby Jones,12,941,11391,5739,2522,1387,1319,0.56,0,0.766,"Dec 18, 1951",Charlotte,North Carolina
Sam Jones*,12,871,15411,4305,2209,,,0.456,,0.803,"Jun 24, 1933",Wilmington,North Carolina
Clarence Kea,2,51,198,128,19,10,4,0.485,0,0.692,"Feb 2, 1959",Wilmington,North Carolina
Goo Kennedy,6,333,2739,1866,299,140,32,0.548,1,0.67,"Aug 23, 1949",Charlotte,North Carolina
Chris King,3,103,693,311,116,74,34,0.423,0.383,0.633,"Jul 24, 1969",Newton Grove,North Carolina
Loyd King,2,84,506,125,117,,,0.365,0.233,0.811,"May 29, 1949",Asheville,North Carolina
Rusty LaRue,5,98,486,126,152,62,11,0.376,0.318,0.841,"Dec 10, 1973",Winston-Salem,North Carolina
Henry Logan,2,108,1258,376,244,,,0.466,0.143,0.705,"Mar 14, 1946",Asheville,North Carolina
John Lucas,14,928,9951,2151,6454,1273,73,0.449,0.303,0.776,"Oct 31, 1953",Durham,North Carolina
Cedric Maxwell,11,835,10465,5261,1862,671,433,0.546,0.053,0.784,"Nov 21, 1955",Kinston,North Carolina
Eric Maynor,5,267,1141,348,760,111,20,0.392,0.35,0.721,"Jun 11, 1987",Raeford,North Carolina
Bob McAdoo*,14,852,18787,8048,1951,751,1147,0.503,0.081,0.754,"Sep 25, 1951",Greensboro,North Carolina
Rashad McCants,4,249,2479,506,331,183,61,0.431,0.368,0.741,"Sep 25, 1984",Asheville,North Carolina
Jeff McInnis,11,576,5396,1170,2514,371,31,0.431,0.328,0.796,"Oct 22, 1974",Charlotte,North Carolina
Bones McKinney,6,318,2994,373,503,,,0.298,,0.711,"Jan 1, 1919",Lowlands,North Carolina
Nate McMillan,12,796,4733,3222,4893,1544,356,0.443,0.343,0.65,"Aug 3, 1964",Raleigh,North Carolina
Jim McMillian,9,631,8736,3319,1557,435,80,0.482,,0.832,"Mar 11, 1948",Raeford,North Carolina
Larry McNeill,6,297,2533,1440,225,183,78,0.466,,0.779,"Jan 31, 1951",Hoke,North Carolina
Anthony Morrow,9,538,5201,1203,483,305,75,0.449,0.421,0.876,"Sep 27, 1985",Charlotte,North Carolina
Jerrod Mustaf,4,179,721,452,99,54,46,0.449,0,0.648,"Oct 28, 1969",Whiteville,North Carolina
David Noel,1,68,184,123,65,25,9,0.367,0.321,0.86,"Feb 27, 1984",Durham,North Carolina
Chris Paul,12,802,15016,3530,7970,1858,87,0.472,0.367,0.864,"May 06, 1985",Winston-Salem,North Carolina
Sam Pellom,4,196,863,685,95,91,151,0.464,0,0.724,"Oct 2, 1951",Wilmington,North Carolina
Charles Pittman,4,234,1060,718,204,75,73,0.546,0,0.711,"Mar 23, 1958",Rocky Mount,North Carolina
Willie Porter,2,69,722,504,65,,,0.423,,0.665,"Jul 3, 1942",Winston-Salem,North Carolina
Shavlik Randolph,8,146,340,363,36,44,38,0.449,0.167,0.544,"Nov 24, 1983",Raleigh,North Carolina
Wayne Robinson,1,81,643,294,112,46,24,0.46,0,0.729,"Apr 19, 1958",Greensboro,North Carolina
Rodney Rogers,12,866,9468,3881,1722,868,451,0.451,0.347,0.69,"Jun 20, 1971",Durham,North Carolina
Reggie Royals,1,2,4,0,0,0,0,0.5,,,"Sep 18, 1950",Whiteville,North Carolina
Delaney Rudd,4,239,816,184,519,74,4,0.413,0.257,0.761,"Nov 8, 1962",Halifax,North Carolina
Ansu Sesay,4,127,401,223,62,38,30,0.434,0.276,0.64,"Jul 29, 1976",Greensboro,North Carolina
Charles Shackleford,6,303,1625,1448,170,119,148,0.483,0,0.654,"Apr 22, 1966",Kinston,North Carolina
Cedric Simmons,3,75,163,141,14,11,32,0.409,,0.39,"Jan 03, 1986",Shallotte,North Carolina
Belus Smawley,6,261,3316,196,595,,,0.347,,0.797,"Mar 20, 1918",Golden Valley,North Carolina
Ish Smith,7,354,2151,768,1248,250,65,0.402,0.29,0.656,"Jul 05, 1988",Charlotte,North Carolina
Jerry Stackhouse,18,970,16409,3067,3240,869,437,0.409,0.309,0.822,"Nov 05, 1974",Kinston,North Carolina
Brook Steppe,5,238,1297,345,280,105,17,0.469,0.31,0.82,"Nov 7, 1959",Chapel Hill,North Carolina
Carlos Terry,3,94,285,227,124,54,27,0.434,0,0.672,"Jun 22, 1956",Lexington,North Carolina
David Thompson*,9,592,13422,2446,1939,595,509,0.505,0.255,0.781,"Jul 13, 1954",Shelby,North Carolina
Kevin Thompson,1,14,13,13,3,0,2,0.429,0,0.5,"Feb 07, 1971",Winston-Salem,North Carolina
P.J. Tucker,6,366,2838,2073,584,422,92,0.432,0.344,0.746,"May 05, 1985",Raleigh,North Carolina
Trent Tucker,11,756,6236,1520,1532,679,88,0.461,0.408,0.754,"Dec 20, 1959",Tarboro,North Carolina
Fred Vinson,2,13,17,1,1,3,0,0.25,0.231,0.667,"Jan 28, 1971",Murfreesboro,North Carolina
John Wall,7,448,8230,2007,4030,773,287,0.431,0.321,0.79,"Sep 06, 1990",Raleigh,North Carolina
Bob Warlick,5,186,1473,566,387,,,0.401,0,0.603,"Mar 20, 1941",Hickory,North Carolina
T.J. Warren,3,103,1011,296,83,81,31,0.496,0.35,0.748,"Sep 05, 1993",Durham,North Carolina
Chris Washburn,2,72,222,176,22,11,16,0.412,0,0.439,"May 13, 1965",Hickory,North Carolina
Jamie Watson,4,102,323,149,117,65,17,0.468,0.316,0.694,"Feb 23, 1972",Elm City,North Carolina
Tony White,1,49,261,31,59,20,2,0.446,0,0.722,"Feb 15, 1965",Charlotte,North Carolina
Hassan Whiteside,5,169,2157,1816,55,96,477,0.593,,0.582,"Jun 13, 1989",Gastonia,North Carolina
Mitchell Wiggins,6,389,3877,1235,609,397,34,0.46,0.192,0.755,"Sep 28, 1959",Lenoir County,North Carolina
Chris Wilcox,11,628,5150,3076,455,322,246,0.541,0,0.643,"Sep 03, 1982",Raleigh,North Carolina
Damien Wilkins,9,563,3571,1346,787,429,129,0.427,0.33,0.783,"Jan 11, 1980",Washington,North Carolina
Buck Williams,17,1307,16784,13017,1646,1080,1100,0.549,0.167,0.664,"Mar 8, 1960",Rocky Mount,North Carolina
Kenny Williams,4,260,1247,693,161,76,166,0.511,0,0.68,"Jun 9, 1969",Elizabeth City,North Carolina
Bubba Wilson,1,16,17,16,12,2,0,0.28,,0.5,"Aug 7, 1955",Gastonia,North Carolina
Harthorne Wingo,4,212,1023,745,128,74,57,0.459,,0.702,"Sep 9, 1947",Tryon,North Carolina
Greg Wittman,2,60,212,117,15,,,0.376,0.222,0.529,"May 10, 1947",Rockingham,North Carolina
Haywoode Workman,8,359,1967,819,1410,354,21,0.419,0.323,0.764,"Jan 23, 1966",Charlotte,North Carolina
James Worthy*,12,926,16320,4708,2791,1041,624,0.521,0.241,0.769,"Feb 27, 1961",Gastonia,North Carolina
Danny Young,10,574,2622,709,1674,507,37,0.437,0.327,0.835,"Jul 26, 1962",Raleigh,North Carolina
Glenn Hansen,3,112,588,247,93,61,16,0.412,,0.725,"Apr 21, 1952",Devils Lake,North Dakota
Les Jepsen,2,52,53,67,2,2,8,0.333,0,0.65,"Jun 24, 1967",Bowbells,North Dakota
Tyler Johnson,3,95,867,315,205,90,40,0.445,0.373,0.745,"May 07, 1992",Grand Forks,North Dakota
Duane Klueh,2,113,924,183,173,,,0.362,,0.719,"Jan 6, 1926",Bottineau,North Dakota
Mark Landsberger,7,437,2468,2681,236,124,70,0.481,0,0.522,"May 21, 1955",Minot,North Dakota
Doug McDermott,3,133,1028,284,85,22,8,0.447,0.399,0.842,"Jan 03, 1992",Grand Forks,North Dakota
Dwight Anderson,1,5,21,2,3,1,0,0.5,,0.7,"Dec 28, 1960",Dayton,Ohio
Luke Babbitt,7,285,1323,648,166,69,42,0.401,0.396,0.746,"Jun 20, 1989",Cincinnati,Ohio
LaMark Baker,1,1,0,0,0,0,0,0,,,"Nov 11, 1969",Dayton,Ohio
Mike Barr,5,307,1804,632,861,210,43,0.479,0.333,0.753,"Oct 19, 1950",Canton,Ohio
Frankie Baumholtz,1,45,631,,54,,,0.298,,0.776,"Oct 7, 1918",Midvale,Ohio
Arthur Becker,6,414,5160,2604,410,,,0.48,0.321,0.835,"Jan 12, 1942",Akron,Ohio
Dennis Bell,3,63,175,119,28,28,10,0.374,,0.535,"Jun 2, 1951",Cincinnati,Ohio
Keith Benson,1,3,0,3,0,0,0,0,,,"Aug 13, 1988",Cleveland,Ohio
Tom Boerwinkle,10,635,4596,5745,2007,110,138,0.453,,0.675,"Aug 23, 1945",Cleveland,Ohio
Calvin Booth,10,366,1190,1010,151,101,358,0.451,0.222,0.748,"May 07, 1976",Reynoldsburg,Ohio
Lawrence Boston,1,13,56,39,2,4,2,0.462,,0.615,"May 18, 1956",Cleveland,Ohio
Earl Boykins,13,652,5791,877,2092,390,34,0.417,0.348,0.876,"Jun 02, 1976",Cleveland,Ohio
Gary Bradds,6,254,3106,1398,227,,,0.475,0.056,0.798,"Jul 26, 1942",Jamestown,Ohio
J.R. Bremer,2,100,646,181,215,56,7,0.344,0.333,0.748,"Sep 19, 1980",Cleveland,Ohio
Bob Brown,2,82,832,,115,,,0.358,,0.689,"Nov 12, 1923",Versailles,Ohio
Trey Burke,4,234,2664,535,903,147,29,0.387,0.332,0.808,"Nov 12, 1992",Columbus,Ohio
Rick Calloway,1,64,205,78,61,22,7,0.391,0,0.696,"Dec 12, 1966",Cincinnati,Ohio
Don Carlos,1,56,628,279,159,,,0.41,0,0.756,"Mar 3, 1944",Columbus,Ohio
Butch Carter,6,361,3137,546,683,321,43,0.475,0.307,0.788,"Jun 11, 1958",Springfield,Ohio
Semaj Christon,1,28,88,37,70,12,2,0.322,0.185,0.529,"Nov 01, 1992",Cincinnati,Ohio
Richard Clark,2,58,358,140,101,,,0.296,0.056,0.675,"Jan 5, 1944",Findlay,Ohio
Barry Clemens,11,790,5312,2532,905,131,11,0.454,,0.756,"May 1, 1943",Dayton,Ohio
Norris Cole,5,347,2463,691,967,272,34,0.409,0.326,0.741,"Oct 13, 1988",Dayton,Ohio
Jason Collier,5,151,841,443,51,36,32,0.455,0.35,0.738,"Sep 08, 1977",Springfield,Ohio
Don Collins,6,303,2983,837,546,332,98,0.485,0.069,0.749,"Nov 28, 1958",Toledo,Ohio
Daequan Cook,6,328,2114,703,243,120,48,0.369,0.359,0.813,"Apr 28, 1987",Dayton,Ohio
Terry Crosby,1,4,6,1,7,0,0,0.5,,1,"Jan 4, 1957",Toledo,Ohio
Dick Cunningham,7,358,1012,1324,221,2,2,0.406,,0.636,"Jul 11, 1946",Canton,Ohio
Stephen Curry,8,524,11806,2274,3562,934,109,0.477,0.441,0.904,"Mar 14, 1988",Akron,Ohio
Antonio Daniels,13,872,6623,1613,2934,564,85,0.444,0.311,0.793,"Mar 19, 1975",Columbus,Ohio
Erik Daniels,1,21,13,18,4,2,0,0.333,0.5,,"Apr 01, 1982",Cincinnati,Ohio
Jimmy Darrow,1,5,12,7,6,,,0.2,,0.857,"Sep 25, 1937",Akron,Ohio
Harry Davis,2,44,175,72,16,14,8,0.436,,0.689,"Jan 27, 1956",Cleveland,Ohio
Monti Davis,1,2,3,4,0,0,1,0.2,,0.2,"Jul 26, 1958",Warren,Ohio
Derrek Dickey,5,321,1962,1575,346,129,60,0.47,,0.745,"Mar 20, 1951",Cincinnati,Ohio
Bill Edwards,1,3,6,14,4,3,1,0.111,0,0.4,"Sep 22, 1971",Middletown,Ohio
John Edwards,2,65,99,67,8,6,19,0.447,,0.6,"Jul 31, 1981",Warren,Ohio
Kevin Edwards,11,604,6596,1653,1609,825,197,0.423,0.335,0.803,"Oct 30, 1965",Cleveland Heights,Ohio
Wayne Embry*,11,831,10380,7544,1194,,,0.44,,0.64,"Mar 26, 1937",Springfield,Ohio
Evan Eschmeyer,4,153,421,601,76,69,95,0.463,,0.621,"May 30, 1975",New Knoxville,Ohio
Jamie Feick,5,201,911,1437,139,117,90,0.424,0.4,0.629,"Jul 03, 1974",Lexington,Ohio
Fred Foster,8,524,4093,1275,601,57,8,0.414,,0.727,"Mar 18, 1946",Springfield,Ohio
Larry Foust,12,817,11198,8041,1368,,,0.405,,0.741,"Jun 24, 1928",Painesville,Ohio
Lawrence Funderburke,7,318,2031,1142,183,94,100,0.506,0.118,0.675,"Dec 15, 1970",Columbus,Ohio
Brian Grant,12,756,7933,5622,923,455,561,0.49,0.214,0.746,"Mar 05, 1972",Columbus,Ohio
Gary Grant,13,552,4368,1283,3013,821,69,0.45,0.278,0.776,"Apr 21, 1965",Canton,Ohio
Don Grate,1,2,4,,3,,,0.167,,1,"Aug 27, 1923",Greenfield,Ohio
Devin Green,1,27,25,24,7,3,0,0.214,0,0.619,"Oct 25, 1982",Columbus,Ohio
Johnny Green,14,1057,12281,9083,1449,,,0.493,,0.553,"Dec 8, 1933",Dayton,Ohio
Kevin Grevey,10,672,7364,1594,1247,392,112,0.437,0.334,0.817,"May 12, 1953",Hamilton,Ohio
Greg Griffin,1,36,145,103,24,16,0,0.361,,0.639,"Sep 6, 1952",Cleveland,Ohio
Chuck Grigsby,1,7,16,11,7,,,0.368,,0.25,"Aug 15, 1928",Dayton,Ohio
Alex Groza,2,130,2925,709,318,,,0.474,,0.756,"Oct 7, 1926",Martins Ferry,Ohio
Bill Hanzlik,10,748,5414,2058,2058,727,205,0.434,0.213,0.781,"Dec 6, 1957",Middletown,Ohio
Ron Harper,15,1009,13910,4309,3916,1716,729,0.446,0.289,0.72,"Jan 20, 1964",Dayton,Ohio
Matt Harpring,11,665,7645,3366,907,497,112,0.481,0.333,0.753,"May 31, 1976",Cincinnati,Ohio
John Havlicek*,16,1270,26395,8007,6114,476,117,0.439,,0.815,"Apr 8, 1940",Martins Ferry,Ohio
Michael Hawkins,4,75,132,68,117,21,2,0.377,0.305,0.8,"Oct 28, 1972",Canton,Ohio
Bill Higgins,1,15,138,21,32,8,1,0.439,0.2,0.652,"Dec 15, 1952",Toledo,Ohio
Tyrone Hill,14,801,7532,6854,647,614,379,0.502,0,0.643,"Mar 19, 1968",Cincinnati,Ohio
Robert Hite,1,12,51,16,8,3,2,0.317,0.217,0.667,"Jan 12, 1984",Cincinnati,Ohio
Bobby Hooper,1,54,271,109,142,,,0.413,0.125,0.729,"Dec 22, 1946",Lee's Creek,Ohio
Dennis Hopson,5,334,3633,939,539,319,159,0.431,0.271,0.765,"Apr 22, 1965",Toledo,Ohio
Bill Hosket,4,143,573,355,94,,,0.485,,0.715,"Dec 20, 1946",Dayton,Ohio
Phil Hubbard,10,665,7228,3538,857,574,89,0.495,0.038,0.706,"Dec 13, 1956",Canton,Ohio
Rick Hughes,1,21,82,49,9,3,1,0.486,0,0.462,"Aug 22, 1973",Cincinnati,Ohio
Brandon Hunter,2,67,220,187,22,17,8,0.476,0,0.488,"Nov 24, 1980",Cincinnati,Ohio
R.J. Hunter,2,39,97,38,13,14,4,0.364,0.297,0.857,"Oct 24, 1993",Oxford,Ohio
Al Jackson,1,2,0,0,1,,,0,,,"Jul 29, 1943",Cleveland,Ohio
Jim Jackson,14,885,12690,4152,2851,726,188,0.428,0.365,0.825,"Oct 14, 1970",Toledo,Ohio
Gene James,3,88,296,141,95,,,0.334,,0.561,"Feb 15, 1925",Ironton,Ohio
LeBron James,14,1012,27471,7263,7036,1690,786,0.498,0.341,0.743,"Dec 30, 1984",Akron,Ohio
Gus Johnson*,10,631,10243,7624,1603,,,0.44,0.19,0.7,"Dec 13, 1938",Akron,Ohio
Kannard Johnson,1,4,2,0,0,1,0,0.333,,,"Jun 24, 1965",Cincinnati,Ohio
Steve Johnson,10,626,7345,3450,777,290,530,0.572,0,0.634,"Nov 3, 1957",Akron,Ohio
Neil Johnston*,8,516,10023,5856,1269,,,0.444,,0.768,"Feb 4, 1929",Chillicothe,Ohio
Larry Jones,8,551,10505,2725,2030,85,18,0.453,0.277,0.793,"Sep 22, 1942",Columbus,Ohio
Clark Kellogg,5,260,4918,2482,764,381,105,0.497,0.338,0.757,"Jul 2, 1961",Cleveland,Ohio
Tom King,1,58,295,,32,,,0.237,,0.631,"Mar 9, 1924",Cincinnati,Ohio
Kerry Kittles,8,507,7165,1983,1295,811,221,0.439,0.378,0.78,"Jun 12, 1974",Dayton,Ohio
Howard Komives,10,742,7550,1804,2941,32,3,0.388,,0.83,"May 9, 1941",Toledo,Ohio
Len Kosmalski,2,76,110,144,53,9,10,0.398,,0.778,"Nov 29, 1951",Cleveland,Ohio
Kosta Koufos,9,531,2975,2569,205,206,425,0.53,0,0.599,"Feb 24, 1989",Canton,Ohio
Bo Lamar,4,273,4478,739,1063,359,30,0.411,0.267,0.768,"Apr 7, 1951",Columbus,Ohio
Jerome Lane,5,218,1154,1258,322,138,39,0.441,0.063,0.379,"Dec 4, 1966",Akron,Ohio
Shane Larkin,3,202,1168,398,639,214,22,0.43,0.328,0.762,"Oct 02, 1992",Cincinnati,Ohio
Manny Leaks,6,446,5302,3998,471,10,39,0.44,0,0.707,"Nov 27, 1945",Cleveland,Ohio
Caris LeVert,1,7,22,17,7,7,0,0.286,0.25,0.5,"Aug 25, 1994",Columbus,Ohio
Jerry Lucas*,11,829,14053,12942,2732,28,24,0.499,,0.783,"Mar 30, 1940",Middletown,Ohio
Phil Lumpkin,2,82,272,82,225,35,3,0.424,,0.812,"Dec 20, 1951",Dayton,Ohio
Steve Malovic,1,39,80,86,26,8,6,0.463,,0.667,"Jul 21, 1956",Cleveland,Ohio
Kevin Martin,12,714,12396,2278,1352,643,78,0.437,0.384,0.87,"Feb 01, 1983",Zanesville,Ohio
Don May,7,379,3339,1309,389,29,10,0.453,,0.798,"Jan 3, 1946",Dayton,Ohio
Scott May,7,355,3690,1450,610,285,44,0.462,0,0.811,"Mar 19, 1954",Sandusky,Ohio
C.J. McCollum,4,211,2978,508,543,182,53,0.45,0.414,0.813,"Sep 19, 1991",Canton,Ohio
John McCullough,1,8,21,4,3,2,0,0.692,,0.6,"Oct 5, 1956",Lima,Ohio
Keith McLeod,4,200,1105,268,536,145,27,0.357,0.282,0.8,"Nov 05, 1979",Canton,Ohio
Monk Meineke,5,343,2338,1626,433,,,0.367,,0.756,"Oct 30, 1930",Dayton,Ohio
Todd Mitchell,1,24,123,50,21,16,2,0.443,,0.578,"Jul 26, 1966",Toledo,Ohio
Steve Mix,13,788,8357,4160,1393,884,173,0.499,0.286,0.803,"Dec 30, 1947",Toledo,Ohio
Byron Mullens,5,189,1398,790,153,74,98,0.408,0.319,0.706,"Feb 14, 1989",Canal Winchester,Ohio
Larry Nance Jr.,2,91,544,466,81,87,40,0.546,0.136,0.689,"Jan 01, 1993",Akron,Ohio
Martin Nessley,1,44,48,82,16,8,12,0.385,,0.444,"Feb 16, 1965",Columbus,Ohio
Melvin Newbern,1,33,119,37,57,23,1,0.372,0.125,0.567,"Jun 11, 1967",Toledo,Ohio
Charles Oakley,19,1282,12417,12205,3217,1351,384,0.471,0.253,0.761,"Dec 18, 1963",Cleveland,Ohio
Alan Ogg,3,80,175,133,13,12,58,0.493,0,0.568,"Jul 5, 1967",Lancaster,Ohio
Louis Orr,8,569,5545,2117,853,455,163,0.468,0.083,0.787,"May 7, 1958",Cincinnati,Ohio
Don Otten,4,219,2294,928,297,,,0.357,,0.761,"Apr 18, 1921",Bellefontaine,Ohio
Mac Otten,1,59,142,,36,,,0.329,,0.494,"Dec 16, 1925",Bellefontaine,Ohio
Chris Owens,1,1,4,1,0,0,0,0.667,,,"Mar 01, 1979",Akron,Ohio
Ruben Patterson,10,649,6953,2697,1150,751,249,0.517,0.179,0.641,"Jul 31, 1975",Cleveland,Ohio
Jim Paxson,11,784,11199,1593,2300,951,93,0.498,0.225,0.807,"Jul 9, 1957",Kettering,Ohio
John Paxson,11,772,5560,906,2758,517,44,0.499,0.355,0.804,"Sep 29, 1960",Dayton,Ohio
Adreian Payne,3,93,393,290,62,39,24,0.4,0.235,0.678,"Feb 19, 1991",Dayton,Ohio
Eric Piatkowski,14,789,5919,1716,778,404,115,0.434,0.399,0.839,"Sep 30, 1970",Steubenville,Ohio
Walter Piatkowski,3,157,1465,617,89,,,0.409,0.288,0.772,"Jun 11, 1945",Toledo,Ohio
James Posey,12,864,7419,4061,1413,917,298,0.41,0.349,0.82,"Jan 13, 1977",Cleveland,Ohio
Mike Pratt,2,143,806,383,286,,,0.427,0.373,0.799,"Aug 4, 1948",Dayton,Ohio
Kelvin Ransey,6,474,5380,901,2480,472,34,0.454,0.132,0.782,"May 3, 1958",Toledo,Ohio
Ed Ratleff,5,338,2813,1363,896,430,143,0.454,,0.803,"Mar 29, 1950",Bellefontaine,Ohio
Michael Redd,12,629,11972,2411,1338,579,66,0.447,0.38,0.838,"Aug 24, 1979",Columbus,Ohio
Eric Riley,5,186,574,479,60,54,132,0.456,0,0.704,"Jun 02, 1970",Cleveland,Ohio
Brian Roberts,5,280,1929,388,673,124,18,0.412,0.352,0.912,"Dec 03, 1985",Toledo,Ohio
Alvin Robertson,10,779,10882,4066,3929,2112,323,0.477,0.295,0.743,"Jul 22, 1962",Barberton,Ohio
Dave Robisch,13,930,10581,6173,1655,382,366,0.464,0,0.798,"Dec 22, 1949",Cincinnati,Ohio
Scott Roth,3,160,751,204,186,87,11,0.375,0.291,0.73,"Jun 3, 1963",Cleveland,Ohio
Terry Rozier,2,67,246,158,90,23,7,0.338,0.29,0.738,"Mar 17, 1994",Youngstown,Ohio
JaKarr Sampson,2,147,760,353,123,61,59,0.431,0.237,0.662,"Mar 20, 1993",Cleveland,Ohio
Frankie Sanders,2,69,352,131,69,37,7,0.43,,0.822,"Jan 23, 1957",Dayton,Ohio
Fred Saunders,4,210,1107,624,224,93,37,0.443,,0.682,"Jun 13, 1951",Columbus,Ohio
Fred Schaus,5,334,4070,1609,961,,,0.352,,0.823,"Jun 30, 1925",Newark,Ohio
Dick Schnittker,6,364,3030,1372,479,,,0.379,,0.825,"May 27, 1928",Kelleys Island,Ohio
Brad Sellers,6,398,2509,1064,435,137,246,0.452,0.2,0.793,"Dec 17, 1962",Warrensville Heights,Ohio
Paul Seymour,12,622,5836,1694,2341,,,0.35,,0.792,"Jan 30, 1928",Toledo,Ohio
Casey Shaw,1,9,2,3,0,0,0,0.125,,,"Jul 20, 1975",Lebanon,Ohio
Dick Shrider,1,4,1,,2,,,,,0.333,"Feb 7, 1923",Glass Rock,Ohio
Larry Siegfried,9,550,5960,1567,1950,,,0.409,,0.854,"May 22, 1939",Shelby,Ohio
Clinton Smith,2,46,134,60,49,14,1,0.43,0,0.714,"Jan 19, 1964",Cleveland,Ohio
Don Smith,1,54,283,30,47,20,3,0.408,,1,"Oct 10, 1951",Dayton,Ohio
Ed Smith,1,12,35,32,10,,,0.286,,0.538,"Jul 5, 1929",West Jefferson,Ohio
Jim Smith,2,76,219,187,46,22,51,0.514,,0.461,"Apr 12, 1958",Cleveland,Ohio
Eric Snow,13,846,5791,2141,4245,975,105,0.424,0.208,0.763,"Apr 24, 1973",Canton,Ohio
Dick Snyder,13,964,11755,2732,2767,300,157,0.488,,0.824,"Feb 1, 1944",North Canton,Ohio
Jared Sullinger,4,258,2856,1979,474,176,160,0.439,0.276,0.727,"Mar 04, 1992",Columbus,Ohio
Larry Sykes,1,1,0,2,0,0,0,,,,"Apr 11, 1973",Toledo,Ohio
Carl Thomas,3,63,181,60,28,24,8,0.398,0.315,0.643,"Oct 3, 1969",Dayton,Ohio
Charles Thomas,1,36,48,22,22,4,1,0.353,0.118,0.667,"Oct 3, 1969",Dayton,Ohio
LaSalle Thompson,15,985,7806,6689,1139,741,972,0.492,0.154,0.737,"Jun 23, 1961",Cincinnati,Ohio
Nate Thurmond*,14,964,14437,14464,2575,125,553,0.421,,0.667,"Jul 25, 1941",Akron,Ohio
Gary Trent,9,506,4366,2276,504,223,174,0.501,0.08,0.643,"Sep 22, 1974",Columbus,Ohio
Al Tucker,5,352,3541,1740,342,,,0.456,0.371,0.727,"Feb 24, 1943",Dayton,Ohio
Norm Van Lier,10,746,8770,3596,5217,767,71,0.414,,0.78,"Apr 1, 1947",East Liverpool,Ohio
Claude Virden,1,31,306,154,74,,,0.398,0,0.78,"Nov 25, 1947",Akron,Ohio
Granville Waiters,5,249,606,540,121,56,185,0.458,0,0.559,"Jan 8, 1961",Columbus,Ohio
Neal Walk,8,568,7157,4392,1214,140,105,0.459,,0.758,"Jul 29, 1948",Cleveland,Ohio
Samaki Walker,10,445,2376,2089,252,134,316,0.462,0.111,0.63,"Feb 25, 1976",Columbus,Ohio
Chuckie Williams,1,22,37,4,7,1,0,0.298,,0.75,"Dec 31, 1953",Columbus,Ohio
Herb Williams,18,1102,11944,6509,1856,605,1605,0.467,0.095,0.696,"Feb 16, 1958",Columbus,Ohio
Jawad Williams,3,90,340,133,56,22,8,0.369,0.313,0.719,"Feb 19, 1983",Cleveland,Ohio
Chris Wright,2,32,118,65,9,14,18,0.55,0,0.652,"Sep 30, 1988",Trotwood,Ohio
Rich Yonakor,1,10,33,27,3,1,2,0.538,,0.714,"Oct 3, 1958",Euclid,Ohio
Charles Beasley,4,281,2633,704,860,,,0.456,0.238,0.864,"Sep 23, 1945",Shawnee,Oklahoma
Ron Boone,13,1041,17437,4348,3842,823,123,0.461,0.304,0.837,"Sep 6, 1946",Oklahoma City,Oklahoma
Anthony Bowie,8,461,2945,1021,840,288,106,0.475,0.318,0.824,"Nov 9, 1963",Tulsa,Oklahoma
Joe Bradley,1,46,87,,36,,,0.269,,0.395,"Sep 24, 1928",Washington,Oklahoma
Antoine Carr,16,987,9176,3384,1086,361,925,0.503,0.13,0.78,"Jul 23, 1961",Oklahoma City,Oklahoma
Leroy Combs,1,48,218,56,38,23,18,0.497,0,0.615,"Jan 1, 1961",Oklahoma City,Oklahoma
Gene Conley,6,351,2069,2212,201,,,0.371,,0.657,"Nov 10, 1930",Muskogee,Oklahoma
Richard Dumas,3,102,1080,351,111,137,47,0.509,0.231,0.694,"May 19, 1969",Tulsa,Oklahoma
Mike Farmer,7,423,2816,1950,550,,,0.393,,0.814,"Sep 26, 1936",Oklahoma City,Oklahoma
J.R. Giddens,2,38,73,54,13,10,2,0.476,0,0.565,"Feb 13, 1985",Oklahoma City,Oklahoma
Blake Griffin,7,436,9352,4157,1777,424,259,0.519,0.266,0.666,"Mar 16, 1989",Oklahoma City,Oklahoma
Taylor Griffin,1,8,10,2,1,0,2,0.4,0,0.5,"Apr 18, 1986",Oklahoma City,Oklahoma
Carl Henry,1,28,78,19,4,5,0,0.463,0.4,0.706,"Aug 16, 1960",Hollis,Oklahoma
Ryan Humphrey,3,85,197,189,18,20,19,0.344,0,0.539,"Jul 24, 1979",Tulsa,Oklahoma
Darnell Jackson,3,138,308,203,26,24,11,0.449,0.235,0.644,"Nov 07, 1985",Oklahoma City,Oklahoma
Jim King,10,607,4377,1500,1412,,,0.418,,0.782,"Feb 7, 1941",Tulsa,Oklahoma
Stacey King,8,438,2819,1460,387,173,210,0.478,0.235,0.707,"Jan 29, 1967",Lawton,Oklahoma
Bud Koper,1,54,247,61,43,,,0.44,,0.833,"Aug 9, 1942",Rocky,Oklahoma
Lee Mayberry,7,496,2546,642,1767,352,43,0.415,0.377,0.659,"Jun 12, 1970",Tulsa,Oklahoma
Clint McDaniel,1,12,30,10,7,5,0,0.348,0.333,0.75,"Feb 26, 1972",Tulsa,Oklahoma
Tracy Moore,5,119,833,183,121,62,8,0.404,0.344,0.838,"Dec 28, 1965",Oklahoma City,Oklahoma
Willie Murrell,3,228,2988,1655,233,,,0.466,0.304,0.719,"Sep 13, 1941",Taft,Oklahoma
Daniel Orton,3,51,143,126,24,18,28,0.485,0,0.597,"Aug 06, 1990",Oklahoma City,Oklahoma
Brent Price,9,418,2481,684,1236,313,16,0.426,0.387,0.824,"Dec 9, 1968",Shawnee,Oklahoma
Mark Price,12,722,10989,1848,4863,860,76,0.472,0.402,0.904,"Feb 15, 1964",Bartlesville,Oklahoma
Hub Reed,7,479,2618,2449,367,,,0.436,,0.724,"Oct 4, 1936",Harrah,Oklahoma
Josh Richardson,2,71,538,167,114,50,33,0.422,0.393,0.682,"Sep 15, 1993",Edmond,Oklahoma
Ryan Robertson,1,1,5,0,0,0,0,0.333,0,1,"Oct 02, 1976",Lawton,Oklahoma
Shea Seals,1,4,4,4,0,1,0,0.125,0,0.5,"Aug 26, 1975",Tulsa,Oklahoma
John Starks,13,866,10829,2129,3085,951,106,0.412,0.34,0.769,"Aug 10, 1965",Tulsa,Oklahoma
Wayman Tisdale,12,840,12878,5117,1077,464,500,0.505,0,0.76,"Jun 9, 1964",Tulsa,Oklahoma
Ekpe Udoh,5,270,1072,860,179,124,324,0.429,0,0.72,"May 20, 1987",Edmond,Oklahoma
David Vaughn,4,118,341,361,36,31,48,0.423,0,0.638,"Mar 23, 1973",Tulsa,Oklahoma
Jake Voskuhl,9,450,1814,1539,237,148,166,0.487,0.333,0.714,"Nov 01, 1977",Tulsa,Oklahoma
Shelden Williams,6,361,1618,1562,163,179,164,0.462,0.222,0.74,"Oct 21, 1983",Oklahoma City,Oklahoma
Danny Ainge,14,1042,11964,2768,4199,1133,132,0.469,0.378,0.846,"Mar 17, 1959",Eugene,Oregon
Terrell Brandon,11,724,9994,2174,4407,1142,226,0.448,0.355,0.873,"May 20, 1970",Portland,Oregon
Ronnie Brewer,8,502,3940,1427,828,622,120,0.49,0.254,0.675,"Mar 20, 1985",Portland,Oregon
Will Conroy,3,16,7,11,16,0,0,0.136,0,0.125,"Dec 08, 1982",Portland,Oregon
Mel Counts,12,789,6516,4756,1100,85,74,0.435,,0.764,"Oct 16, 1941",Coos Bay,Oregon
Josh Davis,4,67,156,115,19,17,5,0.373,0.329,0.724,"Aug 10, 1980",Salem,Oregon
Dan Dickau,6,300,1745,405,752,164,11,0.401,0.341,0.831,"Sep 16, 1978",Portland,Oregon
Dave Gambee,12,750,7935,3891,757,,,0.42,,0.822,"Apr 16, 1937",Portland,Oregon
Thomas Gardner,2,20,45,11,3,4,1,0.305,0.2,0.333,"Feb 08, 1985",Portland,Oregon
Jerami Grant,3,170,1342,630,226,110,223,0.404,0.296,0.622,"Mar 12, 1994",Portland,Oregon
A.C. Green,16,1278,12331,9473,1400,1033,546,0.494,0.254,0.734,"Oct 4, 1963",Portland,Oregon
Bruce Hale,3,142,1297,49,424,,,0.333,,0.763,"Aug 30, 1918",Medford,Oregon
Luke Jackson,4,73,252,89,58,24,3,0.357,0.36,0.732,"Nov 06, 1981",Eugene,Oregon
Jim Jarvis,2,125,728,235,152,,,0.374,0.326,0.803,"Mar 3, 1943",Roseburg,Oregon
Terrence Jones,5,208,2173,1203,213,129,247,0.505,0.297,0.624,"Jan 09, 1992",Portland,Oregon
Aaron Miles,1,19,16,14,24,4,1,0.333,,1,"Apr 13, 1983",Portland,Oregon
Mike Newlin,11,837,12507,2494,3364,702,58,0.466,0.302,0.87,"Jan 2, 1949",Portland,Oregon
Terrence Ross,5,336,3161,862,290,239,100,0.424,0.38,0.808,"Feb 05, 1991",Portland,Oregon
Domantas Sabonis,1,29,177,101,37,17,12,0.435,0.424,0.5,"May 03, 1996",Portland,Oregon
Kyle Singler,5,327,2251,989,264,196,108,0.419,0.365,0.796,"May 04, 1988",Medford,Oregon
Charlie Sitton,1,43,91,60,26,7,6,0.415,0,0.52,"Jul 3, 1962",McMinnville,Oregon
Damon Stoudamire,13,878,11763,3039,5371,953,81,0.406,0.357,0.833,"Sep 03, 1973",Portland,Oregon
Salim Stoudamire,3,157,1260,214,164,55,10,0.407,0.366,0.882,"Oct 11, 1982",Portland,Oregon
Ime Udoka,7,316,1635,926,308,208,54,0.417,0.356,0.705,"Aug 09, 1977",Portland,Oregon
Chico Vaughn,8,491,5822,1224,1024,,,0.392,0.301,0.738,"Feb 19, 1940",Portland,Oregon
Richard Washington,6,351,3456,2204,409,224,277,0.453,0.25,0.711,"Jul 15, 1955",Portland,Oregon
Kyle Wiltjer,1,6,10,5,0,0,0,0.5,0.5,0.5,"Oct 20, 1992",Portland,Oregon
John Abramovic,2,56,533,,37,,,0.237,,0.686,"Feb 9, 1919",Etna,Pennsylvania
Jerome Allen,2,117,336,123,201,52,9,0.35,0.317,0.63,"Jan 28, 1973",Philadelphia,Pennsylvania
Lavoy Allen,6,353,1712,1692,353,109,198,0.467,0.133,0.68,"Feb 04, 1989",Morrisville,Pennsylvania
Michael Anderson,1,36,204,89,153,44,3,0.417,0.143,0.695,"Mar 23, 1966",Philadelphia,Pennsylvania
Paul Arizin*,10,713,16266,6129,1665,,,0.421,,0.81,"Apr 9, 1928",Philadelphia,Pennsylvania
Don Asmonga,1,7,5,1,5,,,0.133,,1,"Feb 15, 1928",West Mifflin,Pennsylvania
Jim Baechtold,5,321,3123,1009,685,,,0.388,,0.783,"Dec 9, 1927",McKeesport,Pennsylvania
Jimmie Baker,1,5,6,14,4,0,3,0.2,,0,"Dec 25, 1953",Philadelphia,Pennsylvania
Gene Banks,6,468,5305,2718,1335,436,101,0.539,0.043,0.73,"May 15, 1959",Philadelphia,Pennsylvania
Mike Bantom,9,706,8568,4517,1623,630,478,0.468,0.2,0.692,"Dec 3, 1951",Philadelphia,Pennsylvania
Jerry Baskerville,1,21,26,28,3,6,5,0.308,,0.625,"Nov 10, 1951",Philadelphia,Pennsylvania
Johnny Baum,5,244,1498,666,141,36,16,0.48,0,0.758,"Jun 17, 1946",Philadelphia,Pennsylvania
Ernie Beck,7,371,2325,1191,669,,,0.383,,0.762,"Dec 11, 1931",Philadelphia,Pennsylvania
Mel Bennett,5,204,1402,952,204,129,98,0.382,0,0.609,"Jan 4, 1955",Pittsburgh,Pennsylvania
Del Beshore,2,69,244,63,139,58,5,0.352,0.385,0.667,"Nov 29, 1956",Mechanicsburg,Pennsylvania
Nate Blackwell,1,10,37,6,18,3,0,0.366,0.182,0.833,"Feb 15, 1965",Philadelphia,Pennsylvania
DeJuan Blair,7,424,2865,2153,349,316,127,0.524,0,0.608,"Apr 22, 1989",Pittsburgh,Pennsylvania
Nelson Bobb,4,227,1052,405,488,,,0.35,,0.612,"Feb 25, 1924",Philadelphia,Pennsylvania
Sam Bowie,10,511,5564,3845,1075,263,909,0.452,0.302,0.748,"Mar 17, 1961",Lebanon,Pennsylvania
Jim Brogan,2,121,619,182,222,75,22,0.444,0.267,0.748,"Feb 24, 1958",Ardmore,Pennsylvania
Michael Brooks,6,319,4086,2001,818,387,124,0.486,0.152,0.714,"Aug 17, 1958",Philadelphia,Pennsylvania
Myron Brown,1,4,9,3,6,1,0,0.667,0.333,,"Nov 3, 1969",McKees Rocks,Pennsylvania
Joe Bryant,8,606,5252,2441,1049,519,201,0.45,0.2,0.743,"Oct 19, 1954",Philadelphia,Pennsylvania
Kobe Bryant,20,1346,33643,7047,6306,1944,640,0.447,0.329,0.837,"Aug 23, 1978",Philadelphia,Pennsylvania
Rasual Butler,13,809,6092,1934,658,288,408,0.403,0.362,0.747,"May 23, 1979",Philadelphia,Pennsylvania
Larry Cannon,4,213,3545,620,772,7,4,0.411,0.257,0.76,"Apr 12, 1947",Philadelphia,Pennsylvania
Frank Card,5,306,2894,1721,372,,,0.461,0.176,0.632,"Dec 28, 1944",Philadelphia,Pennsylvania
Matt Carroll,10,459,3013,863,313,223,60,0.413,0.384,0.841,"Aug 28, 1980",Pittsburgh,Pennsylvania
Fred Carter,8,611,9271,2381,2122,371,65,0.425,,0.693,"Feb 14, 1945",Philadelphia,Pennsylvania
Ron Carter,2,59,176,64,34,19,10,0.429,,0.623,"Aug 31, 1956",Pittsburgh,Pennsylvania
Wilt Chamberlain*,14,1045,31419,23924,4643,,,0.54,,0.511,"Aug 21, 1936",Philadelphia,Pennsylvania
Len Chappell,10,670,6227,3431,503,,,0.452,,0.697,"Jan 31, 1941",Portage,Pennsylvania
Dionte Christmas,1,31,71,38,8,2,3,0.355,0.29,0.75,"Sep 15, 1986",Philadelphia,Pennsylvania
Mardy Collins,4,189,742,336,327,110,22,0.38,0.299,0.599,"Aug 04, 1984",Philadelphia,Pennsylvania
Sean Colson,1,13,15,6,10,1,0,0.25,0.2,0.5,"Jul 01, 1975",Philadelphia,Pennsylvania
Dallas Comegys,2,142,856,452,95,78,133,0.457,0,0.682,"Aug 17, 1964",Philadelphia,Pennsylvania
Chubby Cox,1,7,29,10,6,0,1,0.351,0,0.5,"Dec 29, 1955",Philadelphia,Pennsylvania
Pat Cummings,12,683,6529,3825,807,360,171,0.497,0,0.737,"Jul 11, 1956",Johnstown,Pennsylvania
Bob Davies*,7,462,6594,980,2250,,,0.378,,0.759,"Jan 15, 1920",Harrisburg,Pennsylvania
Brandon Davies,2,78,286,192,58,42,15,0.411,0.227,0.644,"Jul 25, 1991",Philadelphia,Pennsylvania
Brad Davis,15,961,7866,1738,4709,756,146,0.51,0.321,0.828,"Dec 17, 1955",Monaca,Pennsylvania
Emanual Davis,6,226,1100,440,396,167,29,0.394,0.352,0.787,"Aug 27, 1968",Philadelphia,Pennsylvania
Mickey Davis,6,309,1542,841,304,76,16,0.455,0,0.835,"Jun 16, 1950",Rochester,Pennsylvania
George Dempsey,5,315,1574,1125,711,,,0.407,,0.661,"Jul 19, 1929",Philadelphia,Pennsylvania
Charles Dudley,6,361,1908,1089,1230,284,13,0.497,,0.672,"Mar 5, 1950",Harrisburg,Pennsylvania
Ken Durrett,4,120,484,233,54,22,13,0.434,,0.637,"Dec 8, 1948",Pittsburgh,Pennsylvania
Wayne Ellington,8,464,3363,981,512,225,31,0.412,0.373,0.847,"Oct 29, 1987",Wynnewood,Pennsylvania
Tyreke Evans,8,436,7237,2127,2301,584,178,0.446,0.287,0.757,"Sep 19, 1989",Chester,Pennsylvania
Dave Feitl,5,275,1192,815,125,46,46,0.433,0,0.751,"Jun 8, 1962",Butler,Pennsylvania
Greg Fillmore,2,49,118,108,20,,,0.403,,0.467,"Mar 7, 1947",Philadelphia,Pennsylvania
Danny Fortson,10,440,3615,3184,301,182,94,0.472,0.167,0.785,"Mar 27, 1976",Philadelphia,Pennsylvania
Calvin Fowler,1,78,343,170,126,,,0.455,0.412,0.622,"Feb 11, 1940",Pittsburgh,Pennsylvania
Mike Gale,11,842,6203,2445,3146,1349,331,0.464,0.187,0.781,"Jul 18, 1950",Philadelphia,Pennsylvania
Jack George,8,506,5153,2129,2169,,,0.364,,0.704,"Nov 13, 1928",Swissvale,Pennsylvania
Gus Gerard,7,446,3765,1811,560,283,318,0.438,0.273,0.696,"Jul 27, 1953",Uniontown,Pennsylvania
Gorham Getchell,1,16,5,,0,,,0,,1,"Aug 14, 1920",Abington,Pennsylvania
Armen Gilliam,13,929,12700,6401,1088,676,607,0.489,0,0.776,"May 28, 1964",Pittsburgh,Pennsylvania
George Glamack,1,11,102,,19,,,0.248,,0.764,"Jun 7, 1918",Johnstown,Pennsylvania
Tom Gola*,10,698,7871,5617,2962,,,0.431,,0.76,"Jan 13, 1933",Philadelphia,Pennsylvania
Steve Goodrich,2,21,24,26,11,3,3,0.321,0.333,0.556,"Mar 18, 1976",Philadelphia,Pennsylvania
Paul Graham,3,179,1499,433,352,186,32,0.448,0.339,0.739,"Nov 28, 1967",Philadelphia,Pennsylvania
Paul Grant,2,16,29,18,3,2,1,0.448,,0.375,"Jan 06, 1974",Pittsburgh,Pennsylvania
Lynn Greer,1,41,167,27,53,17,1,0.433,0.346,0.844,"Oct 23, 1979",Philadelphia,Pennsylvania
Norm Grekin,1,1,0,0,0,,,,,,"Jun 22, 1930",Philadelphia,Pennsylvania
Eddie Griffin,5,303,2171,1744,236,105,518,0.377,0.315,0.671,"May 30, 1982",Philadelphia,Pennsylvania
Dick Groat,1,26,309,86,69,,,0.368,,0.79,"Nov 4, 1930",Wilkinsburg,Pennsylvania
Gene Guarilia,4,129,413,294,36,,,0.376,,0.611,"Sep 13, 1937",Duryea,Pennsylvania
Matt Guokas,10,735,4285,1446,2174,117,41,0.489,,0.727,"Feb 25, 1944",Philadelphia,Pennsylvania
Richard Hamilton,14,921,15708,2852,3125,714,131,0.449,0.346,0.852,"Feb 14, 1978",Coatesville,Pennsylvania
Herm Hedderick,1,5,4,4,2,,,0.222,,0,"Jan 10, 1930",Erie,Pennsylvania
Wayne Hightower,10,565,6568,3966,959,,,0.381,0,0.752,"Jan 14, 1940",Philadelphia,Pennsylvania
Simmie Hill,4,252,2449,1330,334,13,16,0.432,0.293,0.763,"Nov 14, 1946",Midland,Pennsylvania
Darrun Hilliard,2,57,229,65,44,16,2,0.394,0.364,0.732,"Apr 13, 1993",Bethlehem,Pennsylvania
Essie Hollis,1,25,69,45,6,11,1,0.4,,0.75,"May 16, 1955",Erie,Pennsylvania
Rondae Hollis-Jefferson,2,53,342,271,97,62,30,0.42,0.262,0.734,"Jan 03, 1995",Chester,Pennsylvania
Greg Howard,2,92,312,227,53,,,0.388,,0.697,"Jan 8, 1948",Pittsburgh,Pennsylvania
Mo Howard,1,32,152,39,42,17,8,0.485,,0.686,"Aug 25, 1954",Philadelphia,Pennsylvania
Tom Ingelsby,3,75,242,97,75,33,5,0.424,0.2,0.773,"Feb 12, 1951",Philadelphia,Pennsylvania
Mike Iuzzolino,2,122,1096,238,522,82,7,0.457,0.404,0.798,"Jan 22, 1968",Altoona,Pennsylvania
Marc Jackson,7,387,3238,1655,311,147,102,0.446,0.226,0.814,"Jan 16, 1975",Philadelphia,Pennsylvania
Buddy Jeannette*,3,139,997,,287,,,0.341,,0.781,"Sep 15, 1917",New Kensington,Pennsylvania
Ollie Johnson,10,690,5341,2280,1212,455,224,0.496,0.15,0.827,"May 11, 1949",Philadelphia,Pennsylvania
Stew Johnson,9,647,10538,4263,984,176,40,0.423,0.308,0.788,"Aug 19, 1944",Clairton,Pennsylvania
Askia Jones,1,11,45,11,16,6,0,0.341,0.167,0.813,"Dec 03, 1971",Philadelphia,Pennsylvania
Derrick Jones,1,2,3,0,0,0,0,1,,1,"Feb 15, 1997",Chester,Pennsylvania
Wali Jones,11,678,6672,1471,2099,48,3,0.409,0.24,0.802,"Feb 14, 1942",Philadelphia,Pennsylvania
George Karl,5,264,1703,369,795,232,20,0.465,0.222,0.78,"May 12, 1952",Penn Hills,Pennsylvania
D.J. Kennedy,1,2,12,7,3,2,0,0.417,0.5,0,"Nov 05, 1989",Pittsburgh,Pennsylvania
Pickles Kennedy,1,7,12,8,9,,,0.19,,0.667,"May 17, 1938",Philadelphia,Pennsylvania
Lari Ketner,2,25,34,34,2,4,3,0.406,,0.667,"Feb 01, 1977",Philadelphia,Pennsylvania
Michael Kidd-Gilchrist,5,230,2086,1429,286,152,175,0.463,0.226,0.696,"Sep 26, 1993",Philadelphia,Pennsylvania
Bo Kimble,3,105,574,162,98,41,14,0.386,0.291,0.728,"Apr 9, 1966",Philadelphia,Pennsylvania
Herm Klotz,1,11,15,,7,,,0.226,,0.333,"Oct 21, 1921",Philadelphia,Pennsylvania
Billy Knight,11,821,13901,4377,1862,834,143,0.507,0.284,0.827,"Jun 9, 1952",Braddock,Pennsylvania
Rob Kurz,1,40,157,81,20,14,19,0.389,0.395,0.8,"Mar 05, 1985",Philadelphia,Pennsylvania
Jim Lampley,1,1,3,5,0,1,0,0.333,,0.5,"Jul 2, 1960",Harrisburg,Pennsylvania
Stu Lantz,8,547,6782,1820,1566,121,18,0.435,,0.814,"Jul 13, 1946",Uniontown,Pennsylvania
Rich Laurel,1,10,24,10,3,3,1,0.323,,1,"Jul 11, 1954",Philadelphia,Pennsylvania
Jason Lawson,1,17,26,27,5,4,4,0.6,,0.8,"Sep 02, 1974",Philadelphia,Pennsylvania
Hal Lear,1,3,4,1,1,,,0.333,,,"Jan 31, 1935",Philadelphia,Pennsylvania
Jeff Lebo,1,4,6,4,3,2,0,0.286,,1,"Oct 5, 1966",Carlisle,Pennsylvania
Ralph Lewis,3,99,229,118,29,25,7,0.414,0.25,0.562,"Mar 28, 1963",Philadelphia,Pennsylvania
Bobby Lloyd,2,125,1127,220,229,,,0.407,0.385,0.872,"Jan 3, 1946",Upper Darby,Pennsylvania
Lewis Lloyd,7,388,5130,1192,1138,365,133,0.524,0.213,0.771,"Feb 22, 1959",Philadelphia,Pennsylvania
Kyle Lowry,11,681,9413,2752,3913,933,180,0.421,0.363,0.799,"Mar 25, 1986",Philadelphia,Pennsylvania
Maurice Lucas,14,1021,14857,9306,2498,803,659,0.471,0.143,0.765,"Feb 18, 1952",Pittsburgh,Pennsylvania
Pete Maravich*,10,658,15948,2747,3563,587,108,0.441,0.667,0.82,"Jun 22, 1947",Aliquippa,Pennsylvania
Jack Marin,11,849,12541,4405,1813,155,59,0.465,,0.843,"Oct 12, 1944",Sharon,Pennsylvania
Donyell Marshall,15,957,10716,6376,1305,790,848,0.435,0.35,0.731,"May 18, 1973",Reading,Pennsylvania
Eddie Mast,3,112,283,265,51,,,0.385,,0.604,"Oct 3, 1948",Philadelphia,Pennsylvania
Andre McCarter,3,103,392,95,172,37,0,0.431,0.25,0.725,"Aug 25, 1953",Philadelphia,Pennsylvania
T.J. McConnell,2,109,609,318,501,134,13,0.465,0.317,0.655,"Mar 25, 1992",Pittsburgh,Pennsylvania
Patrick McFarland,3,148,947,298,219,76,12,0.458,0.262,0.771,"Dec 7, 1951",Philadelphia,Pennsylvania
Aaron McKie,13,793,5871,2587,2126,912,164,0.438,0.35,0.779,"Oct 02, 1972",Philadelphia,Pennsylvania
Bob McNeill,2,125,575,179,327,,,0.394,,0.819,"Oct 22, 1938",Philadelphia,Pennsylvania
Bill Melchionni,9,646,6870,1284,3247,172,20,0.459,0.236,0.809,"Oct 19, 1944",Philadelphia,Pennsylvania
Red Mihalik,1,7,6,,0,,,0.333,,,"Sep 22, 1916",Ford City,Pennsylvania
Larry Miller,7,486,6595,2434,1155,57,6,0.432,0.248,0.724,"Apr 4, 1946",Allentown,Pennsylvania
Bill Mlkvy,1,31,181,101,62,,,0.305,,0.646,"Jan 19, 1931",Palmerton,Pennsylvania
Cuttino Mobley,11,747,11964,2902,2015,878,313,0.433,0.378,0.835,"Sep 01, 1975",Philadelphia,Pennsylvania
Earl Monroe*,13,926,17454,2796,3594,473,121,0.464,,0.807,"Nov 21, 1944",Philadelphia,Pennsylvania
Jackie Moore,3,134,365,338,67,,,0.391,,0.623,"Sep 24, 1932",Philadelphia,Pennsylvania
Johnny Moore,9,520,4890,1548,3866,1017,116,0.46,0.251,0.712,"Mar 3, 1958",Altoona,Pennsylvania
Marcus Morris,6,368,3827,1526,541,272,89,0.431,0.36,0.708,"Sep 02, 1989",Philadelphia,Pennsylvania
Markieff Morris,6,399,4620,2178,683,378,247,0.442,0.322,0.763,"Sep 02, 1989",Philadelphia,Pennsylvania
Ronald Murray,8,487,4817,1006,1096,404,100,0.414,0.304,0.725,"Jul 29, 1979",Philadelphia,Pennsylvania
Jameer Nelson,13,782,9267,2371,4068,710,58,0.437,0.367,0.813,"Feb 09, 1982",Chester,Pennsylvania
John Olive,2,35,44,20,3,4,0,0.31,,0.783,"Mar 1, 1955",Philadelphia,Pennsylvania
Doug Overton,11,499,2253,654,1038,202,19,0.412,0.319,0.816,"Aug 3, 1969",Philadelphia,Pennsylvania
Billy Owens,10,600,7026,4016,1704,569,321,0.481,0.291,0.629,"May 1, 1969",Carlisle,Pennsylvania
Andy Panko,1,1,0,0,0,0,0,,,,"Nov 27, 1977",Harrisburg,Pennsylvania
Barry Parkhill,3,173,970,224,386,87,30,0.399,0.114,0.769,"May 10, 1951",Philadelphia,Pennsylvania
Lamar Patterson,1,35,84,50,39,9,2,0.35,0.245,0.727,"Aug 12, 1991",Lancaster,Pennsylvania
Geoff Petrie,6,446,9732,1271,2057,247,33,0.455,,0.805,"Apr 17, 1948",Darby,Pennsylvania
James Phelan,1,4,3,5,2,,,0,,0.5,"Mar 19, 1929",Philadelphia,Pennsylvania
Tom Piotrowski,1,18,30,16,5,1,3,0.462,,1,"Oct 17, 1960",West Chester,Pennsylvania
Dave Popson,3,41,76,46,13,4,6,0.405,0,0.75,"May 17, 1964",Kingston,Pennsylvania
Stephen Previs,1,30,55,14,24,,,0.383,0.125,0.533,"Feb 9, 1950",Bethel Park,Pennsylvania
Jeremy Richardson,3,45,86,25,5,4,0,0.333,0.385,0.625,"Feb 11, 1984",Allentown,Pennsylvania
Pooh Richardson,10,639,7083,1807,4180,817,111,0.444,0.329,0.652,"May 14, 1966",Philadelphia,Pennsylvania
Dick Ricketts,3,212,1974,1337,447,,,0.328,,0.692,"Dec 4, 1933",Pottstown,Pennsylvania
Wilbert Robinson,1,45,389,79,132,51,9,0.413,0,0.851,"Dec 25, 1949",Uniontown,Pennsylvania
Guy Rodgers*,12,892,10415,3791,6917,,,0.378,,0.721,"Sep 1, 1935",Philadelphia,Pennsylvania
Malik Rose,13,813,5003,3371,684,487,293,0.437,0.177,0.743,"Nov 23, 1974",Philadelphia,Pennsylvania
Ron Rowan,1,7,12,1,1,4,0,0.444,1,0.75,"Apr 23, 1962",New Brighton,Pennsylvania
Jerry Rullo,4,95,271,,70,,,0.292,,0.591,"Jun 23, 1923",Philadelphia,Pennsylvania
John Salmons,13,895,8292,2603,2183,756,239,0.431,0.366,0.799,"Dec 12, 1979",Philadelphia,Pennsylvania
Ray Scott,11,811,11629,7979,1781,,,0.409,0.6,0.727,"Jul 12, 1938",Philadelphia,Pennsylvania
George Senesky,8,482,3455,878,1553,,,0.313,,0.702,"Apr 4, 1922",Mahanoy City,Pennsylvania
Mustafa Shakur,2,25,52,22,29,5,3,0.339,0.091,0.529,"Aug 18, 1984",Philadelphia,Pennsylvania
Lionel Simmons,7,454,5833,2833,1498,514,361,0.433,0.305,0.771,"Nov 14, 1968",Philadelphia,Pennsylvania
Sean Singletary,1,37,90,35,29,11,0,0.365,0.4,0.857,"Sep 06, 1985",Philadelphia,Pennsylvania
Steven Smith,1,8,5,6,0,1,0,0.25,,0.5,"Apr 12, 1983",Philadelphia,Pennsylvania
Mike Sojourner,3,191,1658,1237,172,88,106,0.48,,0.671,"Oct 16, 1953",Philadelphia,Pennsylvania
Willard Sojourner,4,309,1868,1488,227,40,152,0.486,0.167,0.684,"Sep 10, 1948",Philadelphia,Pennsylvania
Willie Somerset,3,143,3129,652,514,,,0.425,0.28,0.808,"Mar 17, 1942",Sharon,Pennsylvania
Art Spector,4,169,852,,143,,,0.28,,0.575,"Oct 17, 1920",Philadelphia,Pennsylvania
Erv Staggs,1,53,453,122,76,,,0.399,0.286,0.64,,Philadelphia,Pennsylvania
Keith Starr,1,17,14,10,6,1,0,0.25,,1,"Mar 14, 1954",Sewickley,Pennsylvania
Larry Stewart,5,270,2005,1077,338,147,106,0.509,0.205,0.753,"Sep 21, 1968",Philadelphia,Pennsylvania
Maurice Stokes*,3,202,3315,3492,1062,,,0.351,,0.698,"Jun 17, 1933",Pittsburgh,Pennsylvania
Bob Sura,10,657,5654,2240,2474,641,142,0.414,0.325,0.689,"Mar 25, 1973",Wilkes-Barre,Pennsylvania
George Sutor,3,79,380,404,30,,,0.341,0,0.595,"Sep 14, 1943",Philadelphia,Pennsylvania
Walt Szczerbiak,1,53,333,150,41,,,0.629,0,0.66,"Aug 21, 1949",Pittsburgh,Pennsylvania
Dave Twardzik,8,536,4977,1286,1823,650,46,0.527,0.245,0.821,"Sep 20, 1950",Hershey,Pennsylvania
Jack Twyman*,11,823,15840,5424,1861,,,0.45,,0.778,"May 11, 1934",Pittsburgh,Pennsylvania
Stephen Vacendak,3,83,824,238,194,,,0.39,0.2,0.754,"Aug 15, 1944",Scranton,Pennsylvania
Dion Waiters,5,305,3936,793,772,308,79,0.41,0.335,0.704,"Dec 10, 1991",Philadelphia,Pennsylvania
Horace Walker,1,65,438,466,69,,,0.339,,0.725,"Apr 17, 1937",Chester,Pennsylvania
Phil Walker,1,40,178,52,54,14,5,0.354,,0.667,"Mar 20, 1956",Philadelphia,Pennsylvania
Wally Walker,8,565,3968,1759,844,216,111,0.467,0.2,0.643,"Jul 18, 1954",Millersville,Pennsylvania
Rasheed Wallace,16,1109,16006,7404,1994,1090,1460,0.467,0.336,0.721,"Sep 17, 1974",Philadelphia,Pennsylvania
Matt Walsh,1,2,2,0,0,0,0,1,,0,"Dec 02, 1982",Holland,Pennsylvania
Hakim Warrick,8,526,4947,2117,400,218,154,0.49,0.191,0.726,"Jul 08, 1982",Philadelphia,Pennsylvania
Jim Washington,11,774,8168,6637,1105,83,100,0.449,,0.705,"Jul 1, 1943",Philadelphia,Pennsylvania
Trooper Washington,6,426,4499,4271,1027,,,0.532,0.333,0.615,"Apr 21, 1944",Philadelphia,Pennsylvania
Maalik Wayns,2,29,78,9,29,8,0,0.3,0.226,0.895,"May 02, 1991",Philadelphia,Pennsylvania
Brant Weidner,1,8,8,11,0,0,2,0.222,,1,"Oct 28, 1960",Orefield,Pennsylvania
Bob Weiss,12,783,5989,1398,2931,287,52,0.428,,0.828,"May 7, 1942",Easton,Pennsylvania
Doug West,12,676,6477,1670,1292,459,189,0.481,0.191,0.801,"May 27, 1967",Altoona,Pennsylvania
Rodney White,4,218,1540,485,237,118,65,0.424,0.314,0.749,"Jun 28, 1980",Philadelphia,Pennsylvania
Alvin Williams,9,460,4161,1140,1877,549,109,0.421,0.313,0.76,"Aug 06, 1974",Philadelphia,Pennsylvania
Earl Williams,4,146,664,814,126,62,62,0.432,,0.475,"Mar 24, 1951",Levittown,Pennsylvania
Hank Williams,1,39,163,89,25,14,4,0.436,0.136,0.783,"Apr 28, 1952",Norristown,Pennsylvania
Isaiah Wilson,2,78,357,86,113,,,0.39,0.375,0.767,"May 31, 1948",Philadelphia,Pennsylvania
Luke Witte,3,118,372,357,60,13,45,0.402,,0.685,"Oct 19, 1950",Philadelphia,Pennsylvania
Randy Woods,4,151,356,93,257,85,4,0.34,0.305,0.683,"Sep 23, 1970",Philadelphia,Pennsylvania
Dennis Wuycik,3,157,684,323,128,22,5,0.46,0.143,0.672,"Mar 29, 1950",Ambridge,Pennsylvania
Marvin Barnes,6,315,5034,2873,651,365,438,0.481,0.214,0.691,"Jul 27, 1952",Providence,Rhode Island
Ernie Calverley,3,165,1961,,572,,,0.291,,0.707,"Jan 30, 1924",Pawtucket,Rhode Island
Ernie DiGregorio,5,312,2997,610,1594,190,14,0.415,,0.902,"Jan 15, 1951",North Providence,Rhode Island
Tom Garrick,4,251,1359,501,853,266,22,0.469,0.083,0.775,"Jul 7, 1966",West Warwick,Rhode Island
Joe Hassett,6,292,1723,307,386,126,17,0.421,0.336,0.861,"Sep 11, 1955",Providence,Rhode Island
Ricky Ledo,2,28,109,38,21,7,1,0.336,0.371,0.769,"Sep 10, 1992",Providence,Rhode Island
Owen Wells,1,33,99,35,22,9,3,0.42,,0.682,"Dec 9, 1950",Providence,Rhode Island
Willie Anderson,9,555,6771,2082,2105,594,342,0.471,0.266,0.786,"Jan 8, 1967",Greenville,South Carolina
Jim Barnett,11,732,8536,2259,2232,131,30,0.435,,0.797,"Jul 7, 1944",Greenville,South Carolina
Leon Benbow,2,115,628,214,183,73,17,0.394,,0.759,"Jul 23, 1950",Columbia,South Carolina
Trevor Booker,7,419,2803,2273,408,299,240,0.516,0.301,0.622,"Nov 25, 1987",Newberry,South Carolina
Winford Boynes,3,177,1478,363,207,125,42,0.435,0,0.783,"May 17, 1957",Greenville,South Carolina
Kevin Brooks,3,126,417,141,48,18,6,0.401,0.2,0.859,"Oct 12, 1969",Beaufort,South Carolina
Kwame Brown,12,607,4035,3333,554,324,376,0.492,0.111,0.57,"Mar 10, 1982",Charleston,South Carolina
Pete Chilcutt,9,584,2494,1935,488,267,210,0.441,0.381,0.696,"Sep 14, 1968",Sumter,South Carolina
Tyrone Corbin,16,1065,9766,5046,1894,1228,270,0.456,0.299,0.791,"Dec 31, 1962",Columbia,South Carolina
Michael Dickerson,5,212,3257,609,553,213,85,0.432,0.402,0.784,"Jun 25, 1975",Greenville,South Carolina
Alex English*,15,1193,25613,6538,4351,1067,833,0.507,0.217,0.832,"Jan 5, 1954",Columbia,South Carolina
Raymond Felton,12,803,9750,2506,4687,1039,171,0.412,0.329,0.789,"Jun 26, 1984",Marion,South Carolina
Kevin Garnett,21,1462,26071,14662,5445,1859,2037,0.497,0.275,0.789,"May 19, 1976",Mauldin,South Carolina
Mike Gibson,2,64,101,106,14,13,11,0.387,,0.679,"Oct 27, 1960",Williamsburg County,South Carolina
Tom Henderson,9,650,6088,1494,3136,760,76,0.433,0,0.739,"Jan 26, 1952",Newberry,South Carolina
Harold Jamison,2,37,72,60,10,7,2,0.46,,0.424,"Nov 20, 1976",Orangeburg,South Carolina
Anthony Johnson,13,793,4432,1358,2274,551,92,0.414,0.356,0.745,"Oct 02, 1974",Charleston,South Carolina
Clyde Mayes,2,74,297,279,40,9,46,0.446,,0.567,"Mar 17, 1953",Greenville,South Carolina
Xavier McDaniel,12,870,13606,5313,1775,791,416,0.485,0.261,0.718,"Jun 4, 1963",Columbia,South Carolina
Dean Meminger,6,416,2552,1086,1046,242,28,0.475,,0.627,"May 13, 1948",Walterboro,South Carolina
Khris Middleton,4,267,3644,1009,710,351,54,0.449,0.4,0.873,"Aug 12, 1991",Charleston,South Carolina
Lowes Moore,3,112,752,227,316,89,19,0.442,0.2,0.75,"May 5, 1957",Plymouth,South Carolina
Mikki Moore,13,564,3257,2196,409,179,306,0.551,0.154,0.743,"Nov 04, 1975",Orangeburg,South Carolina
Larry Nance,13,920,15687,7352,2393,872,2027,0.546,0.145,0.755,"Feb 12, 1959",Anderson,South Carolina
Jermaine O'Neal,18,1011,13309,7261,1369,470,1820,0.467,0.147,0.715,"Oct 13, 1978",Columbia,South Carolina
Josh Powell,7,316,1226,932,161,49,68,0.438,0.35,0.743,"Jan 25, 1983",Charleston,South Carolina
Laron Profit,4,135,441,209,166,70,25,0.419,0.236,0.712,"Aug 05, 1977",Charleston,South Carolina
Clifford Ray,10,784,5821,6953,1728,501,638,0.524,0,0.588,"Jan 21, 1949",Union,South Carolina
Stanley Roberts,8,300,2555,1549,189,110,385,0.499,0,0.514,"Feb 07, 1970",Hopkins,South Carolina
Ramon Sessions,10,642,6870,1771,2688,448,50,0.437,0.314,0.79,"Apr 11, 1986",Myrtle Beach,South Carolina
John Shumate,5,318,3920,2388,574,323,224,0.516,0,0.72,"Apr 6, 1952",Greenville,South Carolina
Levern Tart,4,274,5316,1374,830,,,0.445,0.253,0.784,"Jun 1, 1942",Marion,South Carolina
Jayson Williams,9,475,3472,3584,287,204,301,0.44,0.125,0.606,"Feb 22, 1968",Ritter,South Carolina
Travis Williams,2,47,151,111,22,20,6,0.47,0,0.54,"May 27, 1969",Columbia,South Carolina
Leon Wood,6,274,1742,316,867,127,4,0.392,0.326,0.792,"March 25, 1962",Columbia,South Carolina
Ray Ellefson,2,6,6,8,0,,,0.111,,1,"November 18, 1922",Brookings,South Dakota
Mike Miller,17,1016,10954,4342,2648,571,229,0.459,0.407,0.769,"Feb 19, 1980",Mitchell,South Dakota
Med Park,5,313,1924,967,532,,,0.379,,0.728,"Apr 11, 1933",Britton,South Dakota
Jared Reiner,2,46,54,109,14,8,13,0.342,,0.286,"Apr 08, 1982",Tripp,South Dakota
Jon Sundvold,9,502,3886,554,1469,220,5,0.452,0.392,0.849,"Jul 2, 1961",Sioux Falls,South Dakota
Vincent Askew,9,467,3311,1176,1017,304,106,0.479,0.3,0.754,"Feb 28, 1966",Memphis,Tennessee
Corey Beck,3,88,241,125,123,43,9,0.451,0.6,0.684,"May 27, 1971",Memphis,Tennessee
William Bedford,6,238,964,573,109,37,126,0.416,0.318,0.605,"Dec 14, 1963",Memphis,Tennessee
Tarik Black,3,126,647,646,72,41,56,0.553,0,0.571,"Nov 22, 1991",Memphis,Tennessee
Corey Brewer,10,659,6295,1938,1076,861,187,0.423,0.285,0.711,"Mar 05, 1986",Portland,Tennessee
Antonio Burks,2,81,186,49,104,33,1,0.387,0.235,0.571,"Feb 25, 1980",Memphis,Tennessee
Mike Butler,4,245,2158,375,504,,,0.393,0.289,0.866,"Oct 22, 1946",Memphis,Tennessee
Derrick Byars,1,2,10,11,1,2,0,0.273,0,1,"Apr 25, 1984",Memphis,Tennessee
Rodney Carney,5,299,1778,588,132,159,100,0.422,0.338,0.704,"Apr 15, 1984",Memphis,Tennessee
Carlos Clark,2,93,223,86,65,43,3,0.407,0,0.803,"Aug 10, 1960",Somerville,Tennessee
Ian Clark,4,145,550,140,123,46,22,0.445,0.377,0.8,"Mar 07, 1991",Memphis,Tennessee
Coty Clarke,1,3,6,1,0,0,0,0.5,1,,"Jul 04, 1992",Antioch,Tennessee
Lester Conner,12,687,4337,1861,2669,1085,64,0.453,0.202,0.753,"Sep 17, 1959",Memphis,Tennessee
Charles Davis,8,415,2214,1008,309,127,74,0.451,0.17,0.737,"Oct 5, 1958",Nashville,Tennessee
Tony Delk,10,545,4957,1351,1024,447,77,0.408,0.343,0.769,"Jan 28, 1974",Covington,Tennessee
Larry Finch,2,128,1106,217,301,78,7,0.431,0.342,0.829,"Feb 16, 1951",Memphis,Tennessee
Chris Garner,2,46,72,36,63,28,5,0.28,0.19,0.615,"Feb 02, 1975",Memphis,Tennessee
Calvin Garrett,4,166,855,436,242,94,18,0.457,0.3,0.767,"Jul 11, 1956",Parsons,Tennessee
Sylvester Gray,1,55,440,286,117,36,25,0.42,0.25,0.673,"Jul 8, 1967",Millington,Tennessee
Marcus Haislip,4,89,311,131,16,15,34,0.437,0.35,0.659,"Dec 22, 1980",Lewisburg,Tennessee
Steve Hamer,1,35,76,60,7,2,4,0.526,0,0.552,"Nov 13, 1973",Memphis,Tennessee
Anfernee Hardaway,14,704,10684,3146,3525,1125,312,0.458,0.316,0.774,"Jul 18, 1971",Memphis,Tennessee
Bob Harris,5,325,2209,1824,502,,,0.385,,0.628,"Mar 16, 1927",Linden,Tennessee
David Harrison,4,189,949,549,47,64,185,0.53,,0.525,"Aug 15, 1982",Nashville,Tennessee
Trenton Hassell,9,644,3741,1826,1132,282,272,0.445,0.318,0.765,"Mar 04, 1979",Clarksville,Tennessee
Kirk Haston,2,27,32,27,8,0,6,0.232,0,0.5,"Mar 10, 1979",Loblesville,Tennessee
Cedric Henderson,5,260,1885,755,419,228,111,0.436,0.14,0.715,"Mar 11, 1975",Memphis,Tennessee
Keith Herron,3,124,1219,242,174,105,30,0.438,0.167,0.858,"Jun 14, 1956",Memphis,Tennessee
Paul Hogue,2,65,409,461,48,,,0.365,,0.448,"Apr 28, 1940",Knoxville,Tennessee
Otis Howard,1,14,59,41,5,2,2,0.429,,0.478,"Nov 5, 1956",Oak Ridge,Tennessee
Bailey Howell*,12,950,17770,9383,1853,,,0.48,,0.762,"Jan 20, 1937",Middleton,Tennessee
Lester Hudson,4,57,268,77,71,32,8,0.375,0.277,0.806,"Aug 07, 1984",Memphis,Tennessee
Les Hunter,7,468,5735,3224,752,,,0.443,0.199,0.699,"Aug 16, 1942",Nashville,Tennessee
Abdul Jeelani,2,143,1290,500,160,84,71,0.473,0,0.802,"Feb 10, 1954",Bells,Tennessee
John Jenkins,5,145,734,213,116,31,12,0.448,0.364,0.849,"Mar 06, 1991",Nashville,Tennessee
Dontae' Jones,1,15,44,9,5,2,3,0.333,0.261,,"Jun 02, 1975",Nashville,Tennessee
Popeye Jones,11,535,3726,3981,696,300,161,0.447,0.281,0.751,"Jun 17, 1970",Dresden,Tennessee
Rich Jones,8,508,7922,3759,1394,277,77,0.42,0.303,0.769,"Dec 27, 1946",Memphis,Tennessee
Clyde Lee,10,742,5733,7626,788,80,64,0.432,,0.614,"Mar 14, 1944",Nashville,Tennessee
Bill Ligon,1,38,126,26,25,8,9,0.385,,0.64,"May 29, 1952",Nashville,Tennessee
Ryan Lorthridge,1,37,272,71,101,28,1,0.475,0.214,0.648,"Jul 27, 1972",Nashville,Tennessee
Malcolm Mackey,1,22,32,24,1,0,3,0.378,0,0.5,"Jul 11, 1970",Chattanooga,Tennessee
Ted McClain,8,555,4669,1627,1909,821,82,0.449,0.218,0.767,"Aug 30, 1946",Nashville,Tennessee
Hank McDowell,6,206,600,464,98,34,29,0.451,0,0.71,"Nov 13, 1959",Memphis,Tennessee
Darnell Mee,2,40,76,36,18,16,13,0.312,0.222,0.444,"Feb 11, 1971",Cleveland,Tennessee
Ron Mercer,8,432,5892,1342,921,456,113,0.429,0.25,0.808,"May 18, 1976",Nashville,Tennessee
Johnny Neumann,7,455,6022,1234,1345,226,74,0.433,0.269,0.764,"Sep 11, 1951",Memphis,Tennessee
Cameron Payne,1,57,283,85,108,36,6,0.41,0.324,0.792,"Aug 08, 1994",Memphis,Tennessee
Elliot Perry,10,549,3449,742,1699,574,20,0.459,0.359,0.783,"Mar 28, 1969",Memphis,Tennessee
Don Ray,1,61,364,,60,,,0.323,,0.698,"Jul 8, 1921",Mt. Juliet,Tennessee
J.J. Redick,11,640,7475,1205,1192,287,43,0.449,0.414,0.888,"Jun 24, 1984",Cookeville,Tennessee
Rick Roberson,7,423,3826,3522,591,90,80,0.44,,0.585,"Jul 7, 1947",Memphis,Tennessee
Anthony Roberts,5,213,1658,837,265,89,13,0.412,0,0.699,"Apr 15, 1955",Chattanooga,Tennessee
Oscar Robertson*,14,1040,26710,7804,9887,77,4,0.485,,0.838,"Nov 24, 1938",Charlotte,Tennessee
Ronnie Robinson,2,72,437,308,53,25,9,0.444,0,0.671,"Mar 9, 1951",Memphis,Tennessee
Doug Roth,1,42,81,120,20,8,13,0.43,0,0.5,"Aug 24, 1967",Knoxville,Tennessee
Campy Russell,9,566,8953,2696,1684,594,114,0.459,0.366,0.772,"Jan 12, 1952",Jackson,Tennessee
Alvin Scott,8,627,3088,1992,847,404,371,0.481,0.2,0.733,"Sep 14, 1955",Cleveland,Tennessee
McKinley Singleton,1,2,4,0,1,0,0,0.667,0,,"Oct 29, 1961",Memphis,Tennessee
Bingo Smith,11,865,10882,3630,1734,431,167,0.449,0.284,0.798,"Feb 26, 1946",Memphis,Tennessee
Ryan Stack,2,43,99,79,10,6,22,0.352,0,0.787,"Jul 24, 1975",Nashville,Tennessee
Jarnell Stokes,3,28,67,40,7,7,5,0.581,,0.531,"Jan 07, 1994",Memphis,Tennessee
Johnny Taylor,3,54,256,120,26,32,20,0.402,0.394,0.718,"Jun 04, 1974",Chattanooga,Tennessee
Adonis Thomas,1,6,14,3,3,0,0,0.429,0.2,1,"Mar 25, 1993",Memphis,Tennessee
Paul Thompson,3,154,1374,533,224,141,79,0.432,0.21,0.792,"May 25, 1961",Smyrna,Tennessee
Andre Turner,6,170,767,263,535,137,3,0.422,0.237,0.764,"Dec 13, 1964",Memphis,Tennessee
Elston Turner,8,505,2397,1375,914,442,27,0.432,0.152,0.714,"Jun 10, 1959",Knoxville,Tennessee
David Vaughn,2,93,998,913,135,79,128,0.421,0,0.549,"Jun 4, 1952",Nashville,Tennessee
Dwight Waller,3,20,40,53,6,,,0.378,0,0.462,"Oct 5, 1945",Brownsville,Tennessee
Willie White,2,82,302,80,82,23,4,0.432,0.313,0.741,"Aug 20, 1962",Memphis,Tennessee
Ron Widby,1,20,58,45,4,,,0.386,0,0.571,"Mar 9, 1945",Knoxville,Tennessee
James Wilkes,3,114,547,274,104,58,31,0.463,0,0.723,"Apr 1, 1958",Nashville,Tennessee
Elliot Williams,4,109,537,161,94,45,6,0.421,0.31,0.669,"Jun 20, 1989",Memphis,Tennessee
Lou Williams,12,732,9187,1511,2143,656,127,0.417,0.343,0.821,"Oct 27, 1986",Memphis,Tennessee
Shawne Williams,7,314,1769,945,220,127,156,0.403,0.339,0.755,"Feb 16, 1986",Memphis,Tennessee
Michael Wilson,3,32,108,36,45,15,5,0.438,0,0.75,"Sep 15, 1959",Memphis,Tennessee
Qyntel Woods,4,167,691,385,105,71,28,0.452,0.357,0.603,"Feb 16, 1981",Memphis,Tennessee
Brandan Wright,8,372,2648,1387,171,174,379,0.608,0,0.677,"Oct 05, 1987",Nashville,Tennessee
Lorenzen Wright,13,778,6191,4943,622,471,572,0.459,0.069,0.645,"Nov 04, 1975",Memphis,Tennessee
Vincent Yarbrough,1,59,406,162,130,57,33,0.393,0.269,0.79,"Mar 21, 1981",Cleveland,Tennessee
Stephen Zimmerman,1,4,4,6,1,0,0,0.4,,0,"Sep 09, 1996",Hendersonville,Tennessee
Quincy Acy,5,225,1005,790,134,92,87,0.494,0.323,0.749,"Oct 06, 1990",Tyler,Texas
LaMarcus Aldridge,11,747,14308,6238,1419,583,765,0.487,0.274,0.803,"Jul 19, 1985",Dallas,Texas
Greg Anderson,10,680,4953,4246,385,480,590,0.492,0.087,0.557,"Jun 22, 1964",Houston,Texas
Jay Arnette,3,114,424,116,139,,,0.365,,0.76,"Dec 19, 1938",Austin,Texas
Darrell Arthur,8,456,3026,1665,373,285,287,0.444,0.326,0.762,"Mar 25, 1988",Dallas,Texas
Chris Babb,1,14,22,17,3,6,0,0.267,0.222,,"Feb 14, 1990",Arlington,Texas
Tom Barker,2,98,639,520,75,43,52,0.422,,0.692,"Mar 11, 1955",Harlingen,Texas
Maceo Baston,4,105,286,175,26,24,43,0.616,0.375,0.74,"May 29, 1975",Corsicana,Texas
Tony Battie,14,837,5082,4287,522,420,713,0.488,0.162,0.69,"Feb 11, 1976",Dallas,Texas
John Beasley,7,506,6909,4257,602,7,10,0.491,0.316,0.831,"Feb 5, 1944",Texarkana,Texas
Zelmo Beaty*,12,889,15207,9665,1365,107,172,0.494,0.154,0.771,"Oct 25, 1939",Hillister,Texas
Mario Bennett,4,68,269,182,24,31,22,0.534,0.333,0.511,"Aug 01, 1973",Denton,Texas
Lance Blanks,3,142,289,110,117,39,8,0.436,0.253,0.667,"Sep 9, 1966",Del Rio,Texas
Mookie Blaylock,13,889,11962,3659,5972,2075,300,0.409,0.336,0.736,"Mar 20, 1967",Garland,Texas
Chris Bosh,13,893,17189,7592,1795,730,932,0.494,0.335,0.799,"Mar 24, 1984",Dallas,Texas
Nate Bowman,6,261,745,878,175,,,0.388,0,0.529,"Mar 19, 1943",Fort Worth,Texas
Price Brookfield,2,61,476,,137,,,0.283,,0.739,"May 11, 1920",Floydada,Texas
David Burns,1,9,23,5,15,3,0,0.438,,0.6,"Jul 3, 1958",Dallas,Texas
Jimmy Butler,6,351,5075,1639,957,487,160,0.446,0.329,0.823,"Sep 14, 1989",Houston,Texas
Adrian Caldwell,6,197,390,496,33,56,41,0.485,0,0.453,"Jul 4, 1966",Falls County,Texas
Joe Caldwell,11,782,12619,4117,2647,385,45,0.466,0.225,0.572,"Nov 1, 1941",Texas City,Texas
Mack Calvin,11,755,12172,1923,3617,485,24,0.447,0.245,0.863,"Jul 27, 1947",Fort Worth,Texas
Jimmy Carruth,1,4,5,4,0,0,2,0.667,,1,"Nov 4, 1969",El Paso,Texas
Ron Cavenall,2,58,84,168,19,12,44,0.337,,0.545,"Apr 30, 1959",Beaumont,Texas
John Celestand,1,16,37,11,20,7,0,0.333,0.222,0.833,"Mar 06, 1977",Houston,Texas
Bill Closs,3,186,1669,605,346,,,0.315,,0.718,"Jan 8, 1922",Edge,Texas
Joe Cooper,3,24,109,97,19,11,21,0.506,,0.543,"Sep 1, 1957",Houston,Texas
Dwight Davis,5,340,2936,1991,529,139,149,0.423,,0.73,"Oct 28, 1949",Houston,Texas
Walt Davis,5,325,1558,1397,231,,,0.377,,0.695,"Jan 5, 1931",Beaumont,Texas
Willie Davis,1,8,18,13,2,,,0.467,,0.5,"Aug 9, 1945",Fairfield,Texas
Eric Dawson,1,4,15,10,0,1,2,0.583,,0.5,"Jul 07, 1984",San Antonio,Texas
Michael Doleac,10,587,2882,1955,343,200,209,0.439,0.125,0.791,"Jun 15, 1977",San Antonio,Texas
Mike Dunleavy,15,953,10859,4134,2153,709,319,0.441,0.375,0.803,"Sep 15, 1980",Fort Worth,Texas
Pat Durham,2,64,323,108,57,37,33,0.469,0.192,0.667,"Mar 10, 1967",Dallas,Texas
Craig Ehlo,14,873,7492,3139,2456,989,232,0.453,0.369,0.689,"Aug 11, 1961",Lubbock,Texas
Andre Emmett,2,14,20,8,1,2,1,0.462,0,0.615,"Aug 27, 1982",Dallas,Texas
Earl Evans,1,36,157,75,37,14,1,0.45,0.389,0.571,"Nov 11, 1955",Port Arthur,Texas
Alton Ford,3,73,186,124,11,6,8,0.507,,0.697,"May 29, 1981",Houston,Texas
T.J. Ford,8,429,4797,1331,2495,496,55,0.433,0.289,0.815,"Mar 24, 1983",Houston,Texas
Courtney Fortson,1,10,35,15,10,3,0,0.344,0.231,0.667,"May 23, 1988",San Antonio,Texas
Jeff Foster,13,764,3747,5248,703,507,308,0.497,0.13,0.615,"Jan 16, 1977",San Antonio,Texas
Tim Frazier,3,92,643,245,442,74,8,0.418,0.36,0.734,"Nov 01, 1990",Houston,Texas
Daniel Gibson,7,397,3115,792,775,243,86,0.402,0.407,0.78,"Feb 27, 1986",Houston,Texas
Trey Gilder,1,2,2,1,0,1,0,1,,,"Jan 24, 1985",Dallas,Texas
Ricky Grace,1,3,4,1,1,0,0,0.667,,0,"Aug 20, 1967",Dallas,Texas
Gerald Green,10,510,5026,1264,514,272,151,0.419,0.36,0.814,"Jan 26, 1986",Houston,Texas
Jim Hadnot,1,77,1344,936,135,,,0.467,0,0.668,"Jan 15, 1940",Jasper,Texas
John Hargis,2,89,766,66,127,,,0.4,,0.702,"Aug 20, 1920",Nacogdoches,Texas
Mike Harris,4,54,183,116,12,27,12,0.464,0,0.782,"Jun 15, 1983",Hillsboro,Texas
Terrel Harris,2,42,95,77,35,11,5,0.3,0.17,0.677,"Aug 10, 1987",Dallas,Texas
Aaron Harrison,2,25,19,17,4,6,0,0.217,0.25,0.429,"Oct 28, 1994",San Antonio,Texas
Andrew Harrison,1,30,208,70,107,35,17,0.283,0.233,0.784,"Oct 28, 1994",San Antonio,Texas
Bill Henry,2,95,613,,103,,,0.32,,0.641,"Dec 27, 1924",Dallas,Texas
Skeeter Henry,1,4,4,2,4,0,0,0.2,0,0.5,"Dec 8, 1967",Dallas,Texas
Grant Hill,18,1026,17137,6169,4252,1248,576,0.483,0.314,0.769,"Oct 05, 1972",Dallas,Texas
Carroll Hooser,1,56,316,216,29,,,0.431,1,0.711,"Mar 5, 1944",Dallas,Texas
Danuel House,1,1,0,1,0,0,0,,,,"Jun 07, 1993",Houston,Texas
Stephen Howard,4,120,336,173,25,38,28,0.481,,0.631,"Jul 15, 1970",Dallas,Texas
Josh Huestis,1,5,14,10,0,1,2,0.417,0.667,0,"Dec 19, 1991",Webster,Texas
Cedric Hunter,1,1,0,0,0,0,0,,,,"Jan 16, 1965",Wichita Falls,Texas
Luke Jackson,8,522,5170,4613,818,,,0.415,,0.722,"Oct 31, 1941",San Marcos,Texas
Stephen Jackson,14,858,12976,3328,2634,1109,317,0.414,0.333,0.798,"Apr 05, 1978",Houston,Texas
Charles Johnson,7,521,4241,1318,973,534,40,0.429,,0.756,"Mar 31, 1949",Corpus Christi,Texas
George Johnson,4,136,507,684,81,8,8,0.449,,0.539,"Jun 19, 1947",Herleton,Texas
Ivan Johnson,2,125,808,492,78,99,32,0.517,0.158,0.662,"Apr 10, 1984",San Antonio,Texas
Larry Johnson,10,707,11450,5300,2298,515,258,0.484,0.332,0.766,"Mar 14, 1969",Tyler,Texas
Steffond Johnson,1,29,74,43,5,9,2,0.422,0,0.526,"Nov 4, 1962",Longview,Texas
Wesley Johnson,7,452,3589,1525,547,359,310,0.408,0.342,0.751,"Jul 11, 1987",Corsicana,Texas
Damon Jones,11,657,4326,1074,1806,257,20,0.407,0.39,0.727,"Aug 25, 1976",Galveston,Texas
Dwight Jones,10,766,6230,4513,911,429,397,0.471,0.5,0.74,"Feb 27, 1952",Houston,Texas
K.C. Jones*,9,676,5011,2399,2908,,,0.387,,0.647,"May 25, 1932",Taylor,Texas
DeAndre Jordan,9,621,5463,6080,365,375,1123,0.67,0.1,0.428,"Jul 21, 1988",Houston,Texas
Greg Kite,12,680,1717,2607,345,171,414,0.438,0.167,0.486,"Aug 5, 1961",Houston,Texas
Keith Langford,1,2,2,2,0,0,0,0.25,,,"Sep 15, 1983",Fort Worth,Texas
Dave Lattin,5,263,1904,1332,184,,,0.477,0,0.631,"Dec 23, 1943",Houston,Texas
Acie Law,4,188,725,195,309,83,4,0.413,0.235,0.778,"Jan 25, 1985",Dallas,Texas
Grady Lewis,3,139,750,,132,,,0.252,,0.595,"Mar 25, 1917",Boyd,Texas
Alton Lister,16,953,6298,5996,914,351,1473,0.512,0.111,0.597,"Oct 1, 1958",Dallas,Texas
Guy Manning,2,73,604,353,39,,,0.39,0.25,0.576,"Feb 4, 1944",Oakwood,Texas
Cartier Martin,7,243,1229,463,121,97,27,0.392,0.372,0.729,"Nov 20, 1984",Crockett,Texas
Slater Martin*,11,745,7337,2302,3160,,,0.364,,0.762,"Oct 22, 1925",El Mina,Texas
Desmond Mason,10,643,7767,2863,1049,441,230,0.449,0.26,0.74,"Oct 11, 1977",Waxahachie,Texas
Wesley Matthews,8,547,7708,1699,1124,622,102,0.432,0.387,0.828,"Oct 14, 1986",San Antonio,Texas
Sheldon McClellan,1,8,39,7,4,4,1,0.467,0.2,0.818,"Dec 21, 1992",Houston,Texas
Michael McDonald,1,1,0,1,0,0,0,,,,"Feb 13, 1969",Longview,Texas
Ivan McFarlin,1,11,15,11,1,0,0,0.385,0,0.714,"Apr 26, 1982",Missouri City,Texas
Mike McGee,9,520,4968,1112,629,371,49,0.487,0.354,0.597,"Jul 29, 1959",Tyler,Texas
Bill McGill,5,295,3094,1286,330,,,0.514,,0.701,"Sep 16, 1939",San Angelo,Texas
Elton McGriff,2,56,338,258,10,,,0.477,0,0.592,"Aug 21, 1942",Corsicana,Texas
McCoy McLemore,8,580,5130,3161,733,,,0.394,,0.771,"Apr 3, 1942",Houston,Texas
Larry Micheaux,2,96,330,256,49,41,32,0.567,0,0.61,"Mar 24, 1960",Houston,Texas
Jordan Mickey,2,25,43,30,4,1,11,0.429,,0.467,"Jul 09, 1994",Dallas,Texas
C.J. Miles,12,663,6463,1597,780,501,201,0.417,0.355,0.803,"Apr 18, 1987",Dallas,Texas
Oliver Miller,9,493,3625,2893,1061,455,758,0.534,0.116,0.639,"Apr 06, 1970",Fort Worth,Texas
Eric Moreland,2,11,10,12,1,0,4,0.571,,0.5,"Dec 24, 1991",Houston,Texas
Randolph Morris,4,74,140,104,7,13,7,0.426,,0.545,"Jan 02, 1986",Houston,Texas
Toure' Murry,2,56,146,45,50,20,1,0.433,0.417,0.61,"Nov 08, 1989",Houston,Texas
Willie Naulls,10,716,11305,6508,1114,,,0.406,,0.812,"Oct 7, 1934",Dallas,Texas
Emeka Okafor,9,590,7256,5847,512,406,978,0.512,0,0.584,"Sep 28, 1982",Houston,Texas
Kevin Ollie,13,662,2496,1018,1501,335,25,0.41,0.31,0.792,"Dec 27, 1972",Dallas,Texas
Greg Ostertag,11,756,3512,4145,443,189,1293,0.486,0.1,0.569,"Mar 06, 1973",Dallas,Texas
Bo Outlaw,15,914,4970,4437,1441,855,1193,0.567,0.079,0.521,"Apr 13, 1971",San Antonio,Texas
Easy Parham,3,133,712,9,285,,,0.316,,0.522,"Dec 27, 1921",Fort Worth,Texas
Kendrick Perkins,13,781,4211,4531,811,262,903,0.53,0,0.594,"Nov 10, 1984",Nederland,Texas
Gene Phillips,2,31,78,21,14,,,0.37,0.35,0.786,"Oct 25, 1948",Livingston,Texas
Ricky Pierce,16,969,14467,2296,1826,768,147,0.493,0.322,0.875,"Aug 19, 1959",Dallas,Texas
Dexter Pittman,4,50,116,89,9,8,8,0.45,,0.545,"Mar 02, 1988",Rosenberg,Texas
Phil Pressey,3,148,467,216,433,116,15,0.341,0.254,0.63,"Feb 17, 1991",Dallas,Texas
Ronnie Price,11,530,2001,647,942,413,55,0.375,0.305,0.737,"Jun 21, 1983",Friendswood,Texas
Julius Randle,3,110,1280,1071,238,73,44,0.446,0.245,0.702,"Nov 29, 1994",Dallas,Texas
Micheal Ray Richardson,8,556,8253,3056,3899,1463,206,0.457,0.22,0.69,"Apr 11, 1955",Lubbock,Texas
Lawrence Roberts,2,87,334,310,35,44,15,0.452,0,0.688,"Oct 20, 1982",Houston,Texas
Willie Rogers,1,40,85,47,16,,,0.338,0,0.596,"Sep 11, 1945",Nacogdoches,Texas
Quinton Ross,7,458,1863,947,431,263,129,0.419,0.318,0.711,"Apr 30, 1981",Dallas,Texas
Rubin Russell,1,26,141,52,7,,,0.354,0.182,0.61,"Nov 7, 1944",Fort Worth,Texas
Daniel Santiago,4,122,417,260,38,39,47,0.469,,0.685,"Jun 24, 1976",Lubbock,Texas
Jason Sasser,2,14,30,15,4,5,0,0.412,0.333,0.5,"Jan 13, 1974",Denton,Texas
Jeryl Sasser,2,82,204,191,67,48,12,0.303,0.295,0.687,"Feb 13, 1979",Dallas,Texas
DeWayne Scales,3,49,224,140,10,14,5,0.417,0.167,0.628,"Dec 28, 1958",Dallas,Texas
Bill Sharman*,11,711,12665,2793,2101,,,0.426,,0.883,"May 25, 1926",Abilene,Texas
Donald Sidle,4,314,4247,2502,325,,,0.481,0.138,0.717,"Jun 21, 1946",Dallas,Texas
Xavier Silas,1,2,11,4,3,0,0,0.267,0.167,0.667,"Jan 22, 1988",San Antonio,Texas
Jonathon Simmons,2,83,493,151,107,45,15,0.485,0.355,0.743,"Sep 14, 1989",Houston,Texas
Brian Skinner,14,608,2876,2841,288,256,532,0.494,0.333,0.566,"May 19, 1976",Temple,Texas
Reggie Slater,8,259,1450,768,145,91,56,0.484,0,0.629,"Aug 27, 1970",Houston,Texas
Marcus Smart,3,153,1314,581,499,219,44,0.358,0.291,0.71,"Mar 06, 1994",Flower Mound,Texas
Charles Smith,5,142,729,200,124,87,70,0.409,0.288,0.606,"Aug 22, 1975",Fort Worth,Texas
LaBradford Smith,3,183,1218,271,394,142,15,0.432,0.298,0.813,"Apr 3, 1969",Bay City,Texas
Stevin Smith,1,8,14,10,4,1,0,0.333,0.167,1,"Jan 24, 1972",Dallas,Texas
Ken Spain,1,11,24,40,2,,,0.364,,0.471,"Oct 6, 1946",Houston,Texas
Jim Spruill,1,1,2,,0,,,0.333,,,"Feb 26, 1923",Dublin,Texas
Dave Stallworth,8,522,4860,2453,872,31,7,0.438,,0.732,"Dec 20, 1941",Dallas,Texas
D.J. Stephens,1,3,7,5,0,0,0,0.429,,1,"Dec 19, 1990",Killeen,Texas
Fred Taylor,2,88,385,140,69,,,0.364,,0.592,"Feb 5, 1948",Houston,Texas
Terry Teagle,11,687,7982,1803,956,517,127,0.465,0.21,0.792,"Apr 10, 1960",Broaddus,Texas
Ira Terrell,2,127,886,533,144,63,75,0.498,,0.638,"Jun 19, 1954",Dallas,Texas
Kurt Thomas,18,1110,8973,7328,1204,724,841,0.486,0.281,0.76,"Oct 04, 1972",Dallas,Texas
Brooks Thompson,4,168,760,158,281,87,5,0.409,0.376,0.647,"Jul 19, 1970",Dallas,Texas
Darren Tillis,2,124,425,314,42,20,90,0.423,0,0.626,"Feb 23, 1960",Dallas,Texas
Myles Turner,2,89,1068,543,71,48,158,0.512,0.344,0.763,"Mar 24, 1996",Bedford,Texas
B.J. Tyler,1,55,195,62,174,36,2,0.381,0.314,0.7,"Apr 30, 1971",Galveston,Texas
Ben Uzoh,2,60,239,128,130,30,11,0.395,0.333,0.587,"Mar 19, 1988",Houston,Texas
Taurean Waller-Prince,1,18,64,38,12,5,5,0.397,0.292,0.917,"Mar 22, 1994",San Marcos,Texas
Willie Warren,1,19,37,12,27,6,0,0.371,0.333,0.75,"Oct 22, 1989",Dallas,Texas
Spud Webb,12,814,8072,1742,4342,922,111,0.452,0.314,0.848,"Jul 13, 1963",Dallas,Texas
David Wesley,14,949,11842,2405,4159,1280,161,0.424,0.368,0.786,"Nov 14, 1970",San Antonio,Texas
Art Williams,8,548,2892,1712,2397,51,3,0.41,,0.729,"Sep 29, 1939",Bonham,Texas
Micheal Williams,10,413,4533,1050,2385,717,95,0.464,0.227,0.868,"Jul 23, 1966",Dallas,Texas
Rob Williams,2,153,1319,330,825,173,17,0.439,0.274,0.789,"May 5, 1961",Houston,Texas
Sean Williams,4,137,581,472,47,47,162,0.511,0,0.624,"Sep 13, 1986",Houston,Texas
Justise Winslow,2,91,644,460,161,88,30,0.403,0.265,0.669,"Mar 26, 1996",Houston,Texas
Rickie Winslow,1,7,7,7,2,1,0,0.231,0,0.5,"Jul 26, 1964",Houston,Texas
Bracey Wright,2,26,129,39,20,10,1,0.405,0.324,0.794,"Jul 01, 1984",The Colony,Texas
Joe Young,2,57,203,63,75,19,0,0.368,0.213,0.778,"Jun 27, 1992",Houston,Texas
Michael Young,3,49,223,88,24,25,3,0.465,0.296,0.711,"Jan 2, 1961",Houston,Texas
Lance Allred,1,3,3,1,0,0,0,0.25,,0.5,"Feb 02, 1981",Salt Lake City,Utah
Devin Brown,8,465,3352,1288,679,263,58,0.401,0.338,0.776,"Dec 30, 1978",Salt Lake City,Utah
Tom Chambers,16,1107,20049,6703,2283,885,627,0.468,0.307,0.807,"Jun 21, 1959",Ogden,Utah
Devin Durrant,2,63,317,132,85,22,10,0.414,0,0.689,"Oct 20, 1960",Provo,Utah
Arnie Ferrin,3,178,1037,271,278,,,0.332,,0.686,"Jul 29, 1925",Salt Lake City,Utah
Josh Grant,1,53,157,89,24,18,8,0.404,0.279,0.759,"Aug 7, 1967",Salt Lake City,Utah
Travis Hansen,1,41,123,70,19,10,9,0.354,0.3,0.815,"Apr 15, 1978",Provo,Utah
Britton Johnsen,2,26,54,55,16,8,1,0.284,0.063,0.438,"Jul 08, 1979",Salt Lake City,Utah
Jeff Judkins,5,272,1482,427,282,147,26,0.478,0.315,0.812,"Mar 23, 1956",Salt Lake City,Utah
Travis Knight,7,371,1276,1160,224,136,220,0.438,0.259,0.696,"Sep 13, 1974",Salt Lake City,Utah
Steven Kramer,3,124,1048,310,236,,,0.429,0.125,0.78,"Jan 1, 1945",Sandy,Utah
Pace Mannion,6,216,660,259,231,107,21,0.413,0.203,0.663,"Sep 22, 1960",Salt Lake City,Utah
Ariel Maughan,5,259,2043,141,311,,,0.28,,0.712,"Apr 26, 1923",Salt Lake City,Utah
Wat Misaka,1,3,7,,0,,,0.231,,0.333,"Dec 21, 1923",Ogden,Utah
Scot Pollard,11,506,2222,2351,220,299,352,0.494,0,0.709,"Feb 12, 1975",Murray,Utah
Fred Roberts,13,818,5962,2308,977,412,253,0.502,0.325,0.796,"Aug 14, 1960",Provo,Utah
Byron Scott,14,1073,15097,2987,2729,1224,276,0.482,0.37,0.833,"Mar 28, 1961",Ogden,Utah
Danny Vranes,7,510,2613,1998,594,333,270,0.496,0.105,0.57,"Oct 29, 1958",Salt Lake City,Utah
Brady Walker,4,228,1603,549,328,,,0.38,,0.633,"Mar 15, 1921",Provo,Utah
C.J. Wilcox,3,54,121,24,25,13,3,0.388,0.346,0.813,"Dec 30, 1990",Pleasant Grove,Utah
Cory Alexander,7,307,1677,481,834,263,37,0.389,0.354,0.756,"Jun 22, 1973",Waynesboro,Virginia
Justin Anderson,2,82,419,233,49,36,36,0.394,0.28,0.788,"Nov 19, 1993",Montross,Virginia
Jerrelle Benimon,1,2,0,3,0,0,0,,,,"Aug 01, 1991",Warrenton,Virginia
Keith Bogans,11,671,4257,1817,866,429,68,0.394,0.353,0.716,"May 12, 1980",Alexandria,Virginia
Cal Bowdler,3,142,424,272,29,42,45,0.404,0.182,0.768,"Mar 31, 1977",Sharps,Virginia
Dennis Boyd,1,5,6,2,7,0,0,0.25,,,"May 21, 1954",Portsmouth,Virginia
Allan Bristow,10,695,5450,2787,2219,514,42,0.46,0.281,0.801,"Aug 23, 1951",Richmond,Virginia
Bimbo Coles,14,852,6628,1820,3313,735,134,0.425,0.267,0.811,"Apr 22, 1968",Covington,Virginia
Dell Curry,16,1083,12670,2617,1909,985,238,0.457,0.402,0.843,"Jun 25, 1964",Harrisonburg,Virginia
Bob Dandridge,13,839,15530,5715,2846,661,303,0.484,0.167,0.78,"Nov 15, 1947",Richmond,Virginia
Troy Daniels,4,115,659,122,65,25,6,0.414,0.411,0.792,"Jul 15, 1991",Roanoke,Virginia
Jesse Dark,1,47,170,37,30,3,1,0.471,,0.55,"Sep 2, 1951",Richmond,Virginia
Mark Davis,1,33,127,37,14,13,5,0.48,0.1,0.824,"Jun 8, 1963",Chesapeake,Virginia
Terry Davis,10,480,3061,2887,273,183,149,0.472,0.158,0.605,"Jun 17, 1967",Danville,Virginia
Andre Dawkins,1,4,3,2,1,0,0,0.167,0.167,,"Sep 19, 1991",Fairfax,Virginia
Roy Ebron,1,40,249,176,19,16,32,0.488,0,0.512,"Aug 31, 1951",Norfolk,Virginia
Ray Epps,1,13,26,5,2,1,0,0.435,,0.75,"Aug 20, 1956",Amelia,Virginia
Dorian Finney-Smith,1,28,155,78,27,15,10,0.423,0.351,0.783,"May 04, 1993",Portsmouth,Virginia
William Franklin,3,107,657,400,65,6,5,0.415,0.25,0.601,"Oct 19, 1949",Norfolk,Virginia
Justin Harper,2,19,33,13,2,3,3,0.317,0.273,0.333,"Aug 30, 1989",Richmond,Virginia
Player,Yrs,G,PTS,TRB,AST,STL,BLK,FG%,3P%,FT%,Date,City,Virginia
Bernie Harris,1,11,5,8,1,0,1,0.182,,0.5,"Nov 26, 1950",Roanoke,Virginia
Gerald Henderson,13,871,7773,1453,3141,939,98,0.472,0.332,0.776,"Jan 16, 1956",Richmond,Virginia
Allen Iverson*,14,914,24368,3394,5624,1983,164,0.425,0.313,0.78,"Jun 07, 1975",Hampton,Virginia
Michael Jackson,3,89,188,70,198,28,5,0.369,0.273,0.675,"Jul 13, 1964",Fairfax,Virginia
Keith Jennings,3,164,1090,248,614,164,2,0.436,0.374,0.852,"Nov 2, 1968",Culpepper,Virginia
Jerome Kersey,17,1153,11825,6339,2134,1439,799,0.465,0.201,0.69,"Jun 26, 1962",Clarksville,Virginia
John Kuester,3,135,451,141,305,83,3,0.427,0,0.833,"Feb 6, 1955",Richmond,Virginia
Jeremy Lamb,5,232,1764,657,257,126,70,0.434,0.328,0.809,"May 30, 1992",Henrico Valley,Virginia
Meyers Leonard,5,253,1459,1019,198,39,85,0.474,0.371,0.825,"Feb 27, 1992",Woodbridge,Virginia
George Lynch,12,774,5109,3902,1121,817,258,0.446,0.306,0.652,"Sep 03, 1970",Roanoke,Virginia
Vernon Macklin,1,23,46,34,5,4,4,0.543,,0.571,"Sep 20, 1986",Portsmouth,Virginia
Moses Malone*,21,1455,29580,17834,1936,1199,1889,0.495,0.096,0.76,"Mar 23, 1955",Petersburg,Virginia
Kendall Marshall,4,160,802,253,779,107,10,0.399,0.37,0.611,"Aug 19, 1991",Dumfries,Virginia
Tony Massenburg,13,683,4238,2964,266,261,322,0.47,0.091,0.705,"Jul 31, 1967",Sussex,Virginia
James Michael McAdoo,3,69,196,107,22,16,20,0.524,0.2,0.519,"Jan 04, 1993",Norfolk,Virginia
Guy Morgan,1,8,15,17,7,2,0,0.292,,0.25,"Aug 23, 1960",Virginia Beach,Virginia
Isaiah Morris,1,25,55,12,4,3,1,0.456,,0.75,"Apr 2, 1969",Richmond,Virginia
Alonzo Mourning*,15,838,14311,7137,946,414,2356,0.527,0.247,0.692,"Feb 08, 1970",Chesapeake,Virginia
Johnny Newman,16,1159,12740,2536,1688,1064,246,0.461,0.336,0.81,"Nov 28, 1963",Danville,Virginia
Jim O'Brien,2,58,268,138,87,41,26,0.429,0.2,0.747,"Nov 7, 1951",Falls Church,Virginia
Player,Yrs,G,PTS,TRB,AST,STL,BLK,FG%,3P%,FT%,Date,City,Virginia
Jim Palmer,3,196,1595,1040,165,,,0.413,,0.703,"Jun 8, 1933",Keokee,Virginia
Ron Perry,3,187,2228,517,420,,,0.382,0.343,0.702,"Dec 29, 1943",Garrisonville,Virginia
David Pope,2,33,62,29,9,5,4,0.356,0.5,0.529,"Apr 15, 1962",Newport News,Virginia
Paul Pressey,11,724,7664,2798,3715,997,428,0.485,0.222,0.749,"Dec 24, 1958",Richmond,Virginia
J.R. Reid,11,672,5680,3381,639,514,264,0.472,0.135,0.716,"Mar 31, 1968",Virginia Beach,Virginia
Ralph Sampson*,9,456,7039,4011,1038,390,752,0.486,0.172,0.661,"Jul 7, 1960",Harrisonburg,Virginia
Mike Scott,5,268,1954,813,246,84,29,0.464,0.342,0.785,"Jul 16, 1988",Chesapeake,Virginia
Ed Sherod,1,64,395,149,311,96,14,0.406,0.077,0.65,"Sep 13, 1959",Richmond,Virginia
Joe Smith,16,1030,11208,6575,1010,606,868,0.455,0.238,0.79,"Jul 26, 1975",Norfolk,Virginia
Rory Sparrow,12,836,7557,1755,4192,828,103,0.466,0.26,0.797,"Jun 12, 1958",Suffolk,Virginia
Bruce Spraggins,1,70,852,329,66,,,0.446,0.4,0.708,,Williamsburg,Virginia
Bryant Stith,10,586,5946,1983,1178,594,130,0.424,0.329,0.841,"Dec 10, 1970",Emporia,Virginia
Sam Stith,1,32,141,51,60,,,0.364,,0.605,"Jul 22, 1937",Greenville County,Virginia
Tom Stith,1,25,77,39,18,,,0.336,,0.3,"Jan 21, 1939",Greenville County,Virginia
Julyan Stone,3,47,61,48,51,12,6,0.44,0.211,0.722,"Dec 07, 1988",Alexandria,Virginia
Lamont Strothers,2,13,60,15,14,9,1,0.329,0.133,0.714,"May 10, 1968",Nansemond County,Virginia
Skeeter Swift,5,283,3279,631,820,3,0,0.445,0.298,0.841,"Jun 19, 1946",Alexandria,Virginia
Linton Townes,3,60,257,67,32,20,7,0.44,0.36,0.75,"Nov 30, 1959",Richmond,Virginia
Ronnie Valentine,1,24,84,30,7,7,4,0.378,0.5,0.474,"Nov 27, 1957",Norfolk,Virginia
Jarvis Varnado,2,37,107,72,16,11,31,0.582,,0.518,"Mar 01, 1988",Fairfax,Virginia
Player,Yrs,G,PTS,TRB,AST,STL,BLK,FG%,3P%,FT%,Date,City,Virginia
Jimmy Walker,9,698,11655,1860,2429,253,36,0.461,,0.829,"Apr 8, 1944",Amherst,Virginia
Jamie Waller,1,9,42,13,3,4,1,0.4,0,0.556,"Nov 20, 1964",South Boston,Virginia
Wilson Washington,2,100,731,450,57,49,104,0.497,,0.605,"Aug 3, 1955",Norfolk,Virginia
Briante Weber,1,7,31,25,21,9,3,0.359,0,0.75,"Dec 29, 1992",Chesapeake,Virginia
Mark West,17,1090,6259,5347,428,326,1403,0.58,0,0.568,"Nov 5, 1960",Petersburg,Virginia
John Wetzel,7,357,1215,682,494,133,30,0.429,,0.81,"Oct 22, 1944",Waynesboro,Virginia
Monty Williams,9,456,2884,1296,544,251,137,0.481,0.111,0.665,"Oct 08, 1971",Fredericksburg,Virginia
Reggie Williams,7,205,1596,493,301,88,13,0.456,0.366,0.75,"Sep 14, 1986",Prince George,Virginia
Troy Williams,1,24,127,44,19,24,9,0.418,0.244,0.6,"Dec 30, 1994",Hampton,Virginia
Othell Wilson,2,127,535,212,424,119,16,0.454,0.176,0.746,"Oct 26, 1961",Alexandria,Virginia
Ricky Wilson,1,24,125,27,69,23,3,0.391,0.385,0.725,"Jul 16, 1964",Hampton,Virginia
Byron Beck,10,747,8603,5261,978,170,43,0.505,0.295,0.811,"Jan 25, 1945",Ellensburg,Washingon
Gale Bishop,1,56,467,,92,,,0.325,,0.651,"Jun 4, 1922",Sumas,Washingon
Avery Bradley,7,386,4617,1136,652,410,83,0.442,0.367,0.779,"Nov 26, 1990",Tacoma,Washingon
Jon Brockman,3,150,320,472,49,33,9,0.488,0,0.618,"Mar 20, 1987",Snohomish,Washingon
Aaron Brooks,9,575,6005,1022,1841,344,82,0.413,0.368,0.841,"Jan 14, 1985",Seattle,Washingon
Larry Bunce,2,129,1142,821,94,,,0.42,0,0.716,"Jul 29, 1945",Tacoma,Washingon
Kevin Burleson,1,39,70,26,48,26,2,0.25,0.185,0.941,"Apr 09, 1979",Seattle,Washingon
Mike Champion,1,2,0,0,0,0,0,0,0,,"Apr 5, 1964",Everett,Washingon
Doug Christie,15,827,9301,3382,2992,1555,392,0.426,0.354,0.821,"May 09, 1970",Seattle,Washingon
John Coker,3,25,41,29,3,2,3,0.409,,0.833,"Oct 28, 1971",Richland,Washingon
Jamal Crawford,17,1129,17417,2679,3973,1062,239,0.41,0.349,0.862,"Mar 20, 1980",Seattle,Washingon
Rod Derline,2,107,518,86,71,34,5,0.419,,0.786,"Mar 11, 1952",Elma,Washingon
James Edwards,19,1168,14862,6004,1499,420,867,0.495,0.048,0.698,"Nov 22, 1955",Seattle,Washingon
Richie Frahm,4,140,502,164,83,37,10,0.411,0.356,0.81,"Aug 14, 1977",Battle Ground,Washingon
Bernie Fryer,2,120,756,227,357,120,10,0.447,0,0.786,"Dec 25, 1949",Bellingham,Washingon
Joe Harris,3,83,405,131,62,28,4,0.425,0.372,0.712,"Sep 07, 1991",Chelan,Washingon
Spencer Hawes,10,652,5739,3790,1226,258,637,0.456,0.35,0.71,"Apr 28, 1988",Seattle,Washingon
Steve Hawes,10,688,5768,4272,1288,518,314,0.483,0.298,0.79,"May 26, 1950",Seattle,Washingon
Mark Hendrickson,4,114,381,316,63,50,15,0.416,0.167,0.803,"Jun 23, 1974",Mount Vernon,Washingon
Mike Holton,6,325,2016,459,977,208,30,0.441,0.257,0.807,"Aug 4, 1961",Seattle,Washingon
George Irvine,6,325,3093,959,428,60,28,0.517,0.274,0.826,"Feb 1, 1948",Seattle,Washingon
Cory Jefferson,2,58,205,161,16,10,22,0.444,0.125,0.583,"Dec 26, 1990",Tacoma,Washingon
Zach LaVine,3,186,2486,527,612,145,34,0.446,0.376,0.826,"Mar 10, 1995",Renton,Washingon
Rich Manning,2,55,182,94,10,7,8,0.415,0.4,0.643,"Jun 23, 1970",Tacoma,Washingon
Paul Mokeski,12,694,2764,2342,500,228,307,0.451,0.216,0.694,"Jan 3, 1957",Spokane,Washingon
Darren Morningstar,1,23,96,81,15,14,2,0.476,,0.6,"Apr 22, 1969",Stevenson,Washingon
Dejounte Murray,1,11,14,6,8,0,0,0.286,0.5,0.5,"Sep 19, 1996",Seattle,Washingon
Brian Quinnett,3,138,474,224,76,41,25,0.414,0.326,0.677,"May 30, 1966",Pullman,Washingon
Mark Radford,2,97,347,76,161,50,6,0.507,0.286,0.458,"Jul 5, 1959",Tacoma,Washingon
Blair Rasmussen,8,532,5119,3006,467,210,484,0.472,0.257,0.767,"Nov 13, 1962",Auburn,Washingon
Craig Raymond,5,241,1658,1510,327,,,0.452,0,0.631,"Apr 5, 1945",Aberdeen,Washingon
Clint Richardson,8,586,4084,1378,1461,360,105,0.463,0.244,0.77,"Aug 7, 1956",Seattle,Washingon
Nate Robinson,11,618,6807,1446,1826,543,42,0.423,0.36,0.796,"May 31, 1984",Seattle,Washingon
Brandon Roy,6,326,6136,1388,1517,335,76,0.459,0.348,0.8,"Jul 23, 1984",Seattle,Washingon
Dale Schlueter,10,586,3130,3034,920,67,91,0.497,,0.678,"Nov 12, 1945",Tacoma,Washingon
Peyton Siva,1,24,54,14,34,9,1,0.316,0.28,0.733,"Oct 24, 1990",Seattle,Washingon
David Stockton,1,3,8,2,9,2,0,0.333,0.5,0.5,"Jun 24, 1991",Spokane,Washingon
John Stockton*,19,1504,19711,4051,15806,3265,315,0.515,0.384,0.826,"Mar 26, 1962",Spokane,Washingon
Randy Stoll,1,25,142,91,12,,,0.478,,0.4,,Seattle,Washingon
John Stroeder,2,46,82,85,23,3,14,0.369,0,0.667,"Jul 24, 1958",Bremerton,Washingon
Rodney Stuckey,10,628,8056,1874,2284,559,94,0.425,0.299,0.825,"Apr 21, 1986",Seattle,Washingon
Jason Terry,18,1307,18474,3145,5287,1521,247,0.444,0.378,0.845,"Sep 15, 1977",Seattle,Washingon
Isaiah Thomas,6,389,6877,998,1974,383,37,0.437,0.362,0.867,"Feb 07, 1989",Tacoma,Washingon
Bryan Warrick,4,169,677,218,437,80,19,0.443,0.208,0.747,"Jul 22, 1959",Moses Lake,Washingon
Martell Webster,10,580,5056,1811,588,299,160,0.418,0.382,0.791,"Dec 04, 1986",Edmonds,Washingon
Marcus Williams,2,13,14,12,3,1,1,0.318,,,"Nov 18, 1986",Seattle,Washingon
Marvin Williams,12,808,8512,4216,1049,613,402,0.444,0.354,0.802,"Jun 19, 1986",Bremerton,Washingon
Milt Williams,4,72,258,64,137,35,0,0.437,,0.674,"Nov 22, 1945",Seattle,Washingon
Terrence Williams,4,153,1085,545,364,83,19,0.412,0.317,0.659,"Jun 28, 1987",Seattle,Washingon
David Wood,7,412,1602,1004,291,164,76,0.449,0.338,0.785,"Nov 30, 1964",Spokane,Washingon
Tom Workman,4,125,774,325,75,,,0.447,0.174,0.788,"Nov 14, 1944",Seattle,Washingon
Tony Wroten,4,145,1604,363,437,137,28,0.413,0.231,0.647,"Apr 13, 1993",Seattle,Washingon
Phil Zevenbergen,1,8,30,13,3,3,1,0.556,,0,"Apr 13, 1964",Seattle,Washingon
Jerome Anderson,2,49,127,25,16,9,5,0.49,,0.694,"Oct 9, 1953",Mullens,West Virginia
Mike Barrett,3,187,2500,592,730,,,0.44,0.31,0.746,"Sep 5, 1943",Montgomery,West Virginia
Mike D'Antoni,4,180,605,262,363,215,41,0.414,0,0.735,"May 8, 1951",Mullens,West Virginia
Henry Dickerson,2,23,45,5,19,3,1,0.366,,0.625,"Nov 27, 1951",Berkley,West Virginia
Hal Greer*,15,1122,21586,5665,4540,,,0.452,,0.801,"Jun 26, 1936",Huntington,West Virginia
Gary Gregor,6,361,3227,2286,482,4,1,0.436,0.75,0.725,"Aug 13, 1945",Charlestown,West Virginia
Marshall Hawkins,1,39,152,,51,,,0.282,,0.689,"Aug 3, 1924",Huntington,West Virginia
Hot Rod Hundley,6,431,3625,1420,1455,,,0.347,,0.721,"Oct 26, 1934",Charleston,West Virginia
Dave Jamerson,3,90,306,77,61,23,1,0.392,0.277,0.86,"Aug 13, 1967",Clarksburg,West Virginia
Dwayne Jones,5,82,107,191,12,11,29,0.508,0,0.494,"Jun 09, 1983",Morgantown,West Virginia
Earl Jones,2,14,13,10,4,0,1,0.385,,0.75,"Jan 13, 1961",Oak Hill,West Virginia
George King,6,411,4219,1606,1958,,,0.382,,0.642,"Aug 16, 1928",Charleston,West Virginia
Freddie Lewis,11,750,12033,2752,2979,373,23,0.432,0.28,0.817,"Jul 1, 1943",Huntington,West Virginia
O.J. Mayo,8,547,7574,1706,1607,559,141,0.429,0.373,0.82,"Nov 05, 1987",Huntington,West Virginia
Al Salvadori,1,17,54,46,4,,,0.362,1,0.688,"May 6, 1945",Wheeling,West Virginia
Kevin Salvadori,2,39,42,45,13,2,24,0.283,,0.667,"Dec 30, 1970",Wheeling,West Virginia
Tamar Slay,3,66,173,70,31,26,4,0.361,0.265,0.538,"Apr 02, 1980",Beckley,West Virginia
Rod Thorn,8,466,5012,1463,1214,,,0.433,,0.723,"May 23, 1941",Princeton,West Virginia
Henry Walker,5,181,1079,401,153,93,27,0.446,0.369,0.76,"Oct 09, 1987",Huntington,West Virginia
Jerry West*,14,932,25192,5366,6238,81,23,0.474,,0.814,"May 28, 1938",Chelyan,West Virginia
Deron Williams,12,802,13395,2520,6597,847,200,0.444,0.356,0.823,"Jun 26, 1984",Parkersburg,West Virginia
Jason Williams,12,788,8266,1810,4611,933,60,0.398,0.327,0.813,"Nov 18, 1975",Belle,West Virginia
Ron Williams,8,516,4797,971,1818,75,4,0.441,,0.833,"Sep 24, 1944",Weirton,West Virginia
Mark Workman,2,79,386,230,44,,,0.331,,0.618,"Mar 10, 1930",Charleston,West Virginia
Bob Anderegg,1,33,133,69,29,,,0.385,,0.548,"Aug 24, 1937",Monroe,Wisconsin
Tony Bennett,3,152,538,155,303,69,1,0.412,0.335,0.732,"Jun 1, 1969",Green Bay,Wisconsin
Vander Blue,2,5,27,12,9,3,0,0.324,0.182,0.3,"Jul 17, 1992",Milwaukee,Wisconsin
Fred Brown,13,963,14018,2637,3160,1149,166,0.478,0.373,0.858,"Aug 7, 1948",Milwaukee,Wisconsin
Brian Brunkhorst,1,3,25,13,3,,,0.545,,0.765,"Jun 12, 1945",Owen,Wisconsin
Rodney Buford,5,230,1472,598,179,115,31,0.412,0.3,0.758,"Nov 02, 1977",Milwaukee,Wisconsin
Caron Butler,14,881,12430,4387,2007,1163,216,0.434,0.348,0.847,"Mar 13, 1980",Racine,Wisconsin
Dwight Buycks,2,20,95,35,24,11,0,0.375,0.429,0.895,"Mar 06, 1989",Milwaukee,Wisconsin
Anthony Carter,13,623,3009,1302,2363,601,115,0.404,0.25,0.706,"Jun 16, 1975",Milwaukee,Wisconsin
Jim Chones,10,788,9821,6427,1292,391,774,0.478,0,0.68,"Nov 30, 1949",Racine,Wisconsin
Jeffrey Congdon,5,306,1995,601,1002,,,0.377,0.285,0.799,"Oct 17, 1943",Elkhorn,Wisconsin
Sam Dekker,2,33,207,122,35,18,9,0.494,0.348,0.586,"May 06, 1994",Sheboygan,Wisconsin
Travis Diener,5,179,854,243,432,76,9,0.388,0.353,0.847,"Mar 01, 1982",Fond du Lac,Wisconsin
Patrick Eddie,1,4,4,1,0,0,0,0.222,,,"Dec 27, 1967",Milwaukee,Wisconsin
Henry Ellenson,1,8,11,8,1,0,0,0.364,0.375,,"Jan 13, 1997",Rice Lake,Wisconsin
Gene Englund,1,46,360,,41,,,0.38,,0.792,"Oct 21, 1917",Kenosha,Wisconsin
Reece Gaines,3,71,123,53,50,17,3,0.324,0.269,0.606,"Jan 07, 1981",Madison,Wisconsin
Diante Garrett,2,90,288,112,151,51,5,0.373,0.351,0.682,"Nov 03, 1988",Milwaukee,Wisconsin
Bud Grant,2,96,249,115,90,,,0.318,,0.59,"May 20, 1927",Superior,Wisconsin
Steve Green,4,205,1179,494,161,102,27,0.441,0,0.73,"Oct 4, 1953",Madison,Wisconsin
Jay Guidinger,2,64,98,97,20,13,15,0.402,,0.609,"Aug 18, 1969",Milwaukee,Wisconsin
Devin Harris,13,794,9181,1810,3477,882,159,0.437,0.323,0.795,"Feb 27, 1983",Milwaukee,Wisconsin
Mark Jones,1,10,23,13,6,5,2,0.29,0,0.5,"May 25, 1975",Milwaukee,Wisconsin
Don Kojis,12,814,9948,4555,1112,89,16,0.446,,0.72,"Jan 15, 1939",Milwaukee,Wisconsin
Wayne Kreklow,1,25,30,12,9,2,1,0.234,0.25,0.7,"Jan 4, 1957",Neenah,Wisconsin
Carl Landry,9,513,5541,2533,355,216,203,0.535,0.3,0.785,"Sep 19, 1983",Milwaukee,Wisconsin
Marcus Landry,1,18,44,19,0,1,2,0.372,0.321,0.6,"Nov 01, 1985",Milwaukee,Wisconsin
Steve Lingenfelter,2,10,10,16,5,1,3,0.714,,0,"Jun 10, 1958",Eau Claire,Wisconsin
Kevon Looney,2,30,86,76,12,5,13,0.627,0.333,0.588,"Feb 06, 1996",Milwaukee,Wisconsin
Ray McCallum,3,154,920,306,368,79,27,0.408,0.335,0.711,"Jun 12, 1991",Madison,Wisconsin
Jim McIlvaine,7,401,1072,1243,105,136,691,0.446,0.1,0.551,"Jul 30, 1972",Racine,Wisconsin
Chuck Mencel,2,141,983,347,333,,,0.341,,0.765,"Apr 21, 1933",Phillips,Wisconsin
John Mengelt,10,636,6218,1221,1329,324,28,0.479,0,0.809,"Oct 16, 1949",Lacrosse,Wisconsin
Chris Mihm,8,436,3262,2302,223,128,444,0.459,0.231,0.704,"Jul 16, 1979",Milwaukee,Wisconsin
Dick Miller,1,8,8,7,5,4,0,0.444,0,,"Apr 26, 1958",Milwaukee,Wisconsin
Tony Mitchell,1,21,22,26,2,6,3,0.417,1,0.579,"Apr 07, 1992",Milwaukee,Wisconsin
Kurt Nimphius,8,564,3602,2474,681,191,696,0.487,0.1,0.668,"Mar 13, 1958",Milwaukee,Wisconsin
Terry Porter,17,1274,15586,3872,7160,1583,181,0.463,0.386,0.836,"Apr 8, 1963",Milwaukee,Wisconsin
Alex Scales,1,1,0,0,0,0,0,,,,"Jul 03, 1978",Racine,Wisconsin
Frank Schade,1,9,10,6,10,,,0.286,,1,"Jan 22, 1950",Wausau,Wisconsin
Jerry Smith,1,5,7,7,4,5,0,0.214,0.167,,"Sep 26, 1987",Wauwatosa,Wisconsin
Tony Smith,9,457,2504,735,881,319,79,0.431,0.307,0.69,"Jun 14, 1968",Wauwatosa,Wisconsin
Latrell Sprewell,13,913,16712,3724,3664,1294,399,0.425,0.337,0.804,"Sep 08, 1970",Milwaukee,Wisconsin
Greg Stiemsma,4,203,641,679,97,118,232,0.509,0,0.705,"Sep 26, 1985",Randolph,Wisconsin
Diamond Stone,1,4,6,3,0,0,1,0.222,,1,"Feb 10, 1997",Milwaukee,Wisconsin
Nick Van Exel,13,880,12658,2545,5777,726,92,0.405,0.357,0.794,"Nov 27, 1971",Kenosha,Wisconsin
Logan Vander Velden,1,15,9,6,1,0,0,0.214,0,0.75,"Apr 03, 1971",Valders,Wisconsin
Kyle Weaver,3,73,363,158,119,55,33,0.441,0.353,0.736,"Feb 18, 1986",Janesville,Wisconsin
Mike Wilks,7,233,591,228,271,82,10,0.402,0.321,0.741,"May 07, 1979",Milwaukee,Wisconsin
Joe Wolf,11,592,2485,1933,596,257,131,0.423,0.164,0.77,"Dec 17, 1964",Kohler,Wisconsin
Mike Dabich,1,10,20,13,2,,,0.667,,0.444,"Dec 27, 1942",Lander,Wyoming
Vern Gardner,3,151,1339,349,245,,,0.344,,0.748,"May 14, 1925",Afton,Wyoming
James Johnson,8,423,2851,1374,646,306,396,0.478,0.277,0.692,"Feb 20, 1987",Cheyenne,Wyoming
John Pilch,1,9,5,9,2,,,0.1,,0.5,"Jul 11, 1925",Sheridan,Wyoming
Kenny Sailors,5,276,3480,120,781,,,0.329,,0.712,"Jan 14, 1921",Hillsdale,Wyoming
Floyd Volker,1,54,397,,112,,,0.309,,0.55,"Jun 21, 1921",Casper,Wyoming
Michael Adams,11,653,9621,1900,4209,1081,67,0.415,0.332,0.849,"Jan 19, 1963",Hartford,Connecticut
Chuck Aleksinas,1,74,377,270,36,15,15,0.478,0,0.733,"Feb 26, 1959",Litchfield,Connecticut
Courtney Alexander,3,187,1690,409,227,111,18,0.422,0.339,0.813,"Apr 27, 1977",Bridgeport,Connecticut
John Bagley,11,665,5802,1729,3980,755,54,0.437,0.241,0.779,"Apr 23, 1960",Bridgeport,Connecticut
Scott Burrell,8,383,2647,1332,527,341,180,0.418,0.373,0.723,"Jan 12, 1971",New Haven,Connecticut
Marcus Camby,17,973,9262,9513,1837,967,2331,0.466,0.205,0.67,"Mar 22, 1974",Hartford,Connecticut
Keith Closs,3,130,502,372,44,28,163,0.471,0,0.606,"Apr 03, 1976",Hartford,Connecticut
Chris Dudley,16,886,3473,5457,375,334,1027,0.412,0,0.458,"Feb 22, 1965",Stamford,Connecticut
Kris Dunn,1,38,150,82,94,37,16,0.38,0.294,0.619,"Mar 18, 1994",New London,Connecticut
Johnny Egan,11,712,5521,1294,2102,,,0.429,,0.805,"Jan 31, 1939",Hartford,Connecticut
John Garris,1,33,131,77,10,8,6,0.51,,0.794,"Jun 6, 1959",Bridgeport,Connecticut
Michael Gbinije,1,8,4,3,2,0,0,0.1,0,1,"Jun 05, 1992",Hartford,Connecticut
Mike Gminski,14,938,10953,6480,1203,507,989,0.465,0.122,0.843,"Aug 3, 1959",Monroe,Connecticut
Ryan Gomes,8,487,4926,2239,712,351,78,0.445,0.349,0.799,"Sep 01, 1982",Waterbury,Connecticut
Jim Johnstone,1,23,31,46,11,3,7,0.367,,0.45,"Sep 20, 1960",New Canaan,Connecticut
Bruce Kuczenski,1,15,28,23,8,1,1,0.27,,0.667,"Feb 3, 1961",Bristol,Connecticut
Rick Mahorn,18,1117,7763,6957,1082,633,1007,0.493,0.132,0.704,"Sep 21, 1958",Hartford,Connecticut
Tharon Mayes,1,24,99,16,35,16,2,0.303,0.366,0.667,"Sep 9, 1968",New Haven,Connecticut
Calvin Murphy*,13,1002,17949,2103,4402,1165,51,0.482,0.139,0.892,"May 9, 1948",Norwalk,Connecticut
Jay Murphy,4,67,160,111,13,8,7,0.332,0,0.607,"Jun 26, 1962",Meriden,Connecticut
Bob Nash,5,236,1103,538,159,63,45,0.429,0,0.729,"Aug 24, 1950",Hartford,Connecticut
Frank Oleynick,2,102,508,90,113,34,10,0.386,,0.708,"Feb 20, 1955",Bridgeport,Connecticut
Worthy Patterson,1,4,7,2,2,,,0.375,,0.5,"Jun 17, 1931",New Haven,Connecticut
John Pinone,1,7,20,10,3,2,1,0.538,,0.6,"Feb 19, 1961",Hartford,Connecticut
Charles Smith,9,564,8107,3246,798,462,789,0.475,0.194,0.774,"Jul 16, 1965",Bridgeport,Connecticut
Chris Smith,3,224,1140,291,627,118,56,0.435,0.366,0.713,"May 17, 1970",Bridgeport,Connecticut
Will Solomon,2,115,584,132,225,62,11,0.378,0.298,0.692,"Jul 20, 1978",Hartford,Connecticut
Greg Stokes,2,42,130,62,17,14,11,0.445,0,0.696,"Aug 5, 1963",New Haven,Connecticut
Corny Thompson,1,44,122,120,34,12,7,0.314,,0.783,"Feb 5, 1960",Middletown,Connecticut
Tyson Wheeler,1,1,4,0,2,0,0,1,1,0.5,"Oct 08, 1975",New Britain,Connecticut
Jordan Williams,1,43,197,156,11,21,15,0.507,,0.652,"Oct 11, 1990",Torrington,Connecticut
Sly Williams,7,305,3327,1287,603,328,55,0.478,0.162,0.692,"Jan 26, 1958",New Haven,Connecticut
John Williamson,8,516,9017,1274,1441,553,138,0.458,0.234,0.826,"Nov 10, 1951",New Haven,Connecticut
